EC06_VJ	Number_AA	H_AA	Hnorm_AA	AA	Reads_AA
TRBV10-2.TRBJ2-5	1	0.0	0	'CASSGARQETQYF'	2
TRBV10-2.TRBJ2-7	3	1.5	0.946394630357	'CASSEEGYEQYF', 'CASTWDYSYEQYF', 'CASRGQYEQYF'	2, 1, 1
TRBV10-2.TRBJ2-6	1	0.0	0	'CASSVSSGANVLTF'	1
TRBV10-2.TRBJ2-3	3	1.5	0.946394630357	'CASSRTSGRTDTQYF', 'CASSGLGKDTQYF', 'CASSETSIRDTQYF'	2, 1, 1
TRBV6-7.TRBJ1-4	4	0.822574662604	0.411287331302	'CASSQPGTGWEKLFF', 'CASSQPGTGWEKRFF', 'CASSQPGTGWEKLFC', 'CASSQPGTGWEKRFC'	96, 12, 4, 2
TRBV10-1.TRBJ2-2	1	0.0	0	'CASSVQKIGELFF'	1
TRBV5-8.TRBJ1-2	1	0.0	0	'CASSFFPARHGYTF'	1
TRBV10-1.TRBJ2-7	1	0.0	0	'CASSEFQGGAYEQYF'	1
TRBV4-1.TRBJ1-5	2	1.0	1.0	'CASSQVLSSNQPQHF', 'CASSQGQQPQHF'	1, 1
TRBV4-1.TRBJ1-4	6	1.4263629279	0.551792502795	'CASSGPELVLFF', 'CASSGPELVRFF', 'CASSPGWREEKLFF', 'CASSGPELVLFC', 'CASSGPELVRFC', 'CASSPGWREEKLFC'	39, 5, 4, 4, 1, 1
TRBV4-1.TRBJ1-6	6	1.51542415929	0.586246090172	'CASSQATGVNSPLHF', 'CASSQATGVKSPLHF', 'CASSPTPYREALHF', 'CASSQATGGKSPLHF', 'CASSQEGGGWSPLHF', 'CASSQDRGISRSPLHF'	19, 3, 2, 1, 1, 1
TRBV4-1.TRBJ1-1	7	2.725480557	0.970835762726	'CASSQDRDTEAFF', 'CASSRDSRLNTEAFF', 'CASTPQDRPQFKGTEAFF', 'CASSQVSPNWNTEACF', 'CASSRDSRLNTEACF', 'CASSQAGGAFF', 'CASSQVSPNWNTEAFF'	2, 2, 1, 1, 1, 1, 1
TRBV4-1.TRBJ1-3	4	2.0	1.0	'CASSQDGGFSGNTIYV', 'CASSQGGGFSGNTIYV', 'CASSQGGGFSGNTIYF', 'CASSQDGGFSGNTIYF'	1, 1, 1, 1
TRBV4-1.TRBJ1-2	6	2.31582433353	0.895883144486	'CASSQARKGANGYTF', 'CASSQRDSMIYGYTF', 'CASSQGQGARGYTF', 'CASSQQGGGYGYTF', 'CASSLWGGDANYGYTF', 'CASSPAAVSYRPNYGYTF'	4, 4, 2, 1, 1, 1
TRBV4-1.TRBJ2-6	1	0.0	0	'CASSQDVRSPGANVLTF'	1
TRBV4-1.TRBJ2-7	8	1.9617863566	0.653928785532	'CASSQEPLAGTYEQYF', 'CASSHPGGDYEQYF', 'CASSQDHLWRRGFTYEQYF', 'CASSRVLPYEQYF', 'CASSQGQGVGEQYF', 'CASSQVQGYEQYF', 'CASSHPGGEYEQYF', 'CASSQDYRTSWDEQYF'	22, 3, 2, 2, 2, 2, 1, 1
TRBV4-1.TRBJ2-5	4	2.0	1.0	'CASSQDSIPGAQYF', 'CASSQEGKAGVRQETQYF', 'CASSQVRQETQYF', 'CASSQVRGVGTQYF'	1, 1, 1, 1
TRBV4-1.TRBJ2-2	4	1.92192809489	0.960964047444	'CASSQAAGTSGTGELFF', 'CASSPEYRGATGELVF', 'CASSQEARDTGELFF', 'CASSPEYRGATGELFF'	2, 1, 1, 1
TRBV4-1.TRBJ2-3	4	0.597454723166	0.298727361583	'CASSQDWRGVGTDTQYF', 'CASSHRTESTDTQYF', 'CASSQDTGSTDTQYF', 'CASSQAGTTDTQYF'	29, 1, 1, 1
TRBV4-1.TRBJ2-1	6	2.12581458369	0.822377339362	'CASSQDGQGYNEQFF', 'CASSSIAGDWNEQFF', 'CASSQDPTSGGANEQFF', 'CASSQWVNRDRQFF', 'CASSQDGGTFSYNEQFF', 'CASSQDTQRGGNEQFF'	6, 2, 1, 1, 1, 1
TRBV14-1.TRBJ1-6	2	1.0	1.0	'CASSQAWRKSPLHF', 'CASSQAWRNSPLHF'	1, 1
TRBV14-1.TRBJ1-1	3	1.58496250072	1.0	'CASSQGRITEAFF', 'CASSHLGDTEAFF', 'CASSQDRGRAEAFF'	1, 1, 1
TRBV14-1.TRBJ1-3	1	0.0	0	'CASSQYLSGNTIYF'	1
TRBV14-1.TRBJ1-2	4	2.0	1.0	'CASSQIPTGLAGNYGYTF', 'CASSKGQGDYGYTF', 'CASSQDRGGYTF', 'CASSQDRVYGYTF'	1, 1, 1, 1
TRBV14-1.TRBJ2-7	2	0.918295834054	0.918295834054	'CASSLNPSKQYF', 'CASSPVSSVDEQYF'	2, 1
TRBV9-1.TRBJ1-6	5	1.17318586797	0.505263651598	'CASSVEGRPLHF', 'CASSKTGVASPLHF', 'CASSVGGVKGGNSPLHF', 'CASSTTDTYNSPLHF', 'CASSVGSDWGSPLHF'	36, 4, 2, 2, 2
TRBV14-1.TRBJ2-5	2	1.0	1.0	'CASSREGQGPQETQYF', 'CASSQWEEEETQYF'	1, 1
TRBV14-1.TRBJ2-2	2	0.503258334776	0.503258334776	'CASSQSFITTGSPTGELFF', 'CASSQSRLTGELFF'	8, 1
TRBV9-1.TRBJ1-1	11	1.11390155389	0.321989759209	'CASSGQTGTNTEAFF', 'CASSGQTGTNTEACF', 'CASSVGSGGDTEAFF', 'CASSAGSGGDTEACF', 'CASSARQYTEAFF', 'CASSPWTGGGEAFF', 'CASSGLETEAFF', 'CASSAGSGGDTEAFF', 'CASSPSGQSTEAFF', 'CVSSAGSGGDTEAFF', 'CASSVEAMNTEAFF'	71, 3, 2, 1, 1, 1, 1, 1, 1, 1, 1
TRBV9-1.TRBJ1-2	6	2.52164063634	0.975503759006	'CASSVDSRGDGYTF', 'CASSAGTSNYGYTF', 'CASSAGDQVSYGYTF', 'CASTNRDGYGYTF', 'CASNPDGHSNYGYTF', 'CASSVVGNYYGYTF'	2, 1, 1, 1, 1, 1
TRBV9-1.TRBJ1-3	5	2.32192809489	1.0	'CASRGGSGNTIYF', 'CASSVAVGNTIYF', 'CASGTGNPGNTIYV', 'CASGTGNPGNTIYF', 'CASSVQGASGNTIYF'	1, 1, 1, 1, 1
TRBV7-6.TRBJ2-2	2	1.0	1.0	'CASSLGGLAGFTGELFF', 'CASSLGTNTGELFF'	1, 1
TRBV7-6.TRBJ2-1	5	2.15563906223	0.92838321177	'CASSLAGVQNEQFF', 'CASSLYSGGVREQFF', 'CASSLRYSRGSSYNEQFF', 'CASSPPISEQFF', 'CASSLRGVSEQFF'	3, 2, 1, 1, 1
TRBV7-6.TRBJ2-7	1	0.0	0	'CASSQTRGTYEQYF'	1
TRBV7-6.TRBJ2-5	3	1.58496250072	1.0	'CASSSWGGSGETQYF', 'CASSSVTSGQQETQYF', 'CASSPSPGLAGTATQYF'	1, 1, 1
TRBV10-2.TRBJ1-1	1	0.0	0	'CASSPNRDTEAFF'	2
TRBV7-8.TRBJ2-1	8	2.94770277922	0.982567593073	'CASSPIASHYNEQFF', 'CASSQREGFNEQFF', 'CASRPTSGRNDEQFF', 'CASSLVVSGLYNEQFF', 'CASSLEIAGEYNEQFF', 'CASSFLRASYNEQFF', 'CASSRATGSSLQFF', 'CASSLWTGSGSGVNEQFF'	2, 1, 1, 1, 1, 1, 1, 1
TRBV4-3.TRBJ2-2	6	1.69227186568	0.654660121844	'CASSQGGVGELFF', 'CASSQGGVGELVF', 'CASLDSTGELFF', 'CASSQSLLAGELFF', 'CASSQEFGQTGELFF', 'CASSQGGGGELVF'	10, 1, 1, 1, 1, 1
TRBV4-3.TRBJ2-3	2	1.0	1.0	'CASSQVYGTSGRDTQYF', 'CASSLRPTGADTQYF'	1, 1
TRBV21-1.TRBJ1-1	3	1.5	0.946394630357	'CASSKVVGNPEAFF', 'CASSKNRQKNTEAFF', 'CASSKVVGNPEACF'	2, 1, 1
TRBV21-1.TRBJ1-2	4	1.83659166811	0.918295834054	'CASSKARGVRIGYTF', 'CASSGGYGYTF', 'CASRRSCYRKTYGYTF', 'CASSERNRGRGGYTF'	4, 2, 2, 1
TRBV21-1.TRBJ2-2	3	1.14883485428	0.724834091506	'CASSKGLEDTGELFF', 'CASEGSGKNTGELFF', 'CARGRFLSGSEAGELFF'	5, 1, 1
TRBV21-1.TRBJ2-3	2	1.0	1.0	'CASSKKGADTQYF', 'CASRGRERTDTQYF'	1, 1
TRBV21-1.TRBJ2-1	4	0.0610601368585	0.0305300684292	'CASSKEVAGVDEQFF', 'CASSSPGPFYNEQFF', 'CASRDRGNEQFF', 'CASRDRREQFF'	510, 1, 1, 1
TRBV21-1.TRBJ2-6	2	1.0	1.0	'CASSKAGLSGANVLTF', 'CASSNGAPPGANVLTF'	1, 1
TRBV21-1.TRBJ2-7	4	1.68547529723	0.842737648614	'CASSKGRETLSTYEQYF', 'CASRRGVHEQYF', 'CASSLALHVLDEQYF', 'CASSKGLGTSGPRVPYEQYF'	3, 5, 1, 1
TRBV6-1.TRBJ2-4	3	1.06127812446	0.669591945536	'CASSDPLGGGVKNIQYF', 'CASSEEADRLAKNIQYF', 'CASSDPLGGGGKNIQYF'	6, 1, 1
TRBV6-1.TRBJ2-5	2	0.918295834054	0.918295834054	'CASSERVQGTQYF', 'CASSRQGGSQETQYF'	2, 1
TRBV6-1.TRBJ2-6	1	0.0	0	'CASSEEGSGANVLTF'	1
TRBV6-1.TRBJ2-7	13	3.15422218468	0.852391181843	'CASSLGPTYEQYF', 'CASSPTGYEQYF', 'CASTLTGADGEQYF', 'CASSRQGGSQETQYF', 'CASRGPRVLGEQYF', 'CAITTGGRYEQYF', 'CASSSGHGSYEQYF', 'CASSENEGQGSYEQYF', 'CASSDLAGTHEQYF', 'CASSAQARQPYEQYF', 'CASRETGRSGEQYF', 'CASSEVRFGVRPYEQYF', 'CASSAVPKGEQYF'	8, 2, 1, 1, 1, 1, 1, 1, 1, 1, 1, 1, 1
TRBV6-1.TRBJ2-1	3	1.5	0.946394630357	'CASSEASGGYNEQFF', 'CASSELGGRFSYNEQFF', 'CASSERGFSYNEQFF'	1, 2, 1
TRBV6-1.TRBJ2-2	4	1.92192809489	0.960964047444	'CASSDFGVAGELFF', 'CASNQGSTGELFF', 'YASSDFGVTGELFF', 'CASSDFGVTGELFF'	2, 1, 1, 1
TRBV6-1.TRBJ2-3	9	2.69951385032	0.851601804173	'CASSDVVTDTQYF', 'CASSLRWGSTDTQYF', 'CASSDGGLTDTQYF', 'CASSEGLAGGHTQYF', 'CASSPGAAGTTHF', 'CASRPRVLGTDTQYF', 'CASSEPSGISTDTQYF', 'CASSETSGPSTDTQYF', 'CASSGGQGRTDTQYF'	6, 1, 1, 1, 1, 1, 1, 1, 1
TRBV7-8.TRBJ1-2	1	0.0	0	'CASSDRTGGVRGYTF'	1
TRBV4-3.TRBJ1-1	6	2.52164063634	0.975503759006	'CASSQEGLKNTEAFF', 'CASSQEGLKNTEACF', 'CASSQDWSAGTEACF', 'CASSQDWSAGTEAFF', 'CASSQAGGTEAFF', 'CASSQDWIWGYSWDTEAFF'	2, 1, 1, 1, 1, 1
TRBV7-8.TRBJ1-6	3	0.905587261698	0.571361947861	'CASSLDSSYNSPLHF', 'CASSLDSSYKSPLHF', 'CASSFTARVDNSPLHF'	24, 4, 2
TRBV7-8.TRBJ1-5	1	0.0	0	'CASSPLGTGGHQPQHF'	1
TRBV7-8.TRBJ1-4	4	1.6644977792	0.8322488896	'CASSLTATNEKLFF', 'CASSLNRAFNEKRFF', 'CASSLTATNEKLFC', 'CASSLNRAFNEKLFF'	4, 1, 1, 1
TRBV7-6.TRBJ1-2	1	0.0	0	'CAKSRKTYGYTF'	1
TRBV7-6.TRBJ1-4	1	0.0	0	'CASSPRVGRRLFF'	1
TRBV7-6.TRBJ1-6	1	0.0	0	'CASSLQGYSPLHF'	1
TRBV6-1.TRBJ1-6	5	1.96096404744	0.844541246459	'CASSSGTEINSPLHF', 'CASSSGTEIKSPLHF', 'CASTREGDSPLHF', 'CASSEGWRDNSPLHF', 'CASSLHREGNSPLHF'	5, 2, 1, 1, 1
TRBV6-1.TRBJ1-5	8	2.5217822216	0.840594073867	'CASSEAGGNQPQHF', 'CASSEWGPQHF', 'CASHGRFNQPQHF', 'CASSEDTGGNQPQHF', 'CASRVTGYNQPQHF', 'CASSAVTGTSNQPQHF', 'CASSSTRDRDQPQHF', 'CASRGTPGGNQPQHF'	7, 2, 2, 1, 1, 1, 1, 1
TRBV6-1.TRBJ1-4	7	2.64160416787	0.940958390089	'CASRVRNNEKLFF', 'CASSVGIENEKLFF', 'CASTSFGAGEKRFF', 'CASRVRNNEKRFF', 'CASTSFGAGEKLFC', 'CASSEWGYPSTNEKLFF', 'CASTSFGAGEKLFF'	3, 1, 1, 1, 1, 1, 1
TRBV6-1.TRBJ1-3	2	1.0	1.0	'CASSARDRGSTIYV', 'CASSARDRGSTIYF'	1, 1
TRBV6-1.TRBJ1-2	4	1.84237099318	0.921185496589	'CASREDRTYGYTF', 'CASSSGQGNYGYTF', 'CASSEIGGYTF', 'CASSQQGPRSYTF'	3, 2, 1, 1
TRBV6-1.TRBJ1-1	12	3.58496250072	1.0	'CASSEGGWAEAFF', 'CASSPDRGLTEAFF', 'CASRGRMNTEACF', 'CAIDEGGIEACF', 'CASKRFGGGNTEAFF', 'CASSLGGWNTEACF', 'CASSEWGLTGITEAFF', 'CASSLGGWNTEAFF', 'CASRGRMNTEAFF', 'CAIDEGGIEAFF', 'CASSYYYTEAFF', 'CASSTLQGDTEAFF'	1, 1, 1, 1, 1, 1, 1, 1, 1, 1, 1, 1
TRBV23-1.TRBJ2-1	1	0.0	0	'CASSPLPTSFYEQFF'	1
TRBV23-1.TRBJ2-2	1	0.0	0	'CASSQSAPRGNTGELFF'	1
TRBV23-1.TRBJ2-4	1	0.0	0	'CASSRPGLAKNIQYF'	1
TRBV23-1.TRBJ2-5	2	1.0	1.0	'CASSRGAAEETQYF', 'CASSKLDRGHLETQYF'	1, 1
TRBV11-3.TRBJ2-2	4	1.92192809489	0.960964047444	'CASSLLPVGELFF', 'CASSLDTGELFF', 'CASSEQGPNTGELVF', 'CASSEQGPNTGELFF'	2, 1, 1, 1
TRBV23-1.TRBJ1-3	1	0.0	0	'CASTQVSRQGLFCSGNTIYF'	1
TRBV23-1.TRBJ1-2	1	0.0	0	'CASSHWGNYGYTF'	2
TRBV23-1.TRBJ1-1	1	0.0	0	'CASKTTGGPTYDTEAFF'	1
TRBV6-7.TRBJ2-1	1	0.0	0	'CASSYSRTGTDDNEQFF'	1
TRBV27-1.TRBJ1-6	6	2.58496250072	1.0	'CASSLSPTALSQTSYKSPLHF', 'CASSQGRGRLSPLHF', 'CASSLSPTALSQTSYNSPLHF', 'CASSQGRGRFSPLHF', 'CASSWGGKSPLHF', 'CASSWGGNSPLHF'	1, 1, 1, 1, 1, 1
TRBV27-1.TRBJ1-5	5	2.04037339369	0.878740990378	'CASSLKAGNQPQHF', 'CASSGTGTGNQPQHF', 'CASSQRENQPQHF', 'CASSLYRDQSPQHF', 'CASSLSAGSHQPQHF'	5, 2, 2, 1, 1
TRBV27-1.TRBJ1-4	2	1.0	1.0	'CARDRVGEKLFF', 'CASSRDRGGEKLFF'	1, 1
TRBV27-1.TRBJ1-2	8	1.81354146045	0.604513820149	'CASSLIRGKDGYTF', 'CASSWHGGSRGYTF', 'CASSLVRGRGGYTF', 'CASSPPGEYGYTF', 'CASSLGPSYGYTF', 'CASSLYGYGYTF', 'CASSLGPGGGYTF', 'CASSYTPSAFNYGYTF'	24, 5, 2, 2, 1, 1, 1, 1
TRBV27-1.TRBJ1-1	11	2.05423417165	0.593806844045	'CASSLSPAMNTEAFF', 'CASSRGRKNTEAFF', 'CASSLNRRYTEAFF', 'CASSLSPAMNTEACF', 'CASSLSLGSEACF', 'CASRRQVMNTEAFF', 'CASSPNMNTEAFF', 'CASSFWHSNTEAFF', 'CASSLSLGSEAFF', 'CASSLIRGRGEAFF', 'CASSSLQGGRTEAFF'	37, 16, 6, 2, 1, 1, 1, 1, 1, 1, 1
TRBV4-3.TRBJ2-1	4	2.0	1.0	'CASSQGAYNEQFF', 'CASSDRSYNEQFF', 'CASSQETSGLNEQFF', 'CASSQDFNEQFF'	1, 1, 1, 1
TRBV7-8.TRBJ2-2	1	0.0	0	'CASSLVDTGELFF'	3
TRBV7-8.TRBJ2-3	2	0.238684511351	0.238684511351	'CASSLVSQGADTQYF', 'CASSTGTRTDTQYF'	49, 2
TRBV7-8.TRBJ2-5	3	1.25162916739	0.789690082143	'CASSRGQGGQETQYF', 'CASSLAGGGMETQYF', 'CASSLTSGRARETQYF'	4, 1, 1
TRBV4-3.TRBJ2-6	1	0.0	0	'CASSRGQGVSGANVLTF'	6
TRBV7-8.TRBJ2-7	6	1.39176014818	0.538406320321	'CASSLGRAYEQYF', 'CASSVGRAYEQYF', 'CASGARPDGVSGEQYF', 'CASSPREGLNEQYF', 'CASSLTGGYEQYF', 'CASSETGAHEQYF'	15, 1, 1, 1, 1, 1
TRBV9-1.TRBJ2-7	9	1.53593269568	0.484532818593	'CASSVSGSTNYEQYF', 'CASSPTATPSYEQYF', 'CASSLSPLAAYEQYF', 'CASSPSLRTYEQYF', 'CASSTGLGSYEQYF', 'CASSRGQTSSYEQYF', 'CASSVAAGEPYEQYF', 'CASSVSLRTYEQYF', 'CASSVDGTAYEQYF'	67, 42, 5, 1, 1, 1, 1, 1, 1
TRBV9-1.TRBJ2-6	1	0.0	0	'CASSVGGANVLTF'	2
TRBV9-1.TRBJ2-5	6	2.58496250072	1.0	'CASSVSGSTNYEQYF', 'CASSVGGQGLQETQYF', 'CASSVVGGETQYF', 'CASAKVPGGTQYF', 'CASSARRDSGGTQYF', 'CASSVVNGAGETQYF'	1, 1, 1, 1, 1, 1
TRBV9-1.TRBJ2-4	2	1.0	1.0	'CASSLDPDWDIQYF', 'CASSPRTSGTNIQYF'	1, 1
TRBV9-1.TRBJ2-3	9	3.02698683336	0.954908028418	'CASSPRAGGGQSDTQYF', 'CASSTYIPDTQYF', 'CASSVAGRTSTDTQYF', 'CASSVVSGGADTQYF', 'CASSRSGWGTDTQYF', 'CASSVSEGRQAGDTQYF', 'CASSVAGILDTQYF', 'CASSVVSHTDTQYF', 'CASSTPSGSGADTQYF'	3, 2, 2, 1, 1, 1, 1, 1, 1
TRBV9-1.TRBJ2-2	9	2.42321967234	0.764440695358	'CASSVGGSTGELFF', 'CASSPRDGGELFF', 'CASSGTSGVTGELFF', 'CASSGLAGGPTGELFF', 'CASSAPGTSVAGELFF', 'CASSASGVGTGELFF', 'CASSPRDGGELVF', 'CASSPYGSGPGELFF', 'CASRTGNTGELFF'	10, 3, 1, 1, 1, 1, 1, 1, 1
TRBV9-1.TRBJ2-1	19	3.54440913548	0.83438550311	'CASSPRQVLGEQFF', 'CASSVSGDAYNEQFF', 'CASSVAGTSGGSGGNEQFF', 'CASSVAGGNEQFF', 'CASSGGAYNEQFF', 'CASSVTNEQFF', 'CASSVDRFTWSYNEQFF', 'CASSVAPTGGNEQFF', 'CASSRQGGSSYNEQFF', 'CASSVEGAPPYNEQFF', 'CASSVVGTSGGNEQFF', 'CASSPWTGYNEQFF', 'CASSVQPGSEQFF', 'CASSPPGTSLGNEQFF', 'CASSLGTDPYNEQFF', 'CASSVAGRGSYNEQFF', 'CASSPHPWNEQFF', 'CASSPRQGLGEQFF', 'CASSGAGENEQFF'	15, 10, 5, 4, 4, 4, 3, 2, 1, 1, 1, 1, 1, 1, 1, 1, 1, 1, 1
TRBV28-1.TRBJ1-4	8	2.61749246118	0.872497487062	'CASSLNGIGKLFF', 'CASSPEQLTNEKLFF', 'CASRPPSLGTGEKLFF', 'CASSAGATNEKLFF', 'CASSPWTATNEKRFF', 'CASSLNGIGKRFF', 'CASSLNGIGKLFC', 'CASSPWTATNEKLFF'	5, 1, 1, 1, 1, 1, 1, 1
TRBV28-1.TRBJ1-5	4	1.42037640308	0.710188201541	'CASRAPIRDANQPQHF', 'CASSFNQPQHF', 'CASSETGRVAQPQHF', 'CASSLSGTRGYQPQHF'	17, 13, 2, 1
TRBV28-1.TRBJ1-6	3	1.37095059445	0.864973520718	'CASRGTGDGSPLHF', 'CASRGTGGGQSPLHF', 'CASRGTGGGHSPLHF'	3, 1, 1
TRBV28-1.TRBJ1-1	6	2.58496250072	1.0	'CASSLWGQEIETEAFF', 'CASPPYRFEGALGIAFF', 'CATLDSRGTEAFF', 'CASSLTWASRNTEAFF', 'CASRPHRGRLNTEAFF', 'CASSSDPQGENTEAFF'	1, 1, 1, 1, 1, 1
TRBV28-1.TRBJ1-2	4	0.503183731681	0.25159186584	'CASSFTSGTGLEGYTF', 'YASSSAGQHYGYTF', 'CASSLGLGENYGYTF', 'CASSLEDVSSLGYTF'	37, 1, 1, 1
TRBV28-1.TRBJ1-3	8	3.0	1.0	'CASSRGTGNTIYV', 'CASSWDSGNTIYV', 'CASSFPLRNTIYF', 'CASSFPSPAINSGNTIYF', 'CASSRGTSGNTIYF', 'CASSWDSGNTIYF', 'CASSVTGDGNTIYF', 'CASSRGTGNTIYF'	1, 1, 1, 1, 1, 1, 1, 1
TRBV7-9.TRBJ2-1	9	3.12192809489	0.984858661788	'CASSGRDSYNEQFF', 'CASMVRAFGYNEQFF', 'CASRVGAGVNNEQFF', 'CASSSNGLAGALEQFF', 'CASSPRERGRDEQFF', 'CASSQNRGEQFF', 'CASSSTSGRVNEQFF', 'CASSLGQGRNEQFF', 'CASSLVNEQFF'	1, 1, 1, 1, 1, 2, 1, 1, 1
TRBV5-2.TRBJ2-6	1	0.0	0	'CVSNVLGEYTKAGQRPDF'	1
TRBV4-2.TRBJ2-3	3	1.37095059445	0.864973520718	'CASSLAGTSTDTQYF', 'CASRSERGVADTQYF', 'CASSQDRRLTDTQYF'	3, 1, 1
TRBV27-1.TRBJ2-4	1	0.0	0	'CASAQVRTKNIQYF'	2
TRBV27-1.TRBJ2-5	3	1.58496250072	1.0	'CASSSSGAETQYF', 'CASSARLVGETQYF', 'CASRTTGGGEQETQYF'	1, 1, 1
TRBV27-1.TRBJ2-6	1	0.0	0	'CATRQGLYSGANVLTF'	1
TRBV4-2.TRBJ2-2	8	1.88863330675	0.629544435582	'CASSQDPSVYLNTGELFF', 'CASSQDRLTGELFF', 'CASLGSTGELVF', 'CASLGSTGELFF', 'CASSPRYDTGELVF', 'CASSQDPSVYLNTGELVF', 'CASSQAASANTGELFF', 'CASSPRYDTGELFF'	15, 2, 1, 1, 1, 1, 1, 1
TRBV27-1.TRBJ2-1	7	2.80735492206	1.0	'CASSLSFLDSYNEQFF', 'CASSPGHVYNEQFF', 'CASSLFYNEQFF', 'CASSLLAGGSSYNEQFF', 'CASSLSVPRESSYNEQFF', 'CASKGLDGNEQFF', 'CASSLDSGYNEQFF'	1, 1, 1, 1, 1, 1, 1
TRBV27-1.TRBJ2-2	6	2.52164063634	0.975503759006	'CASSSNSGELFF', 'CASSPTSLNTGELVF', 'CASSPTSLNTGELFF', 'CASMRHANTGELFF', 'CASSFSYAGVLNTLPSYTGELFF', 'CASSAMTHPGTGELFF'	2, 1, 1, 1, 1, 1
TRBV27-1.TRBJ2-3	11	1.01803967521	0.294279461899	'CASSLASTDTQYF', 'CASSLRAGTDTQYF', 'CASSSSGADTQYF', 'CASGGKRAPDTQYF', 'CASSLSGSDTQYF', 'CASSLLDTDTQYF', 'CASSSRQPDTQYF', 'CASTYLDTQYF', 'CASSLAGGPSSTDTQYF', 'CASTYFDTQYF', 'CASSLRAGWVVADTQYF'	76, 2, 2, 1, 1, 1, 1, 1, 1, 1, 1
TRBV7-9.TRBJ2-5	8	2.61749246118	0.872497487062	'CASSPINGKETQYF', 'CASSQRRGGWGETQYF', 'CASSFSSGGFGETQYF', 'CASSPGETQYF', 'CASSSSTGFETQYF', 'CASSLVGETQYF', 'CASSQRSGGWGETQYF', 'CASSYSGGQETQYF'	5, 1, 1, 1, 1, 1, 1, 1
TRBV4-2.TRBJ2-7	5	2.32192809489	1.0	'CASSQVAPGPSYEQYF', 'CASSQGLAADYEQYF', 'CASSQNSGSTYEQYF', 'CASSLYYGLAESSYEQYF', 'CASSQVSSGSLSYEQYF'	1, 1, 1, 1, 1
TRBV20-1.TRBJ2-7	1	0.0	0	'CSARKSYEQYF'	1
TRBV11-2.TRBJ2-2	10	3.18200581476	0.95787919662	'CASSFISGLAGAYGELFF', 'CASSQRTSGNAGELFF', 'CASSGYRPDTGELFF', 'CASSRLRSNTGELVF', 'CASSGYRPDTGELVF', 'CASSLGLVLSPGELFF', 'CASSFISGLAGAYGELVF', 'CASSLAPGGPGTGELFF', 'CASSRLRSNTGELFF', 'CASSFSRAGELFF'	3, 2, 2, 1, 1, 1, 1, 1, 1, 1
TRBV11-2.TRBJ2-3	7	2.61057724333	0.929906376575	'CASSFFLGQGGPDTQYF', 'CASSLVSSGGLADTQYF', 'CASSLVSSGGWADTQYF', 'CASSLTGTGVDTQYF', 'CASSLDPRLAGGLFTQYF', 'CASSLDAYEAQYF', 'CASSLGGGGTDTQYF'	4, 3, 2, 1, 2, 1, 1
TRBV11-2.TRBJ2-5	6	2.04945207279	0.792836287651	'CASSLSTRGETQYF', 'CASSLAGASGGFETQYF', 'CASSFPGTSGETQYF', 'CASSWEGAGGRETQYF', 'CASSFPGTSVETQYF', 'CASSRIQETQYF'	6, 1, 1, 1, 1, 1
TRBV7-9.TRBJ1-3	4	2.0	1.0	'CASSSYRAGTIYF', 'CASSQRDGFSGNTIYV', 'CASSLAQGTGNTIYF', 'CASSQRDGFSGNTIYF'	1, 1, 1, 1
TRBV4-2.TRBJ1-1	2	1.0	1.0	'CASSQDRLNTEACF', 'CASSQDRLNTEAFF'	1, 1
TRBV4-2.TRBJ1-6	1	0.0	0	'CASSQDPMLYNSPLHF'	1
TRBV28-1.TRBJ2-7	14	3.44740150471	0.905458402298	'CASSSGTVTSYEQYF', 'CASSFWGVAGANEQYF', 'CASSNFYEQYF', 'CASNGLGPGNEQYF', 'CASSLFGRTSGYFSYEQYF', 'CASSLDGHEQYF', 'CASRTPSGGDEQYF', 'CASASGGAYEQYF', 'CASSLGRGSREQYF', 'CASSLGDASYEQYF', 'CASSTRDYLSSYEQYF', 'CASSRGPRYEQYF', 'CASSFEGGPPYEQYF', 'CASSELGGSYEQYF'	6, 3, 2, 1, 1, 1, 1, 1, 1, 1, 1, 1, 1, 1
TRBV28-1.TRBJ2-6	2	1.0	1.0	'CASSFSGNPSGANVLTF', 'CASSSAKGRGANVLTF'	1, 1
TRBV28-1.TRBJ2-5	5	2.25162916739	0.969723899868	'CASSFERDRGLETQYF', 'CASSPSRRSKETQYF', 'CASRGGTGIETQYF', 'CASRKTRGRTQYF', 'CASSFPPLKGETQYF'	2, 1, 1, 1, 1
TRBV28-1.TRBJ2-3	10	0.35000984859	0.105363463203	'CATGPIAGGRADTQYF', 'CASSPIAGVSADTQYF', 'CASSFVSGTDTQYF', 'CASSPQSGRGLALQQSTDTQYF', 'CASSLCLLLGGGDGTDTQYF', 'CASSFASTDTQYF', 'CASSLRRSTDTQYF', 'CASSLLWGLRTDTQYF', 'CASLRYTGDLGMQYF', 'CASSPAPGDYTDTQYF'	350, 3, 3, 2, 1, 1, 1, 1, 1, 1
TRBV7-9.TRBJ1-4	8	2.94770277922	0.982567593073	'CASSPPRGNEKLFF', 'CASSLAGSAEKLFC', 'CASSLTATNEKRFF', 'CASSLAGSAEKRFF', 'CASSPPRGNEKLFC', 'CASSPPRGNEKRFF', 'CASSLAGSAEKLFF', 'CASSLTATNEKLFF'	2, 1, 1, 1, 1, 1, 1, 1
TRBV28-1.TRBJ2-1	7	2.64160416787	0.940958390089	'CASSRTYPLSGGAWCEQFF', 'CASSCYNEQFF', 'CASRRTNYNEQFF', 'CASSLTWWGDEQFF', 'CASSRETLNFNEQFF', 'CASSFYNEQFF', 'CASSWGLAGTNEQFF'	3, 1, 1, 1, 1, 1, 1
TRBV10-3.TRBJ2-5	3	1.45914791703	0.920619835714	'CATSSGGGTSATQYF', 'CAISGSGRTSGQETQYF', 'CAISESPTETEQETQYF'	3, 2, 1
TRBV10-3.TRBJ2-7	8	2.07636086905	0.692120289684	'CAIRAGELGEQYF', 'CAISEPSSYEQYF', 'CAIKRDYKTYEQYF', 'CAINAQSGYEQYF', 'CAISESSWISGQYEQYF', 'CAISESGTSYEQYF', 'CAIGSAVTYEQYF', 'CAIKGQTYEQYF'	23, 9, 8, 2, 1, 1, 1, 1
TRBV10-3.TRBJ2-1	2	0.918295834054	0.918295834054	'CAISESPGTDNEQFF', 'CAISDVGTVANEQFF'	2, 1
TRBV10-3.TRBJ2-2	4	1.08923007884	0.544615039421	'CALSRLAGGRNTGELFF', 'CAISGGKAGGRRGAVF', 'CATSGGKIGELFF', 'CALSRLAGGRNTGELVF'	11, 1, 1, 1
TRBV10-3.TRBJ2-3	5	2.23592635063	0.962961064795	'CAISEQVGREDTQYF', 'CAISTGTGGTDTQYF', 'CAIQVTDTQYF', 'CATGQGEDTQYF', 'CAIREDASTDTQYF'	2, 1, 1, 1, 2
TRBV11-2.TRBJ1-2	4	1.49111485006	0.745557425028	'CASSLGQGARYGYTF', 'CASSLGHNYGYTF', 'CASRSGGGYTF', 'CASSSLTGNANYGYTF'	7, 2, 1, 1
TRBV11-2.TRBJ1-1	7	2.75	0.979569764547	'CASSLQEDTEAFF', 'CASSLEQGANTEAFF', 'CASSPVWGRWTEAFF', 'CASSLQEDTEACF', 'CASSLDEAFF', 'CASSLEWDRAVMNTEAFF', 'CASSSQGYTEAFF'	2, 1, 1, 1, 1, 1, 1
TRBV11-2.TRBJ1-6	2	0.918295834054	0.918295834054	'CASSPQFIHNSPLHF', 'CASSLGPQGSSPLHF'	2, 1
TRBV11-2.TRBJ1-5	3	1.5	0.946394630357	'CASSLTSGGSRRNQPQHF', 'CASSLTSGGSRRKQPQHF', 'CASSLVFPGQPQHF'	2, 1, 1
TRBV11-2.TRBJ1-4	2	0.721928094887	0.721928094887	'CASSLDGTQTEKLFF', 'CASSLDGTQTEKRFF'	4, 1
TRBV27-1.TRBJ2-7	15	2.99342908831	0.766192196853	'CASSLSRKYEQYF', 'CASSLLAGGPSYEQYF', 'CASSLVRGKGEQYF', 'CASGRAYEQYF', 'CASSLSAGDEQYF', 'CASSLRTLGEQYF', 'CASSPRGDFSYEQYF', 'CASSLSRGYEQYF', 'CASSLSASYEQYF', 'CASSLSWAGVTKQYF', 'CASSYSSLSLEQYF', 'CASGIFSGGGGEQYF', 'CASSLSEDGRTYEQYF', 'CASSVSRKYEQYF', 'CASSLSAGGVEQYF'	16, 3, 2, 2, 1, 1, 2, 1, 1, 1, 1, 1, 1, 1, 1
TRBV7-4.TRBJ1-1	2	0.591672778582	0.591672778582	'CASSLQGDENYEAFF', 'CASSLQGDENYEACF'	6, 1
TRBV25-1.TRBJ2-7	4	1.27761343682	0.63880671841	'CASSQLGNEQYF', 'CASTLAGGEYEQYF', 'CASSDPQDAYEQYF', 'CASNHLGGEQYF'	8, 1, 1, 1
TRBV25-1.TRBJ2-4	1	0.0	0	'CASSEGNIQYF'	1
TRBV25-1.TRBJ2-5	6	2.28778371994	0.885035554405	'CASSGPGGTQYF', 'CASSDVSGTQYF', 'CASSADGYQETQYF', 'CASSPLGTGLRGETQYF', 'CASSEEASTGSETQYF', 'CASTGVGGETQYF'	5, 3, 2, 1, 1, 1
TRBV6-5.TRBJ2-4	1	0.0	0	'CASRFTGSAKNIQYF'	20
TRBV20-1.TRBJ1-1	2	0.811278124459	0.811278124459	'CSAPDMDGAFF', 'CSAPDMDGACF'	3, 1
TRBV20-1.TRBJ1-2	4	0.336107822282	0.168053911141	'CSARDGYTF', 'CSARDDGYTF', 'CSARKGYTF', 'CSARANYGYTF'	145, 3, 3, 1
TRBV25-1.TRBJ2-1	6	1.26014238971	0.487489620975	'CASSELGNEQFF', 'CASSEKGCYNEQFF', 'CASSEGEGRRYNEQFF', 'CASQTGYNEQFF', 'CASSEKGFYNEQFF', 'CASSEGTSGGANEQFF'	18, 1, 1, 1, 1, 1
TRBV7-2.TRBJ1-5	6	2.44643934467	0.946411928215	'CASSLAAWNQPQHF', 'CASSLVGGPSNQPQHF', 'CASSPYRPDSNQPQHF', 'CASSLEGGRNNNQPQHF', 'CASSLDSNQPQHF', 'CASSLGGGQPQHF'	3, 2, 2, 1, 1, 1
TRBV7-2.TRBJ1-4	3	1.58496250072	1.0	'CASSLRGGQGEKLFF', 'CASSLARGKGEKRFF', 'CASSLARGKGEKLFF'	1, 1, 1
TRBV7-2.TRBJ1-6	2	1.0	1.0	'CASSRPQGAQKSPLHF', 'CASSRPQGAQNSPLHF'	1, 1
TRBV7-2.TRBJ1-1	25	4.46594593308	0.9616891115	'CASSSKGQANSEAFF', 'CASSLEWGLDLNTEAFF', 'CASSLARGRLAEAFF', 'CASSFGGAEAFF', 'CASSLGPGGYTEAFF', 'CASSLDNGGVTEAFF', 'CASSQDRVGLNTEAFF', 'CASSLARGRNTEAFF', 'CASSLDNGGVTEACF', 'CASSSKGQAKSEACF', 'CASSLEWGLDLNTEACF', 'CASSSKGQANSEACF', 'CASSLGPGGYTEACF', 'CASSSKGQAKSEAFF', 'CASSFGGAEACF', 'CASSLARGRNTEACF', 'CASSFYRDTEAFF', 'CASSSSPWTGGTEAFF', 'CASSLARGGKAEAFF', 'CASSVGRAGGEAFF', 'CASSARQGNTEAFF', 'CASSLQGSATEAFF', 'CASSLDTNTEAFF', 'CASSFSTIATEAFF', 'CASSLADTEAFF'	4, 3, 3, 2, 2, 2, 2, 2, 1, 1, 1, 1, 1, 1, 1, 1, 1, 1, 1, 1, 1, 1, 1, 1, 1
TRBV7-2.TRBJ1-3	1	0.0	0	'CASSVHPGVSSGNTIYF'	1
TRBV7-2.TRBJ1-2	5	2.25162916739	0.969723899868	'CASSFDRESCTF', 'CASSLGRGGYYGYTF', 'CASSVTARGYTF', 'CASSLVRGLDDGYTF', 'CASSLPRRQGYYGYTF'	2, 1, 1, 1, 1
TRBV7-2.TRBJ2-6	2	0.918295834054	0.918295834054	'CASSLKFSGANVLTF', 'CASSLKVSGANVLTF'	2, 1
TRBV7-2.TRBJ2-7	11	3.14628637066	0.909480723282	'CASSLLAGAANEQYF', 'CASSPPVKTYEQYF', 'CASSLDPRESYEQYF', 'CASSFVLAATYEQYF', 'CASSLLGLAGTAYEQYF', 'CASSLEFHSSYEQYF', 'CASSLELALGGSYEQYF', 'CASSLAQGAGEQYF', 'CASSLARDSYEQYF', 'CASSPYLNAYEQYF', 'CASSSVSYEQYF'	4, 4, 1, 1, 1, 1, 1, 1, 1, 1, 1
TRBV7-2.TRBJ2-4	1	0.0	0	'CASRAPGTAKNIQYF'	1
TRBV7-2.TRBJ2-5	8	3.0	1.0	'CASSLEGQPQETQYF', 'CASSWLGGQETQYF', 'CASSLGREGFETQYF', 'CASSPYLNAYEQYF', 'CASSSGGETQYF', 'CASSWRLTEGIYF', 'CASSFSGRGETQYF', 'CASSLLNLPQETQYF'	1, 1, 1, 1, 1, 1, 1, 1
TRBV7-2.TRBJ2-2	2	0.918295834054	0.918295834054	'CASRDREVSTGELFF', 'CASRDREGSTGELFF'	2, 1
TRBV7-2.TRBJ2-3	14	3.68418371978	0.967649140992	'CASSELGGSTDTQYF', 'CASSAGTTDTQYF', 'CASSLVYSSSVKTDTQYF', 'CASSLVGLGDTQYF', 'CASSLWTDTQYF', 'CASSLRGGFDTQYF', 'CASSFLGGSTDTQYF', 'CASSLFRGAFPYPDTQYF', 'CASSLSGTSLEDTQYF', 'CASSLAYAGVSTDTQYF', 'CASSFRGGTDTQYF', 'CASSLRGVFDTQYF', 'CASSLVGGRGDTQYF', 'CASSLTGVTTDTQYF'	3, 2, 2, 2, 1, 1, 1, 1, 1, 1, 1, 1, 2, 1
TRBV7-2.TRBJ2-1	16	3.84385618977	0.960964047444	'CASSLASTGTGNEQFF', 'CASSLLAYNEQFF', 'CASSLLAGAGNEQFF', 'CASSLGAGDGEQFF', 'CASSLGGYNEQFF', 'CASAGRWGNNEQFF', 'CASSLWASGAYNEQFF', 'CASSWGANEQFF', 'CASSLERLAGGGNEQFF', 'CASSLNREGRANMGEQFF', 'CASSLQAGPDVNEQFF', 'CASSPGRNEQFF', 'CASSLSYEQFF', 'CASSLWERGGRDEQFF', 'CASSLVSYSRNEQFF', 'CASSLDPSGYNEQFF'	2, 2, 4, 2, 2, 2, 1, 1, 1, 1, 1, 1, 2, 1, 1, 1
TRBV10-3.TRBJ1-6	1	0.0	0	'CAISERQGNSPLHF'	1
TRBV10-3.TRBJ1-5	8	2.94770277922	0.982567593073	'CAISESGGNQPQHF', 'CAISGTGGGNQPQHF', 'CAISESGGKQPQHF', 'CAISESSKQPQHF', 'CAISQDRARWPQHF', 'CAISEAGTGRQPQHF', 'CAISEADYQPQHF', 'CAISESSNQPQHF'	2, 1, 1, 1, 1, 1, 1, 1
TRBV10-3.TRBJ1-3	2	0.918295834054	0.918295834054	'CAISESRQGAIGNTIYF', 'CAISESRQGAIGNTIYV'	2, 1
TRBV10-3.TRBJ1-2	3	1.58496250072	1.0	'CAISEPSDSANYGYTF', 'CAISSTGVAGYTF', 'CAISESMAGYGYTF'	1, 1, 1
TRBV10-3.TRBJ1-1	5	2.12808527889	0.9165164432	'CAISEYLGGSGEAFF', 'CASAANTEAFF', 'CAIAGSGTEACF', 'CAIRAQGAGEAFF', 'CAIAGSGTEAFF'	3, 1, 1, 1, 1
TRBV7-7.TRBJ2-3	1	0.0	0	'CASSLGVQGTPTDTQYF'	1
TRBV7-7.TRBJ2-2	2	0.918295834054	0.918295834054	'CASSYAMGTGELFF', 'CASSYAMGTGELVF'	2, 1
TRBV7-7.TRBJ2-5	1	0.0	0	'CASSLHREETQYF'	1
TRBV25-1.TRBJ1-1	12	3.36609132912	0.938947430675	'CASSTLGQEAFF', 'CASSELGEEAFF', 'CASSTLGQEACF', 'CASSELGDEAFF', 'CASSVRGSEACF', 'CASSDSYRVRDGTEACF', 'CASHTGYGAITEAFF', 'CASSVRGSEAFF', 'CASSDSYRVRDGTEAFF', 'CASTQETEAFF', 'CASSEVGGDNPYPEAFF', 'CASSELGEEACF'	4, 3, 2, 2, 1, 1, 1, 1, 1, 1, 1, 1
TRBV25-1.TRBJ1-2	4	1.92192809489	0.960964047444	'CASSPRTGSGYTF', 'CASSESQGAPNGYTF', 'CASSDRDYGYTF', 'CASSELTGGGYTF'	2, 1, 1, 1
TRBV6-6.TRBJ1-3	2	1.0	1.0	'CASGTALGNTIYV', 'CASGTALGNTIYF'	1, 1
TRBV11-2.TRBJ2-1	5	2.25162916739	0.969723899868	'CASSFTGQGHNEQFF', 'CASRPGDQGYEQFF', 'CASSLVSGTHFNEQFF', 'CASSFVHEQFF', 'CASSPTTGNGYNEQFF'	2, 1, 1, 1, 1
TRBV7-7.TRBJ1-1	1	0.0	0	'CASSSDNRSPEAFF'	1
TRBV7-7.TRBJ1-5	2	1.0	1.0	'CASRFDRVKQPQHF', 'CASRFDRVNQPQHF'	1, 1
TRBV4-2.TRBJ2-1	9	2.36668020043	0.746604477821	'CASSQGANSYNEQFF', 'CASSLQTSAFYNEQFF', 'CASSQGRGGLQDEQFF', 'CASSQDKGVDEQFF', 'CASSSYKRLAGVYNEQFF', 'CASSQGRGGRQDEQFF', 'CASSQERGTSGRGQFF', 'CASSQTGRRYNEQFF', 'CASSQGGPSRGDEQFF'	15, 5, 4, 2, 1, 1, 1, 1, 1
TRBV7-9.TRBJ2-3	8	2.6986604604	0.8995534868	'CATTQVGGADTQYF', 'CASSLLAADTDTQYF', 'CASSRGAGIIGPDTQYF', 'CASRLAGADTQYF', 'CASSTLTVSSTDTQYF', 'CASSLGGVLDTQYF', 'CASSPRWSTDTQYF', 'CASSPVAGGGDTQYF'	5, 4, 2, 2, 1, 1, 1, 1
TRBV7-9.TRBJ2-2	5	2.04643934467	0.881353453269	'CASRDSFDANTGELFF', 'CASSLGLAASGELFF', 'CASRDSFDANTGELVF', 'CASSRGEGFTGELFF', 'CASSRPGIVNTGELFF'	4, 3, 1, 1, 1
TRBV4-2.TRBJ2-5	2	0.918295834054	0.918295834054	'CASSVAGGPRETQYF', 'CASSQEGSQTQYF'	2, 1
TRBV7-9.TRBJ2-4	3	1.37095059445	0.864973520718	'CASSSREGRLGSIQYF', 'CASSSREGRRGSIQYF', 'CASSSPPSSGLAKNIQYF'	3, 1, 1
TRBV7-9.TRBJ2-7	18	3.94885934076	0.946985698639	'CASSLTFQGHYEQYF', 'CASSSMWTGSLYEQYF', 'CASSLEPPGHPDYEQYF', 'CASSLTFQGQYEQYF', 'CASSLPPGHPSYEQYF', 'CASSFDGLGQYF', 'CASSLAPGHPAYEQYF', 'CASSLTVQGQYEQYF', 'CASSPLSGRYEQYF', 'CASSTTYEQYF', 'CASSLARAGTGASYEQYF', 'CASSRGGRSYEQYF', 'CASSRYTYEQYF', 'CASSPTGGRTYEQYF', 'CASSLGVGLQKGEQYF', 'CASRRTSGAYEQYF', 'CASSARDRAYEQYF', 'CASTVRGLYEQYF'	5, 3, 2, 2, 2, 2, 2, 1, 1, 1, 1, 1, 1, 1, 1, 1, 1, 1
TRBV4-2.TRBJ2-6	1	0.0	0	'CASSQDYRGPGANVLTF'	1
TRBV4-2.TRBJ1-2	1	0.0	0	'CASSQDRNTNYGYTF'	3
TRBV4-2.TRBJ1-3	4	2.0	1.0	'CASSRDRGSGNTIYV', 'CASSRDRGSGNTIYF', 'CASSQGRISGNTIYF', 'CASTKTGGLTYSGNTIYF'	1, 1, 1, 1
TRBV7-9.TRBJ1-1	12	2.51031865275	0.700235679521	'CASSHLSTLNTEAFF', 'CASSHLSTLNTEACF', 'CASSSGQGTEAFF', 'CASRTVGVGEAFF', 'CASSRGGNTEAFF', 'CASSPMAEAFF', 'CASSPRALDQGTEAFF', 'CASSPQRTGGAYTEACF', 'CASSSGTGATLNTEACF', 'CASSPFWDTMNTEAFF', 'CASSPQRTGGAYTEAFF', 'CASSSGTGATLNTEAFF'	15, 2, 1, 1, 1, 1, 1, 1, 1, 1, 1, 1
TRBV7-9.TRBJ1-6	2	0.918295834054	0.918295834054	'CASSLGQGFYNSPLHF', 'CASSLEGGARYGSPLHF'	1, 2
TRBV20-1.TRBJ2-1	1	0.0	0	'CSARGRNEQFF'	3
TRBV7-9.TRBJ1-5	4	2.0	1.0	'CASSAWDGQNQPQHF', 'CASSYSGQPQHF', 'CASSLEDQPQHF', 'CASSGPGTGDRQPQHF'	1, 1, 1, 1
TRBV2-1.TRBJ2-1	9	2.83523774531	0.894417925983	'CASRVLNEQFF', 'CASSERPRIEQFF', 'CASGRNSYNEQFF', 'CASTGRVYSYNEQFF', 'CASSRGGYEQFF', 'CASSYRMNEQFF', 'CASSEVLYNEQFF', 'CASSYSGNEQFF', 'CASSYRINEQFF'	5, 2, 1, 1, 1, 1, 1, 1, 1
TRBV2-1.TRBJ2-2	15	2.68110370844	0.686250009522	'CASSAIGLAGTGELFF', 'CAISRDGINTGELFF', 'CASGGVALLTGELFF', 'CASNSQGYTGELFF', 'CASSLIDTGELFF', 'CASSGAGRELVF', 'CAISRDGRNTGELFF', 'CAISRDGINTGELVF', 'CASSGAGRELFF', 'CASNSQGYIGELFF', 'CASSAIGLAGTGKLFF', 'CASGGLAGGTGELFF', 'CASTGQGALAGELFF', 'CASAGQGALSGELFF', 'CASHSQAAGRGAGELFF'	23, 4, 2, 2, 2, 1, 1, 1, 1, 1, 1, 1, 1, 1, 1
TRBV2-1.TRBJ2-3	3	1.5	0.946394630357	'CASRVAGSTDTQYF', 'CASRGTGLVRTQYF', 'CASSEGGLLSTDTQYF'	1, 2, 1
TRBV2-1.TRBJ2-4	1	0.0	0	'CANRGAKNIQYF'	1
TRBV2-1.TRBJ2-5	8	2.77736279506	0.925787598355	'CASSAQGQETQYF', 'CASSDGGGYQETQYF', 'CASMYQETQYF', 'CASSPLGRETQYF', 'CASSESPTSGQETQYF', 'CASSRSGASQETQYF', 'CASSAGGKRETQYF', 'CASREETRRGETQYF'	4, 2, 2, 1, 1, 1, 1, 1
TRBV2-1.TRBJ2-6	2	0.811278124459	0.811278124459	'CASSLQGTGANVLTF', 'CASRLGTGVSGANVLTF'	3, 1
TRBV2-1.TRBJ2-7	16	2.38304869021	0.595762172552	'CASSEETGVEQYF', 'CASSGLNEQYF', 'CASSAARGVSEQYF', 'CASSVHQGPYEQYF', 'CASTVGRGPYEQYF', 'CASRGYEQYF', 'CASSEVMGQGAYEQYF', 'CASSGGPTGELDYEQYF', 'CASSGRGRSSYEQYF', 'CASEQGYSYEQCF', 'CASTRTERYEQYF', 'CASSESSPSYEQYF', 'CASAGLAGAYEQYF', 'CASSEQQGGLGEQYF', 'CASEQGYSYEQYF', 'CAGGQEGGIGYEQYF'	39, 13, 2, 2, 2, 2, 1, 1, 1, 1, 1, 1, 1, 1, 1, 1
TRBV11-2.TRBJ2-7	13	3.49922754172	0.945624792797	'CASSLDGTTRYEQYF', 'CASSFIRWEQYF', 'CASSLGQEIYEQYF', 'CASSLEGRGSYEQYF', 'CASRGTGTYEQYF', 'CASSVHLTYEQYF', 'CASSLVGGQGVYEQYF', 'CASSLGGPGSAYF', 'CASSETSAGRREQYF', 'CASSLHLTYEQYF', 'CASSHGLPYEQYF', 'CASSLSSSGRFSYEQYF', 'CASSLNWAAGGNYEQYF'	4, 2, 1, 1, 1, 1, 2, 2, 3, 1, 1, 1, 1
TRBV6-6.TRBJ1-4	4	2.0	1.0	'CASRYRDRGEKLFF', 'CASIGQGTNEKRFF', 'CASIGQGTNEKLFF', 'CASSSTGTNEKLFF'	1, 1, 1, 1
TRBV6-6.TRBJ1-5	2	0.918295834054	0.918295834054	'CASTDSSNQPQHF', 'CASTKDRGFNQPQHF'	2, 1
TRBV6-6.TRBJ1-1	2	0.918295834054	0.918295834054	'CASSLDGGTEAFF', 'CASSDERTEAFF'	2, 1
TRBV6-6.TRBJ1-2	1	0.0	0	'CASSQPGQGVGGYTF'	2
TRBV5-5.TRBJ1-1	3	1.5	0.946394630357	'CASSFDRGEAFF', 'CASIIIPQGAEAFF', 'CASSLATGGTAEAFF'	2, 1, 1
TRBV30-1.TRBJ2-6	2	0.918295834054	0.918295834054	'CAWSVLTGALTF', 'CAWSVLGANVLTF'	2, 1
TRBV5-5.TRBJ1-3	2	1.0	1.0	'CASSLAGLLNTIYV', 'CASSLAGLLNTIYF'	1, 1
TRBV6-5.TRBJ2-5	4	1.91829583405	0.959147917027	'CASSYSEGQGVQYF', 'CASSRSGQETQYF', 'CASRPSGRGETQYF', 'CASRRGVFQETQYF'	2, 2, 1, 1
TRBV9-1.TRBJ1-5	1	0.0	0	'CASSVDPSQPQHF'	1
TRBV14-1.TRBJ2-3	2	0.650022421648	0.650022421648	'CASSLLSGSITDTQYF', 'CASSQSVTANTQYF'	5, 1
TRBV6-6.TRBJ2-7	12	3.58496250072	1.0	'CASSYSIRDVTYEQYF', 'CASSVQWAYEQYF', 'CASSYSMRDLTYEQYF', 'CASRTTQTYEQYF', 'CASAGPTYEQYF', 'CASSFQWAYEQYF', 'CASSYSIRDLTYEQYF', 'CASSYSGQSLYEQYF', 'CASSQGGSSEQYF', 'CASTPTGLYEQYF', 'CASTHLARAQSGQYF', 'CASSYRITSVEQYF'	1, 1, 1, 1, 1, 1, 1, 1, 1, 1, 1, 1
TRBV6-6.TRBJ2-4	2	1.0	1.0	'CASRFTGSAKNIQYF', 'CASRQGGIQYF'	1, 1
TRBV6-6.TRBJ2-3	3	0.761105111448	0.480203860408	'CASSYVRGGDTQYF', 'CASSYTPSGGTDTQYF', 'CASSPQTLLTQYF'	42, 8, 1
TRBV6-6.TRBJ2-2	1	0.0	0	'CASSPSGRRTGELFF'	1
TRBV6-6.TRBJ2-1	4	1.95021206491	0.975106032457	'CASSYMGGGGDEQFF', 'CASSYFRSSYNEQFF', 'CASTFGGRNEQFF', 'CASRWGQLPSYNEQFF'	2, 2, 2, 1
TRBV14-1.TRBJ2-1	3	1.58496250072	1.0	'CASSQALLGLARNNEQFF', 'CASSQYRTSGSPSYNEQFF', 'CASSQGRLGEQFF'	1, 1, 1
TRBV6-4.TRBJ2-1	2	1.0	1.0	'CASSEIIYNEQFF', 'CASSAGTGGINEQFF'	1, 1
TRBV6-4.TRBJ2-3	1	0.0	0	'CASSDTDTDTQYF'	1
TRBV6-4.TRBJ2-7	1	0.0	0	'CASSDRPAPESYEQYF'	1
TRBV6-4.TRBJ2-6	1	0.0	0	'CASSEGSSGANVLTF'	1
TRBV5-6.TRBJ2-1	5	2.23592635063	0.962961064795	'CASSSYNEQFF', 'CASSLGASYNEQFF', 'CASSLGTVYNEQFF', 'CASSFVGVYEQFF', 'CASSLGTSGRGEQFF'	2, 1, 1, 2, 1
TRBV5-6.TRBJ2-2	10	2.3248487296	0.699849202992	'CASSFGGTNTGELFF', 'CASSLAGTNTGELFF', 'CASSWDSYTGELFF', 'CASSLTGELFF', 'CASGLAGTNTGELFF', 'CASSFGGTNTGELVF', 'CASSLHNTGELFF', 'CASSLAGTNTGELVF', 'CASVLGGTNTGELFF', 'CASSSGTYLTGELFF'	16, 6, 2, 1, 1, 1, 1, 1, 1, 1
TRBV5-6.TRBJ2-3	6	1.73136002919	0.669781487626	'CASSLILSGPDTQYF', 'CASSLRGPRTDTQYF', 'CASSLTGWDTQYF', 'CASRGTNTDTQYF', 'CASRSERGVADTQYF', 'CASSLKGTDTQYF'	11, 2, 1, 1, 1, 1
TRBV5-6.TRBJ2-5	10	3.25162916739	0.97883791416	'CASSKRDQETQYF', 'CASSLYGRQETQYF', 'CASSLKKTQYF', 'CASSSTGQETQYF', 'CASSLFKLAVETQYF', 'CASSVGETQYF', 'CASGLTGGPQETQYF', 'CASSLISYSRGTQYF', 'CASSLGETQYF', 'CASSLTGGPQETQYF'	2, 1, 1, 1, 1, 1, 1, 2, 1, 1
TRBV5-6.TRBJ2-7	8	2.20943203625	0.736477345418	'CASSLNHEQYF', 'CASSFSGIKTYEQYF', 'CASSPAGLAEQYF', 'CASSLVGAYEQYF', 'CASSLVGVYEQYF', 'CASSLSTEGLAGAYEQYF', 'CASSFLYEQYF', 'CASSLGSGGGFYEQYF'	13, 4, 3, 1, 1, 1, 1, 1
TRBV5-5.TRBJ2-7	4	1.92192809489	0.960964047444	'CASSLTGTALYEQYF', 'CASSLIAGRYEQYF', 'CASSYGQTYYEQYF', 'CASSLGGGPYEQYF'	2, 1, 1, 1
TRBV5-5.TRBJ2-5	2	0.811278124459	0.811278124459	'CASSPTGVETQYF', 'CASSPTGGETQYF'	3, 1
TRBV6-4.TRBJ1-2	3	1.58496250072	1.0	'CASSVQHVPYGYTF', 'CASSPDRGGSGYTF', 'CASSPDRGVSGYTF'	1, 1, 1
TRBV5-6.TRBJ1-2	10	1.26942470179	0.382134912476	'CASSLGGTGVNGYTF', 'CASSLYTDGYTF', 'CASSLVGGYGYTF', 'CASSLARGTGDGYTF', 'CASSLTTGLANYGYTF', 'CASSLGGDGYTF', 'CATQRRDRGSGGYTF', 'CASSLVGVYGYTF', 'CASSLLGGADYGYTF', 'CASSLAAADDHGYTF'	44, 2, 1, 1, 1, 1, 1, 1, 1, 1
TRBV5-6.TRBJ1-1	9	3.02716911844	0.954965532958	'CASSMGDTGVTEAFF', 'CASSQQGMNIEACF', 'CASSWQGGEACF', 'CASSMGDTGVTEACF', 'CASSQQGMNIEAFF', 'CASSWQGGEAFF', 'CASSVGQRNTEAFF', 'CASTLNTEAFF', 'CASSIGDTGVTEAFF'	3, 1, 1, 1, 1, 1, 1, 1, 1
TRBV6-4.TRBJ1-1	1	0.0	0	'CASSSQTGGITEAFF'	5
TRBV6-4.TRBJ1-6	3	1.58496250072	1.0	'CASSDSEKSPLHF', 'CASSDFRNSPLHF', 'CASSDSENSPLHF'	1, 1, 1
TRBV5-6.TRBJ1-6	1	0.0	0	'CASSLGGGQRSPLHF'	1
TRBV5-6.TRBJ1-4	5	1.95914791703	0.843759081662	'CASSLGRTAEKLFF', 'CASSLGRTAEKRFF', 'CASSLGRTAEKLFC', 'CASSLGRTAEKRFC', 'CASSLGPPNEKLFF'	6, 2, 2, 1, 1
TRBV4-3.TRBJ2-7	1	0.0	0	'CASSQVGGGSYEQYF'	1
TRBV5-5.TRBJ2-1	3	1.58496250072	1.0	'CASTLLTHGGEQFF', 'CASSLGAGMVNEQFF', 'CASSLALNPYNEQFF'	1, 1, 1
TRBV6-5.TRBJ1-2	11	3.2195282823	0.930652383748	'CASSRDRQTGYTF', 'CASSYSGPPYGYTF', 'CASSYGQGGYTF', 'CASRPYTTGRYGYTF', 'CASSGPGQGARGYTF', 'CASSYSRSALRYGYTF', 'CASSRFLTGVDGYTF', 'CASRGDRQDGYTF', 'CASSRTGMEGYTF', 'CASRGQGGANYGYTF', 'CATFSSRNYGYTF'	4, 3, 2, 1, 1, 1, 1, 1, 1, 1, 1
TRBV6-5.TRBJ1-1	14	3.61687460596	0.949970433542	'CASSSGQGGNTEAFF', 'CASSSLTPGWACF', 'CASSFGQNTEACF', 'CASSSNSGTACF', 'CASMGSEACF', 'CASSYGTGGFNTEAFF', 'CASSFGQNTEAFF', 'CASSSLTPGWAFF', 'CASSYLRSGGDTEAFF', 'CASMGSEAFF', 'CASSSNSGTAFF', 'CASSSGQGGNTEACF', 'CASSYSIGTEAFF', 'CASKKGIVAFF'	4, 1, 1, 1, 1, 1, 1, 1, 1, 1, 1, 1, 1, 1
TRBV6-5.TRBJ1-6	5	2.05458516934	0.884861668999	'CASSYALGARNSPLHF', 'CASSYGGRSYNSPLHF', 'CASSYALGARKSPLHF', 'CASSYGGRSYKSPLHF', 'CASSYSKYNSPLHF'	5, 3, 2, 1, 1
TRBV6-5.TRBJ1-5	3	1.44881563573	0.914100892019	'CASRPTGRNQPQHF', 'CASSPGADQPQHF', 'CASARQVASQPQHF'	3, 3, 1
TRBV6-5.TRBJ1-4	5	1.70043971814	0.73233952502	'CASRYRDRGEKLFF', 'CASRYRDRGEKRFC', 'CASSSNQGGFREKLFC', 'CASRYRDRGEKLFC', 'CASSSNQGGFREKLFF'	8, 2, 1, 1, 1
TRBV12-5.TRBJ1-5	2	1.0	1.0	'CASGQESGNQPQHF', 'CASGLETGNQPQHF'	1, 1
TRBV12-5.TRBJ1-4	1	0.0	0	'CASGLGLATNEKLFF'	2
TRBV12-5.TRBJ1-2	1	0.0	0	'CATGQGANYGYTF'	1
TRBV12-5.TRBJ1-1	4	1.6644977792	0.8322488896	'CASRADRPNTEAFF', 'CASGPPPGLNTEAFF', 'CASGFGREAFF', 'CASGFDRDLTEAFF'	4, 1, 1, 1
TRBV7-3.TRBJ1-4	1	0.0	0	'CARGETNEKLFF'	1
TRBV7-3.TRBJ1-5	1	0.0	0	'CASSSKTGTNNQPQHF'	1
TRBV7-3.TRBJ1-6	1	0.0	0	'CASSPQGSPPLHF'	1
TRBV7-3.TRBJ1-1	2	1.0	1.0	'CASSSGPAAEAFF', 'CASSLSGSVSAEAFF'	1, 1
TRBV7-3.TRBJ1-2	1	0.0	0	'CASSLGGGTGVLENGYTF'	1
TRBV7-3.TRBJ1-3	2	1.0	1.0	'CASSLTGSSGNTIYV', 'CASSPDGSSGNTIYF'	1, 1
TRBV12-5.TRBJ2-7	2	0.811278124459	0.811278124459	'CASGLYSIDSDAYEQYF', 'CASGLVWDEQYF'	3, 1
TRBV12-5.TRBJ2-1	4	2.0	1.0	'CASGLVAGSEQFF', 'CASALRELRNNEQFF', 'CASGLGLAGGFQQFF', 'CASGLTRDGRHPFLNEQFF'	1, 1, 1, 1
TRBV12-5.TRBJ2-3	2	0.811278124459	0.811278124459	'CASGLLRGYTDTQYF', 'CASGFTNDGRPYTDTQYF'	3, 1
TRBV7-3.TRBJ2-7	5	2.25162916739	0.969723899868	'CASSDGPTYEQYF', 'RASSLIREASSYEQYF', 'RASSLRGGTGYEQYF', 'CASSPGRPYEQYF', 'CASSPGLPYEQYF'	2, 1, 1, 1, 1
TRBV7-3.TRBJ2-6	1	0.0	0	'RASSSRTLNRSPLSGANVLTF'	1
TRBV7-3.TRBJ2-5	1	0.0	0	'CASSLKLGQGQTQYF'	1
TRBV7-3.TRBJ2-3	5	1.43454914	0.617826686	'CASSLIGGSTDTQYF', 'CASSLVSQGADTQYF', 'CASSLMGGSTDTQYF', 'CASSLAGGPDTQYF', 'CASSFRAATDTQYF'	10, 1, 1, 1, 1
TRBV7-3.TRBJ2-2	8	2.91397707318	0.971325691061	'CASSLLAGAGELFF', 'RASSLTSGRTGELFF', 'CASSPTGNTGELFF', 'CASSLLVGAGELFF', 'CASSSGPAGELFF', 'CASSPTGNTGELVF', 'CASSWTSNTGELFF', 'CASSSGGNTGELFF'	2, 2, 2, 1, 1, 1, 1, 1
TRBV7-3.TRBJ2-1	3	1.5	0.946394630357	'CASSLNGDEQFF', 'CASSLSGSGGATRQFF', 'CASSLAGDEQFF'	2, 1, 1
TRBV5-3.TRBJ2-5	1	0.0	0	'CARSFSGRTSGEGETQYF'	2
TRBV5-3.TRBJ2-3	1	0.0	0	'CASRSERGVADTQYF'	1
TRBV2-1.TRBJ1-3	5	2.32192809489	1.0	'CASSEWQGGNTIYV', 'CASSDGGWGNTIYV', 'CASSDGGWGNTIYF', 'CASSEWQGGNTIYF', 'CASSETPGGNTIYF'	1, 1, 1, 1, 1
TRBV2-1.TRBJ1-2	5	2.15563906223	0.92838321177	'CASRGGNYGYTF', 'CASSAGYGYTF', 'CASSATEAYGYTF', 'CASSEVDRTAKIANYGYTF', 'CARDRRDGYTF'	3, 2, 1, 1, 1
TRBV2-1.TRBJ1-1	8	2.94770277922	0.982567593073	'CASSPVEGTEAFF', 'CASTVTGGIYTEAFF', 'CASSPVEGTEACF', 'CASTPENRGVAFF', 'CASKVRTGEINEAFF', 'CASRETDFTLEAFF', 'CASRGQGGTYNCF', 'CASRGQGGTYNFF'	2, 1, 1, 1, 1, 1, 1, 1
TRBV2-1.TRBJ1-5	5	2.12808527889	0.9165164432	'CASGGEQGNQPQHF', 'CASSEHSNQPQHF', 'CASSVKGSSQPQHF', 'CASRAGLSANQPQHF', 'CASSYQGSNQPQHF'	3, 1, 1, 1, 1
TRBV2-1.TRBJ1-4	3	1.5	0.946394630357	'CASCQAGEKLFF', 'CASSPNRGTGEKLFF', 'CASCQAGEKRFF'	2, 1, 1
TRBV5-5.TRBJ1-4	1	0.0	0	'CASKTSRTGEKLFF'	1
TRBV30-1.TRBJ2-1	8	2.94770277922	0.982567593073	'CAWNTGTTYNEQFF', 'CAWSLGSNNEQFF', 'CAWNAGSNNEQFF', 'CAWSAGRDYNEQFF', 'CAWSVGQGYYNEQFF', 'CAWSVRAGNPNEQFF', 'CAWSVLQYEQFF', 'CAWAPLSGTGNEQFF'	2, 1, 1, 1, 1, 1, 1, 1
TRBV30-1.TRBJ2-2	5	1.87996494873	0.809656833416	'CAWSRGRQTLALSTGELFF', 'CAWIETGAGELFF', 'CAWSRGRQTLALSTGELVF', 'CAWMVESRANTGELFF', 'CAWAQDFTGELFF'	5, 1, 1, 1, 1
TRBV30-1.TRBJ2-3	3	1.5	0.946394630357	'CACGSGGPPDTQYF', 'CAWKRHRADTQYF', 'CAVGVEGPTDTQYF'	2, 1, 1
TRBV30-1.TRBJ2-5	3	0.856995717854	0.540704097077	'CAWEDQNQETQYF', 'CAWSRGLAGVQETQYF', 'CAWQASQETQYF'	17, 3, 1
TRBV5-5.TRBJ1-2	1	0.0	0	'CASLGTGGFNYGYTF'	1
TRBV30-1.TRBJ2-7	7	2.72192809489	0.96957035019	'CAWSVHRSYEQYF', 'CAWSPGGTRVGEQYF', 'CAWDPGSTYEQYF', 'CACDSPWPGSYEQYF', 'CAWSLWTGVDEQYF', 'CAWSVQGSEQYF', 'CAWSVHRAYEQYF'	2, 2, 2, 1, 1, 1, 1
TRBV30-1.TRBJ1-3	8	2.81507241012	0.938357470039	'CAWSVPAGTRNTIYF', 'CAWKVYSGNTIYF', 'CAWKVYSGNTIYV', 'CAWSVPAGTRNTIYV', 'CAWSENSGNTIYV', 'CAWSSGTGGNTIYV', 'CAWSENSGNTIYF', 'CAWSSGTGGNTIYF'	3, 3, 2, 1, 1, 1, 1, 1
TRBV30-1.TRBJ1-2	1	0.0	0	'CAWDPGTGSYGYTF'	1
TRBV30-1.TRBJ1-1	6	2.22219157551	0.859661049198	'CAWSLLGANTEAFF', 'CAWSLLGANTEACF', 'CAWSVQVNEACF', 'CAWSGIGTAIEAFF', 'CAWSVQVNEAFF', 'CAWSYSLNTEAFF'	5, 2, 1, 1, 1, 1
TRBV5-5.TRBJ2-3	3	1.58496250072	1.0	'CASRSERGVADTQYF', 'CASSLVGTETTDTQYF', 'CASRKDRESATDTQYF'	1, 1, 1
TRBV30-1.TRBJ1-6	2	0.918295834054	0.918295834054	'CAWSPGRYNSPLHF', 'CAWSPGRYKSPLHF'	2, 1
TRBV30-1.TRBJ1-5	4	2.0	1.0	'CAWSPPGSGQPQHF', 'CAWSIIARGRDQPQHF', 'CAWDVGGQPQHF', 'CAWSLGWQSNQPQHF'	1, 1, 1, 1
TRBV30-1.TRBJ1-4	5	2.25162916739	0.969723899868	'CAWRGMAGLFF', 'CAWSKGTGPNEKLFF', 'CAWKKEKLFF', 'CAWSFSTNEKLFF', 'CAWSRGQYATNEKLFF'	2, 1, 1, 1, 1
TRBV19-1.TRBJ2-7	25	3.29424601323	0.709377267213	'CASSISTGVGEQYF', 'CASSSGQGVEEQYF', 'CASSIALFRNEQYF', 'CASMGRAGILGSYEQYF', 'CASSPTTGDYEQYF', 'CASSISRLQGIYEQYF', 'CASSGTSGDYEQYF', 'CASSQGQGYEQYF', 'CASSIGGQKQYF', 'CASSPFLQGYEQYF', 'CASSIVDRALYEQYF', 'CASSHREGAYEQYF', 'CASSISTGEGEQYF', 'CASSIAAGQNEQYF', 'CASSIGEQKQYF', 'CASSIGRKYEQYF', 'CASSISREGGYEQYF', 'CASSISQGRTYEQYF', 'CASRITGFAQEQYF', 'CASSIGEFGLYEQYF', 'CASRPTSGDYEQYF', 'CASSITVWGNEQYF', 'CASSIDGGSDYEQYF', 'CASSSGPSSYEQYF', 'CATSIAGAGGGYEQYF'	32, 3, 2, 2, 2, 2, 2, 2, 3, 1, 1, 1, 1, 1, 1, 1, 1, 1, 1, 1, 1, 1, 1, 1, 1
TRBV19-1.TRBJ2-6	4	2.0	1.0	'CASSISSGANVLTF', 'CASSKGPGANVLTF', 'CASSISWGLGASGANVLTF', 'CASSLREEVSGANVLTF'	1, 1, 1, 1
TRBV19-1.TRBJ2-5	4	2.0	1.0	'CASSISGQETQYF', 'CASRSGTGETQYF', 'CASGRGGSPGETQYF', 'CASSVASAGTKGGTQYF'	1, 1, 1, 1
TRBV19-1.TRBJ2-4	22	2.53151151472	0.567675823112	'CASSIAAFENIQYF', 'CASSIASPTSGSKNIQYF', 'CASSISVAKNIQYF', 'CASSISSGKNIQYF', 'CASSIAAVENMQYF', 'CASSELLEGGKNIQYF', 'CASKAQGPIQYF', 'CASSIATGQNIQYF', 'CASSISIAKNIQYF', 'CASSIASPTSGSKNMQYF', 'CASSITALTTGAKNIQYF', 'CASSMGGGREKYF', 'CASSIAGGENIQYF', 'CASSRAGIGPFNIQYF', 'CASSISGGQNIQYF', 'CASSIAYSTMGAKNIQYF', 'CASSIALAKNMQYF', 'CASSIAAGENMQYF', 'CASSIATGANIQYF', 'CASSISSGVNIQYF', 'CASSIALAKNIQYF', 'CASSIAAGENIQYF'	58, 7, 3, 2, 2, 2, 2, 2, 2, 1, 1, 1, 1, 1, 2, 1, 1, 1, 1, 1, 1, 1
TRBV19-1.TRBJ2-3	12	3.54659356429	0.989297255852	'CASKGRQITDTQYF', 'CASSIAAGTDTQYF', 'CASSITASRFNTDTQYF', 'CASSISGGANTQYF', 'CASSISSGEGTQYF', 'CASAPTSGTHTQYF', 'CASSIGSGGTPYEDTQYF', 'CASSISQGANTQYF', 'CASSYWLNTDTQYF', 'CASSGRDRGYTDTQYF', 'CASSIGLTDTQYF', 'CASSLAYRPHTDTQYF'	2, 1, 1, 1, 1, 1, 1, 1, 1, 1, 1, 1
TRBV19-1.TRBJ2-2	11	3.00160949706	0.867659727941	'CASSIQGSTGELFF', 'CASSKSQGKGGELFF', 'CASRSGTGESTGELFF', 'CASSKIAGVGTGELFF', 'CASSIGGYTGELFF', 'CASSIQGSTGELVF', 'CASHPSHTGELFF', 'CASIGTRELFF', 'CASSITGLTGELFF', 'CASSIAFGAGELFF', 'CAGLDRGTGELFF'	7, 3, 2, 1, 1, 1, 1, 1, 1, 1, 1
TRBV19-1.TRBJ2-1	14	3.58418371978	0.941384187488	'CASSMNTLGLNEQFF', 'CASSIHRPGGQNNEQFF', 'CASTLSGEPYNEQFF', 'CASSSLAGAFYNEQFF', 'CASMARAGGYNEQFF', 'CASSISTGNEQFF', 'CASSITGYTEQFF', 'CASSIDLSGGLYNEQFF', 'CASSQGAIEQFF', 'CASRPGNDNEQFF', 'CASSIGYRTVGSSYNEQFF', 'CASSISETGNTEQFF', 'CASSIGGGARSYNEQFF', 'CASSITGFIARDYNEQFF'	4, 3, 2, 1, 1, 1, 1, 1, 1, 1, 1, 1, 1, 1
TRBV19-1.TRBJ1-4	6	2.44643934467	0.946411928215	'CASSIVVWHEKLFF', 'CASSIPGQGHLNEKLFF', 'CASSIVVWHEKLFC', 'CASSIVVWHEKRFF', 'CASSMTGFFNEKLFF', 'CASSIATGEKLFF'	3, 2, 1, 1, 2, 1
TRBV19-1.TRBJ1-5	22	4.27091033543	0.957725266506	'CASSTTRGGQPQHF', 'CASSIAPGQGGLPQHF', 'CASSPGFQPQHF', 'CASNYGPFNQPQHF', 'CASSLSGSGNQPQHF', 'CAAGGEYSNQPQHF', 'CASSSGTANQPQHF', 'CASSWRHSNQPQHF', 'CASSIGDRDQPQHF', 'CASSMDLYQPQHF', 'CASSIGGLGSNQPQHF', 'CASSADRGRPVDQPQHF', 'CASSLPTGVRQPQHF', 'CASSITTYSNQPQHF', 'CASFKGTGNQPQHF', 'CASSIVTVDSNQPQHF', 'CASSILGRGRQPQHF', 'CASSTGVLGNQPQHF', 'CASSWRHSKQPQHF', 'CASSWGTGNQPQHF', 'CASSIDLYQPQHF', 'CASSIYSNQPQHF'	5, 3, 2, 2, 2, 2, 2, 2, 2, 2, 1, 1, 1, 1, 1, 1, 1, 1, 1, 1, 1, 1
TRBV19-1.TRBJ1-6	9	2.98522813603	0.941734626111	'CASSLYANSPLHF', 'CASSIAYAPDSRSYNSPLHF', 'CASSRTNSPLHF', 'CASSRTKSPLHF', 'CASSIAYAPDSRSYKSPLHF', 'CASSRQLLNNSPLHF', 'CASSIAGQGNSPLHF', 'CASSIEGYSPLHF', 'CASSIRRTGDSPLHF'	3, 3, 2, 1, 1, 1, 1, 1, 1
TRBV19-1.TRBJ1-1	25	3.84409753553	0.82778134775	'CASSIGEGRRAFF', 'CASSIAPGQGVAFF', 'CASRRDRARAEAFF', 'CASSTNRLNTEAFF', 'CASKPTAGDTEAFF', 'CASSIGGQGLLNTEAFF', 'CASSIGEGRRACF', 'CASSIGGQGLLNTEACF', 'CASRRDRARAEACF', 'CASSTGGTEAFF', 'CASSIDLGGTTEAFF', 'CASSINSRVLGFDTEAFF', 'CARKGYTEAFF', 'CASSISPGNKAFF', 'CASSIGPDRGTEAFF', 'CASMRGGTEAFF', 'CASSPSRGGTEACF', 'CASSIAGGHGGACF', 'CASSIAPGQGVACF', 'CASSTNRLNTEACF', 'CASSIFGLNTEAFF', 'CASSPSRGGTEAFF', 'CASIGGMNTEAFF', 'CASSIAGGHGGAFF', 'CASSIGWGPTNTEAFF'	17, 6, 5, 4, 3, 2, 2, 1, 1, 1, 1, 1, 1, 1, 1, 1, 1, 1, 1, 1, 1, 1, 1, 1, 1
TRBV19-1.TRBJ1-2	15	3.83659166811	0.982006425371	'CASSKTQGAYGYTF', 'CASSISREGGYGYTF', 'CASTSQGAGYGYTF', 'CASMRAPGHENYGYTF', 'CASKPGGNRVPYYGYTF', 'CASSRTGASGYTF', 'CASSSRDRENYGYTF', 'CASSIAQTAIYGYTF', 'CASNARDSRNYGYTF', 'CASSIAAGQGNYGYTF', 'CASSMGQNYGYTF', 'CASTQGALDYGYTF', 'CASSISEGMGGYTF', 'CATQAVYGYTF', 'CASSISILGGSSGYTF'	2, 2, 1, 1, 1, 1, 2, 1, 1, 1, 1, 1, 1, 1, 1
TRBV19-1.TRBJ1-3	14	3.28845045731	0.863709983605	'CASSIVAYAASGNTIYF', 'CASSISSGNTIYF', 'CASSISSGSGNTIYF', 'CASSISGSSGNTIYF', 'CASSIVAYAASGNTIYV', 'CASSIVAYAASGNTRYV', 'CASSISGSSGNTIYV', 'CASSISEGSGNTIYF', 'CASSPRQHSSGNTIYF', 'CASSIGGTGNTIYF', 'CASSIAAGENTIYF', 'CASSIGGTGNTIYV', 'CASSISSGNTIYV', 'CATYQGAGNTIYF'	9, 4, 2, 2, 2, 1, 1, 1, 1, 1, 1, 1, 1, 1
TRBV5-4.TRBJ1-4	1	0.0	0	'CASTSLDVGEKLFF'	1
TRBV5-4.TRBJ1-6	1	0.0	0	'CASTDDREVWGSPLHF'	2
TRBV5-4.TRBJ1-1	8	2.46132014021	0.820440046737	'CASSPGTGIMNTEAFF', 'CASSTRRTGMTEAFF', 'CASSLAPGEAFF', 'CASSLEGMNTEAFF', 'CASSLEQGANTEAFF', 'CASSLGAVNTEAFF', 'CASSLAPGEACF', 'CASSLRTGMGNTEAFF'	8, 3, 2, 1, 1, 1, 1, 1
TRBV5-4.TRBJ1-3	2	1.0	1.0	'CASSLDGNTIYV', 'CASSLDGNTIYF'	1, 1
TRBV5-4.TRBJ1-2	2	0.811278124459	0.811278124459	'CASSHRQGLTNYGYTF', 'CASSLGGTGVNGYTF'	3, 1
TRBV5-4.TRBJ2-7	4	1.6644977792	0.8322488896	'CASSLDRRYEQYF', 'CASSLDYLNSYEQYF', 'CASSSCGTISYEQYF', 'CAYITTSYEQYF'	4, 1, 1, 1
TRBV5-4.TRBJ2-5	5	2.32192809489	1.0	'CASSLRRGQETQYF', 'CASSLCTLAAKTQYF', 'CASRPGSSSGSQETQYF', 'CASSLGEEGETQYF', 'CASSPGLAGGPEETQYF'	1, 1, 1, 1, 1
TRBV5-4.TRBJ2-2	3	1.5	0.946394630357	'CASSQGRGSFTGELFF', 'CASSLERNTGELFF', 'CASSLANTGELFF'	2, 1, 1
TRBV5-4.TRBJ2-3	5	0.0795359784737	0.0342542814521	'CASRSERGVADTQYF', 'CASSIRAPDTQYF', 'CATEATTSGGLQIRQYF', 'CASSLDRFTDTQYF', 'CASSPGGGWDTQYF'	523, 1, 1, 1, 1
TRBV5-4.TRBJ2-1	3	1.06127812446	0.669591945536	'CASSLVYGTLSEQFF', 'CASSPGGVNKQFF', 'CASSLARAGGNEQFF'	6, 1, 1
TRBV18-1.TRBJ1-1	6	2.52164063634	0.975503759006	'CASSPQNRGNTEAFF', 'CASSPRVILNTEAFF', 'CASSPPNRDRLEAFF', 'CASSPPGRTEAFF', 'CASSPVKGQNTEAFF', 'CASSPQNRGNTEACF'	2, 1, 1, 1, 1, 1
TRBV18-1.TRBJ1-3	3	1.58496250072	1.0	'CASSPRGRPSSGNTIYV', 'CASSPRGRPSSGNTIYF', 'CASSTRTGFTSGNTIYF'	1, 1, 1
TRBV18-1.TRBJ1-2	7	2.80735492206	1.0	'CASSPQGRNYGYTF', 'CASSLRTANYGYTF', 'CASSKEVASRIGDRGMDGYTF', 'CASSPRTGPGRDGYTF', 'CASSPDRGYGYTF', 'CASSPGQGYGYTF', 'CASSPTGEGYTF'	1, 1, 1, 1, 1, 1, 1
TRBV18-1.TRBJ1-5	3	1.14883485428	0.724834091506	'CASSWGGNQPQHF', 'CASSPLNNQPQHF', 'CASGQGARNQPQHF'	5, 1, 1
TRBV18-1.TRBJ1-4	2	0.918295834054	0.918295834054	'CASSPFSSTNEKLFF', 'CASSRGQEEKLFF'	2, 1
TRBV18-1.TRBJ1-6	2	0.811278124459	0.811278124459	'CASSPGTGSSPLHF', 'CASSPGTGRSPLHF'	3, 1
TRBV12-1.TRBJ2-6	1	0.0	0	'CASSFSGSGANVLTF'	21
TRBV12-1.TRBJ2-7	1	0.0	0	'CASSVDNYEQYF'	1
TRBV6-5.TRBJ2-1	8	2.85538854221	0.951796180736	'CASSYSTSGSVEQFF', 'CASSYSTSGRVEQFF', 'CASKLAAYNEQFF', 'CASSYVDSHNEQFF', 'CASSYRYEQFF', 'CASSHHLGGKNEQFF', 'CASSYLDSHNEQFF', 'CASSYQTGGEQFF'	3, 2, 2, 1, 1, 1, 1, 1
TRBV6-5.TRBJ2-2	6	2.58496250072	1.0	'CASSGNTGELFF', 'CASSYSMTGELFF', 'CATSGNTGELFF', 'CASSSNTGELFF', 'CASSYVGTGELFF', 'CASSYSAGPGELFF'	1, 1, 1, 1, 1, 1
TRBV6-5.TRBJ2-3	6	2.5	0.967132018086	'CASRNGLAGTDTQYF', 'CASSPQTLLTQYF', 'CASRVTSGRLNTQYF', 'CASSYVRGGDTQYF', 'CASSYKKLAVQYF', 'CASSYSPNQKDTQYF'	2, 2, 1, 1, 1, 1
TRBV25-1.TRBJ2-3	2	1.0	1.0	'CASRPGLATDTQYF', 'CASSDAGVGTDTQYF'	1, 1
TRBV18-1.TRBJ2-2	1	0.0	0	'CASSPRQQNTGELFF'	1
TRBV18-1.TRBJ2-3	3	1.37095059445	0.864973520718	'CASSPRGGASTDTQYF', 'CASSRSPGATDTQYF', 'CASSIGGTDTQYF'	3, 1, 1
TRBV18-1.TRBJ2-1	5	2.32192809489	1.0	'CASSPTAGVGHEQFF', 'CASSPGAGGGGLWNEQFF', 'CASSPRTSGGAGEQFF', 'CASSLRNEQFF', 'CASSPPIRGGLFYNEQFF'	1, 1, 1, 1, 1
TRBV18-1.TRBJ2-6	1	0.0	0	'CASSPSGANVLTF'	1
TRBV18-1.TRBJ2-7	3	1.5	0.946394630357	'CASSPLATSYEQYF', 'CASSYSPSGPYEQYF', 'CASSPVGRAGDYEQYF'	2, 1, 1
TRBV18-1.TRBJ2-5	7	2.75	0.979569764547	'CASSGRQRETQYF', 'CASSPLQGAETQYF', 'CASSPPGLAGGQETQYF', 'CASSLRAGVQETQYF', 'CASSPQSVGGETQYF', 'CASSLRAEVQETQYF', 'CASSLRTGEETQYF'	2, 1, 1, 1, 1, 1, 1
TRBV6-5.TRBJ2-7	8	2.84535093662	0.948450312207	'CASSYRTSHEQYF', 'CASSYSGLSYEQYF', 'CASSSGQGGSYEQYF', 'CASSYGLAPYEQYF', 'CASRLNQGAREQYF', 'CASSRGRARGYEQYF', 'CASSTGPTPGEQYF', 'CASSYDRSSYEQYF'	2, 3, 1, 1, 1, 1, 1, 1
TRBV29-1.TRBJ1-1	19	3.86230087636	0.909220052398	'CSASPRGTRGAFF', 'CSVETIGGQAEAFF', 'CSVVGVEKTEAFF', 'CSVETIGGQAEACF', 'CSASPRGTRGACF', 'CSVVGVEKTEACF', 'CSVNRGMNTEACF', 'CSVLRLGQRGTEACF', 'CSVAGTPGLKAFF', 'CSVFRQGGTEAFF', 'CSVNRGMNTEAFF', 'CSVLRLGQRGTEAFF', 'CSVSRTANTEACF', 'CSVSGLVGTEACF', 'CSVSGLVGTEAFF', 'CSVSRTANTEAFF', 'CSATRGQGGTEAFF', 'CSVGSPGSTEAFF', 'CSVVRGPAFF'	7, 4, 3, 2, 2, 1, 1, 1, 1, 1, 1, 1, 1, 1, 1, 1, 1, 1, 1
TRBV29-1.TRBJ1-2	19	3.62332038109	0.852961913692	'CSVEGLTTGQGGGGYTF', 'CSVLNAGGYTF', 'CSAKDRSYGYTF', 'CSVGGFYGYTF', 'CSVGEGSPYTF', 'CSVEEYRDYGYTF', 'CSVGLDRGNYGYTF', 'CSVGGKLYGYTF', 'CSVIGPDRAGYTF', 'CSVLTAYGYTF', 'CSVEGLTTGQGGGGYIF', 'CSVEGIRNGYTF', 'CSVVGGPRAF', 'CSVVGHWGYTF', 'CSVAGQGASYGYTF', 'CSVAGNYGYTF', 'CSAWAGWDYGYTF', 'CSVAGQGAIYGYTF', 'CSVSKGVRGPVNYGYTF'	11, 2, 2, 1, 1, 1, 1, 1, 1, 1, 1, 1, 1, 1, 1, 2, 1, 1, 1
TRBV29-1.TRBJ2-2	2	1.0	1.0	'CSVDNTGELFF', 'CSVELGGANTGELFF'	1, 1
TRBV29-1.TRBJ2-3	3	1.58496250072	1.0	'CSAGLARADTQYF', 'CSVEEADTQYF', 'CSVKKGQGKDTQYF'	1, 1, 1
TRBV29-1.TRBJ2-1	10	3.18989809546	0.960255009846	'CSVESVISYNEQFF', 'CSVAPLARYNEQFF', 'CSVGFEQFF', 'CSVDHGLAGGDEQFF', 'CSVPGLGFNEQFF', 'CSVYGLYDNEQFF', 'CSANRVSLYNEQFF', 'CSDEPCLDSVNEQFF', 'CSANRLSLYNEQFF', 'CSVEFSGSSGKPYNEQFF'	3, 2, 2, 2, 1, 1, 1, 1, 1, 1
TRBV29-1.TRBJ2-6	4	1.61718957259	0.808594786296	'CSVEDRQPGTGANVLTF', 'CSGEGASGANVLTF', 'CSVKVASGANVLTF', 'CSVKSVGDGSSGANVLTF'	6, 3, 1, 1
TRBV29-1.TRBJ2-7	5	2.19715972342	0.946265187222	'CSVEVEGGMGRTYEQYF', 'CSVRAPRTPYEQYF', 'CSVDGQGVSEQYF', 'CSVEAVPGQGLGQYF', 'CSVEKEAGSSYEQYF'	3, 2, 2, 1, 1
TRBV29-1.TRBJ2-5	9	3.02205520887	0.953352274107	'CSVEDRGTEETQYF', 'CSVGQGPETQYF', 'CSAGRQETQYF', 'CSVVSLIVQETQYF', 'CSVGLAGLRETQYF', 'CSVVSLIFQETQYF', 'CSVGRQETQYF', 'CSVGLAGLIETQYF', 'CSVLTGQGKTQYF'	3, 2, 1, 1, 1, 1, 1, 1, 1
TRBV7-9.TRBJ1-2	7	2.55034070955	0.908449690315	'CASSRTSPPNYGYTF', 'CASSPMTGYEYGYTF', 'CASSPTGATPNYGYTF', 'CASSRDPRQGDYTF', 'CASSPRGRRELYGYTF', 'CASSLEGGAYGYTF', 'CASSLEFWQKDYGYTF'	4, 2, 1, 1, 1, 1, 1
TRBV15-1.TRBJ1-1	2	1.0	1.0	'CATSRGGVETEAFF', 'CATSSTRGFEAFF'	1, 1
TRBV15-1.TRBJ1-3	1	0.0	0	'CATSEGVGLSSGNTIYF'	1
TRBV15-1.TRBJ1-4	2	1.0	1.0	'CATSRDRAGLSQKLFF', 'CATSRDYGTGVREKLFF'	1, 1
TRBV15-1.TRBJ1-5	2	0.918295834054	0.918295834054	'CATRLGVSNQPQHF', 'CATSRQGVHQPQHF'	2, 1
TRBV7-8.TRBJ1-1	4	1.92192809489	0.960964047444	'CASSSTFEAFF', 'CASSPQMDSREAFF', 'CASSLALMGGPPEAFF', 'CASSLWNTEAFF'	1, 2, 1, 1
TRBV13-1.TRBJ2-5	1	0.0	0	'CASRRTGTETQYF'	1
TRBV13-1.TRBJ2-7	3	1.58496250072	1.0	'CASSQTGLAGNLSHNLYEQYF', 'CASSLGVAGAYEQYF', 'CASSSRLAGGPHSYEQYF'	1, 1, 1
TRBV13-1.TRBJ2-1	4	1.10244676167	0.551223380834	'CASSFLTQTGLISYNEQFF', 'CASSLWDGEQFF', 'CASSLWEGEQFF', 'CASSRERERIVGQFF'	28, 9, 1, 1
TRBV13-1.TRBJ2-3	3	1.37095059445	0.864973520718	'CASSLTGGGTDTQYF', 'CASSPGLATDTQYF', 'CASSRTSGGEDTQYF'	3, 1, 1
TRBV13-1.TRBJ2-2	1	0.0	0	'CASSLDPVGELFF'	1
TRBV13-1.TRBJ1-6	1	0.0	0	'CASSLGRVNSPLHF'	1
TRBV13-1.TRBJ1-2	1	0.0	0	'CASSLGGGGYGYTF'	1
TRBV13-1.TRBJ1-3	2	0.918295834054	0.918295834054	'CASRLGSGRNTIYV', 'CASRLGSGRNTIYF'	2, 1
TRBV15-1.TRBJ2-3	4	1.92192809489	0.960964047444	'CATSKQYGDTQYF', 'CATSRDIADTQYF', 'CATSSQRGLALDTQYF', 'CATSREVAGSTDTQYF'	2, 1, 1, 1
TRBV15-1.TRBJ2-1	3	1.37095059445	0.864973520718	'CATSSRLELRHFSYNEQFF', 'CATSSQRGLGNNEQFF', 'CATSIRTDFYNEQFF'	3, 1, 1
TRBV15-1.TRBJ2-7	3	1.5	0.946394630357	'CATSREKAGGATYEQYF', 'CATSRARRNYEQYF', 'CATSRHRDRERYEQYF'	2, 1, 1
TRBV15-1.TRBJ2-4	1	0.0	0	'CATSRGLDKNIQYF'	1
TRBV10-1.TRBJ1-2	2	1.0	1.0	'CASSGEGQRLLQPYGYTF', 'CASSDDSYGYTF'	1, 1
TRBV10-1.TRBJ1-5	2	1.0	1.0	'CASSESTGGREPQHF', 'CASSESTGGRESQHF'	1, 1
TRBV5-8.TRBJ1-1	3	0.722857897733	0.456072555284	'CASSLEQGANTEAFF', 'CASSLEQGANTEACF', 'CASSLGGTLNTEAFF'	18, 2, 1
TRBV10-1.TRBJ2-3	4	1.6644977792	0.8322488896	'CASSRSGGDTQYF', 'CASSDERSSGKCPDTQYF', 'CASSDERSSGKFPDTQYF', 'CASSPHRTSNTQYF'	4, 1, 1, 1
TRBV10-1.TRBJ2-1	1	0.0	0	'CASSEGASGAISYNEQFF'	1
TRBV5-8.TRBJ1-5	1	0.0	0	'CASTGQGATQPQHF'	1
TRBV5-8.TRBJ1-4	1	0.0	0	'CASSLNEEKLFF'	1
TRBV10-1.TRBJ2-5	2	0.5435644432	0.5435644432	'CASSEGTSRETQYF', 'CASSDSPQETQYF'	7, 1
TRBV11-3.TRBJ2-1	6	2.52164063634	0.975503759006	'CASSLGFRSTEQFF', 'CASSYSSVDHNEQFF', 'CASSRGERTYNEQFF', 'CASSLGTGSDNEQFF', 'CASSLSPDRQNEQFF', 'CASSLSQALAGSNEQFF'	2, 1, 1, 1, 1, 1
TRBV5-8.TRBJ2-3	3	1.58496250072	1.0	'CASSTGLAGAPADTQYF', 'CASSLVGTTLSTDTQYF', 'CASSLPGLADTQYF'	1, 1, 1
TRBV11-3.TRBJ2-3	1	0.0	0	'CASSLWGRPDTQYF'	1
TRBV5-8.TRBJ2-1	4	2.0	1.0	'CASSSYKRLAGVYNEQFF', 'CASSLYIEQFF', 'CASSLWRPRRDEQFF', 'CASRLGTLYNEQFF'	1, 1, 1, 1
TRBV11-3.TRBJ2-5	2	0.391243563629	0.391243563629	'CASSLEGQPQETQYF', 'CASSLEGQAGETQYF'	12, 1
TRBV5-8.TRBJ2-7	2	1.0	1.0	'CASSSELAGSGSEQYF', 'CASSGGGEQYF'	1, 1
TRBV11-3.TRBJ2-7	3	1.5	0.946394630357	'CASSFAGADYEQYF', 'CASSLAGADYEQYF', 'CASSLDGVVQYF'	2, 1, 1
TRBV5-8.TRBJ2-5	1	0.0	0	'CASSFGGVETQYF'	1
TRBV11-3.TRBJ1-1	3	0.522978426381	0.32996264968	'CASSLLPGGEAFF', 'CASSLLPGGEACF', 'CASSLVPGGEAFF'	30, 2, 1
TRBV12-2.TRBJ2-7	1	0.0	0	'CASRLCACTLAGGTYEQYF'	1
TRBV12-2.TRBJ2-3	1	0.0	0	'CASRSPGLAGSTDTQYF'	1
TRBV12-2.TRBJ2-1	1	0.0	0	'CASRLALLTGGVYNEQFF'	2
TRBV5-1.TRBJ1-1	18	4.12192809489	0.988489743451	'CASSLLQGAGTEAFF', 'CASSLMAASSNTEAFF', 'CASSSLPQGRAEAFF', 'CASSFNVNTEACF', 'CASSLVWGGGSEACF', 'CASSLWVGGMNTEAFF', 'CASSWTDRNTEAFF', 'CASSWQTGYTEAFF', 'CASSDGSNLNTEAFF', 'CASSLVWGGGSEAFF', 'CASSAAGGKNTEAFF', 'CASSFNVNTEAFF', 'CASSGGDRGGTEAFF', 'CASSLQGGMNTEAFF', 'CASSLMAASSNTEACF', 'CASSVGGMNTEAFF', 'CASSLDRGMNTEAFF', 'CASISNTEAFF'	2, 2, 1, 1, 1, 1, 1, 1, 1, 1, 1, 1, 1, 1, 1, 1, 1, 1
TRBV5-1.TRBJ1-2	20	1.03358181316	0.239148313084	'CASSSVQGLEGYGYTF', 'CASSWQGAIEAGYTF', 'CASSPRRGPFYGYTF', 'CASSSVQGGEGYGYTF', 'CASSSTGTALYGYTF', 'CASSLQDRDGYTF', 'CASSLGQGYTF', 'CASSLSMEGNGGYTF', 'CASSPRRGPVYGYTF', 'CASSPRRGPLYGYTF', 'CASSPRRGPCYGYTF', 'CASSFGTSGLNGYTF', 'CASSPGSLDGYTF', 'CASSPDRATLYGYTF', 'CASSLAEDSNYGYTF', 'CASSVTGNLNYGYTF', 'CASSSDGANYGYTF', 'CASSFGFNYGYTF', 'CASSLGTGGVYTF', 'CASSLGAGMDYGYTF'	154, 2, 2, 1, 1, 1, 1, 1, 1, 1, 1, 1, 1, 1, 1, 1, 1, 1, 1, 1
TRBV5-1.TRBJ1-3	2	1.0	1.0	'CASSNGPGVNTIYV', 'CASSNGPGVNTIYF'	1, 1
TRBV5-1.TRBJ1-6	4	1.29169199714	0.645845998569	'CASSSITGGNSPLHF', 'CASSSITGGKSPLHF', 'CASSSTGSSYKSPLHF', 'CASSSTGSSYNSPLHF'	10, 2, 1, 1
TRBV5-1.TRBJ2-3	8	2.63846006659	0.879486688862	'CASSLVGRGPDTQYF', 'CASSLVRLAGTDTQYF', 'CASSLGGGTSLLTDTQYF', 'CASSLVGTTTDTQYF', 'CASSLAARGADTQYF', 'CASTASGGAGTDTQYF', 'CATAYDREGDTQYF', 'CASSLVRGHTDTQYF'	5, 3, 1, 1, 1, 1, 1, 1
TRBV5-1.TRBJ2-2	8	0.161343806976	0.0537812689921	'CASSLGGTGELFF', 'CASSLEFSRQANTGELFF', 'CASSFTGLAGVGELFF', 'CASSLEHSGRAETGELFF', 'CASSMDRGGDTGELFF', 'CASSMDRGVDTGELFF', 'CASRQGMDTGELFF', 'CASSSRLAGNTGELFF'	556, 2, 2, 1, 1, 1, 1, 1
TRBV5-1.TRBJ2-1	12	3.45281953111	0.963139650811	'CASSIGGDYNEQFF', 'CASSSSIAGGPGEQFF', 'CASSLAVWTENSYNEQFF', 'CASSLTGESYNEQFF', 'CASSFVFDRKPNEQFF', 'CASSPSGGYNEQFF', 'CASAPINRQSYNEQFF', 'CASTDTSSYNEQFF', 'CASSLSPGGVNEQFF', 'CASSLRGTSYDEQFF', 'CASSPFGGQEQFF', 'CASSPLQAGGGYDEQFF'	3, 2, 2, 1, 1, 1, 1, 1, 1, 1, 1, 1
TRBV5-1.TRBJ2-7	20	2.95679300605	0.684137482424	'CASSPVGFQYEQYF', 'CASSLSLAAYEQYF', 'CASSIDRGESYF', 'CASSVGVDYEQYF', 'CASSLGIAGVWEQYF', 'CASSLSLYEQYF', 'CASSIDRGDSYF', 'CASRRDLNSYEQYF', 'CASSLGVDYEQYF', 'CASSLGDGTGSSYEQYF', 'CASSPQAGVSYEQYF', 'CASSLDARPLPGAEQYF', 'CASSQTYEQYF', 'CASSLVGGSTYEQYF', 'CASSLESGGLSYEQYF', 'CASSLGPDSGAYEQYF', 'CASSLKTAHYEQYF', 'CASSLGYEQYF', 'CASKMPGTGDMYEQYF', 'CASSPPDRESVEQYF'	25, 2, 1, 1, 1, 1, 1, 1, 2, 1, 2, 1, 1, 1, 1, 1, 1, 1, 1, 1
TRBV5-1.TRBJ2-6	4	2.0	1.0	'CASSLMGDIVAGANVLTF', 'CASSSGLAGTGANVLTF', 'CASSLMGDILAGANVLTF', 'CASSVRALSGANVLTF'	1, 1, 1, 1
TRBV5-1.TRBJ2-5	22	1.01188089626	0.22690804183	'CASSLVGSELGETQYF', 'CASSPRDRGQETQYF', 'CASSIAGAGVVETQYF', 'CASSWRGAREETQYF', 'CASSSRGPGGETQYF', 'CASSLVSGAKTQYF', 'CASRPGGTLETQYF', 'CASSLCPIGGGQETQYF', 'CASSLCPMCGGQETQYF', 'CASSLAGGTSIGLRETQYF', 'CASSLGLAMETQYF', 'CASSLGRRGETQYF', 'CASSLLAGGPGQETQYF', 'CASSLCPICGGQETQYF', 'CASSLDQETQYF', 'CASSLWVGETQYF', 'CASYERGETQYF', 'CASSLGPAAQETQYF', 'CASSGSFGRGQETQYF', 'CASTRDRGEETQYF', 'CASSLGGGTSGGQETQYF', 'CASSLKTAQETQYF'	216, 6, 2, 2, 2, 1, 1, 1, 1, 1, 1, 1, 1, 1, 1, 1, 1, 1, 1, 1, 1, 1
TRBV5-1.TRBJ2-4	2	1.0	1.0	'CASSLGGTVNLAKNIQYF', 'CASSSGTSESRNIQYF'	1, 1
TRBV11-1.TRBJ1-6	2	0.811278124459	0.811278124459	'CASSLASSIYNSPLHF', 'CASSLASSIYKSPLHF'	3, 1
TRBV11-1.TRBJ1-1	2	1.0	1.0	'CASSLMYTEACF', 'CASSLMYTEAFF'	1, 1
TRBV26-1.TRBJ2-6	1	0.0	0	'YASSIRRQSRANVLTF'	1
TRBV11-1.TRBJ2-7	4	1.92192809489	0.960964047444	'CASSFQRGAYEQYF', 'CASSLGTRTPYEQYF', 'CASSAGGGYEQYF', 'CASSFGEGAYEQYF'	2, 1, 1, 1
TRBV11-1.TRBJ2-5	1	0.0	0	'CASSLKRGLVGETQYF'	1
TRBV11-1.TRBJ2-3	2	0.811278124459	0.811278124459	'CASSLAGTGPPDTQYF', 'CASSNSRQGREYF'	3, 1
TRBV11-1.TRBJ2-1	1	0.0	0	'CASRSDRTGRIGNEQFF'	3
