EC01_AA	Number_VJ	H_VJ	Hnorm_VJ	VJ	Reads_VJ
CASGLVPNGGERYGYTF	1	0.0	0	'TRBV12-5.TRBJ1-2'	1
CASSPLDSYTGELFF	1	0.0	0	'TRBV6-5.TRBJ2-2'	1
CASSPTMVAGGLYEQYF	1	0.0	0	'TRBV18-1.TRBJ2-7'	1
CASSYSSYYGYTF	1	0.0	0	'TRBV6-5.TRBJ1-2'	1
CASGEGVQPQHF	1	0.0	0	'TRBV19-1.TRBJ1-5'	1
CASLLGGEQFF	1	0.0	0	'TRBV5-6.TRBJ2-1'	1
CASSFQERETQYF	1	0.0	0	'TRBV11-1.TRBJ2-5'	1
CASSGQIGTNTEAFF	1	0.0	0	'TRBV9-1.TRBJ1-1'	1
CASRSLAGGTLAKNIQYF	1	0.0	0	'TRBV10-1.TRBJ2-4'	1
CASSVLAAYEQYF	1	0.0	0	'TRBV27-1.TRBJ2-7'	1
CASRDDRYTFSETQYF	1	0.0	0	'TRBV21-1.TRBJ2-5'	2
CATSRSTLAELEETQYF	1	0.0	0	'TRBV15-1.TRBJ2-5'	1
CASSTLAGGSTDTQYF	1	0.0	0	'TRBV5-1.TRBJ2-3'	1
CASSLVGLAGGSAQYF	1	0.0	0	'TRBV7-2.TRBJ2-3'	1
CASSVEGLATRQETQYF	1	0.0	0	'TRBV9-1.TRBJ2-5'	4
CASSEVFYKVHNEKLFF	1	0.0	0	'TRBV21-1.TRBJ1-4'	1
CASSPIAGVSADTQYF	1	0.0	0	'TRBV28-1.TRBJ2-3'	2
CAISEKAGGLYEQYF	1	0.0	0	'TRBV10-3.TRBJ2-7'	1
CASSKPWPINYGYTF	1	0.0	0	'TRBV21-1.TRBJ1-2'	1
CASSQLLAGGYNEQFF	1	0.0	0	'TRBV14-1.TRBJ2-1'	1
CASSSGQGNTDTQYF	1	0.0	0	'TRBV28-1.TRBJ2-3'	1
CASRYTGWGNTEACF	1	0.0	0	'TRBV6-5.TRBJ1-1'	1
CASSLDRAGGYNEQFF	1	0.0	0	'TRBV5-4.TRBJ2-1'	1
CASSQEVSGGKETQYF	1	0.0	0	'TRBV4-1.TRBJ2-5'	2
CASSFLGGQPQHF	1	0.0	0	'TRBV27-1.TRBJ1-5'	2
CSALGSSPLHF	1	0.0	0	'TRBV29-1.TRBJ1-6'	1
CASSPVVGQLSSGNTIYF	1	0.0	0	'TRBV18-1.TRBJ1-3'	1
CASGGTGGITEACF	1	0.0	0	'TRBV5-1.TRBJ1-1'	1
CASSLASGGEWSKQPQHF	1	0.0	0	'TRBV7-8.TRBJ1-5'	1
CASRQGLAGDHEQFF	1	0.0	0	'TRBV6-5.TRBJ2-1'	1
CASRARDGGGYTF	1	0.0	0	'TRBV6-1.TRBJ1-2'	2
CASSWSGGVSDTQYF	1	0.0	0	'TRBV6-5.TRBJ2-3'	1
CASRLPTSGSRGNEQFF	1	0.0	0	'TRBV5-1.TRBJ2-1'	1
CAWSWGYYGYTF	1	0.0	0	'TRBV30-1.TRBJ1-2'	1
CASSLPRGWGNEKRFF	1	0.0	0	'TRBV4-2.TRBJ1-4'	1
CASSYPPGGSPLHF	1	0.0	0	'TRBV28-1.TRBJ1-6'	1
CATSTRKSETQYF	1	0.0	0	'TRBV15-1.TRBJ2-5'	1
CASSKAEREGNNEQFF	1	0.0	0	'TRBV21-1.TRBJ2-1'	1
CASSQELGGGYGYTF	1	0.0	0	'TRBV4-2.TRBJ1-2'	2
CASGGTGGITEAFF	1	0.0	0	'TRBV5-1.TRBJ1-1'	1
CASSYSRRGALYEQYF	1	0.0	0	'TRBV6-5.TRBJ2-7'	1
CASSVRASYEQYF	1	0.0	0	'TRBV5-6.TRBJ2-7'	1
CASRCVQSRANVLTF	1	0.0	0	'TRBV5-7.TRBJ2-6'	1
CASSGQTGTNTEAFF	1	0.0	0	'TRBV9-1.TRBJ1-1'	1
CASGLPIWSRPYEQYF	1	0.0	0	'TRBV12-5.TRBJ2-7'	1
CASSPPNRGQCTEAFF	1	0.0	0	'TRBV23-1.TRBJ1-1'	1
CASSTLYYTIRTEAFF	1	0.0	0	'TRBV21-1.TRBJ1-1'	1
CAWSPTVTEACF	1	0.0	0	'TRBV30-1.TRBJ1-1'	1
CASSQSFARGAAQETQYF	1	0.0	0	'TRBV23-1.TRBJ2-5'	1
CASSTPRQGAPEACF	1	0.0	0	'TRBV6-5.TRBJ1-1'	1
CASSSVAGGPRETQYF	1	0.0	0	'TRBV6-5.TRBJ2-5'	1
CASSQDPGRSEAFF	1	0.0	0	'TRBV4-2.TRBJ1-1'	1
CASSPLTSSTYEQYF	1	0.0	0	'TRBV6-5.TRBJ2-7'	1
CASSIQRSNYGYTF	1	0.0	0	'TRBV19-1.TRBJ1-2'	1
CASGTSGLQETQYF	1	0.0	0	'TRBV5-1.TRBJ2-5'	1
CASIGQGRYEQYF	1	0.0	0	'TRBV2-1.TRBJ2-7'	1
CASSIRERQYF	1	0.0	0	'TRBV19-1.TRBJ2-7'	1
CASSLLAAYEQYF	1	0.0	0	'TRBV27-1.TRBJ2-7'	1
CASSKEVAGVDEQFF	1	0.0	0	'TRBV21-1.TRBJ2-1'	1
CASSYSDRDMNTEACF	1	0.0	0	'TRBV6-6.TRBJ1-1'	1
CSALGRSPLHF	1	0.0	0	'TRBV29-1.TRBJ1-6'	1
CASSVNRETSGNTIYF	1	0.0	0	'TRBV9-1.TRBJ1-3'	1
CASSGPGGTQYF	1	0.0	0	'TRBV25-1.TRBJ2-5'	1
CAWSPTVTEAFF	1	0.0	0	'TRBV30-1.TRBJ1-1'	1
CASSLTGLGIQYF	1	0.0	0	'TRBV7-2.TRBJ2-4'	1
CASSQSFITTGSPTGELFF	1	0.0	0	'TRBV14-1.TRBJ2-2'	1
CASGTRTGGYEQYF	1	0.0	0	'TRBV12-5.TRBJ2-7'	1
CAINMRWSPNNEQFF	1	0.0	0	'TRBV6-1.TRBJ2-1'	1
CASSVNRETSGNTIYV	1	0.0	0	'TRBV9-1.TRBJ1-3'	1
CASRYTGWGNTEAFF	1	0.0	0	'TRBV6-5.TRBJ1-1'	1
CASSLLGSPSTDTQYF	1	0.0	0	'TRBV5-1.TRBJ2-3'	1
CASSINTPQSRANVLTF	1	0.0	0	'TRBV7-8.TRBJ2-6'	1
CSVEGGYEERSGNTIYF	1	0.0	0	'TRBV29-1.TRBJ1-3'	1
CASSLAGTNTGELVF	1	0.0	0	'TRBV5-6.TRBJ2-2'	1
CASSRDQETQYF	1	0.0	0	'TRBV6-1.TRBJ2-5'	1
CASSQERGNYGYTF	1	0.0	0	'TRBV4-1.TRBJ1-2'	1
CASTAGLGSTDTQYF	1	0.0	0	'TRBV10-1.TRBJ2-3'	1
CASSPLSFGTPNTGELFF	1	0.0	0	'TRBV18-1.TRBJ2-2'	1
CSVEGGYEERSGNTIYV	1	0.0	0	'TRBV29-1.TRBJ1-3'	1
CASSLFGNYGYTF	1	0.0	0	'TRBV27-1.TRBJ1-2'	1
CASSGVRTALDLRHF	1	0.0	0	'TRBV11-2.TRBJ1-5'	1
CASSFLGPLRLDTQYF	1	0.0	0	'TRBV7-3.TRBJ2-3'	1
CASSLGQGMTFF	1	0.0	0	'TRBV27-1.TRBJ1-1'	1
CASSLTSGSGAYEQYF	1	0.0	0	'TRBV7-2.TRBJ2-7'	1
CASTRDYNEKLFC	1	0.0	0	'TRBV2-1.TRBJ1-4'	1
CASSLPRGWGNEKLFF	1	0.0	0	'TRBV4-2.TRBJ1-4'	1
CASSLPRGWGNEKLFC	1	0.0	0	'TRBV4-2.TRBJ1-4'	1
CASTRDYNEKLFF	1	0.0	0	'TRBV2-1.TRBJ1-4'	1
CASSDSNRTGDQPQHF	1	0.0	0	'TRBV6-4.TRBJ1-5'	1
CASRREGANGYTF	1	0.0	0	'TRBV4-1.TRBJ1-2'	1
CASSLESMRGHRTDTQYF	1	0.0	0	'TRBV18-1.TRBJ2-3'	1
CASSLAGTNTGELFF	1	0.0	0	'TRBV5-6.TRBJ2-2'	1
CATSQGPETEAFF	1	0.0	0	'TRBV15-1.TRBJ1-1'	1
CASSYNPFTEAFF	1	0.0	0	'TRBV6-5.TRBJ1-1'	1
CASSFGGTNTGELFF	1	0.0	0	'TRBV5-6.TRBJ2-2'	1
CASSTPRQGAPEAFF	1	0.0	0	'TRBV6-5.TRBJ1-1'	1
CASSHPPGSGGTDTQYF	1	0.0	0	'TRBV4-1.TRBJ2-3'	1
CASSVGRDYGYTF	1	0.0	0	'TRBV9-1.TRBJ1-2'	1
CASSFQRGAYEQYF	1	0.0	0	'TRBV11-1.TRBJ2-7'	1
CASFWGAHDQPQHF	1	0.0	0	'TRBV5-8.TRBJ1-5'	1
CAWSVGGAGQPQHF	1	0.0	0	'TRBV30-1.TRBJ1-5'	1
CASSLGLAGGQETQYF	1	0.0	0	'TRBV7-7.TRBJ2-5'	1
CASSLAGDGYTF	1	0.0	0	'TRBV7-9.TRBJ1-2'	1
CASSQGREGYEQYF	1	0.0	0	'TRBV4-2.TRBJ2-7'	1
CASSLSGSQETQYF	1	0.0	0	'TRBV5-8.TRBJ2-5'	1
CASSFTGVGNEQFF	1	0.0	0	'TRBV5-6.TRBJ2-1'	2
CASSLTATNEKLFF	1	0.0	0	'TRBV7-8.TRBJ1-4'	1
CAWSVGDTPNQPQHF	1	0.0	0	'TRBV30-1.TRBJ1-5'	1
CASSYAGELFF	1	0.0	0	'TRBV6-5.TRBJ2-2'	9
CASSGLQGGSLETQYF	1	0.0	0	'TRBV6-4.TRBJ2-5'	1
CASRSERGVADTQYF	1	0.0	0	'TRBV5-4.TRBJ2-3'	1
CASSIEGIRPQHF	1	0.0	0	'TRBV19-1.TRBJ1-5'	1
CASSIQRTNYGYTF	1	0.0	0	'TRBV19-1.TRBJ1-2'	1
CASASGGAYEQYF	1	0.0	0	'TRBV28-1.TRBJ2-7'	1
CASSFRASYEQYF	1	0.0	0	'TRBV5-6.TRBJ2-7'	2
CASSLPTTGELFF	1	0.0	0	'TRBV7-3.TRBJ2-2'	1
CASSLQGTDTQYF	1	0.0	0	'TRBV5-4.TRBJ2-3'	1
CASSRQGTGELFF	1	0.0	0	'TRBV5-1.TRBJ2-2'	1
CAWSGPSSSYEQYF	1	0.0	0	'TRBV30-1.TRBJ2-7'	1
CASSPPNRGQCTEACF	1	0.0	0	'TRBV23-1.TRBJ1-1'	1
CASSLQDRGRETQYF	1	0.0	0	'TRBV5-1.TRBJ2-5'	1
CASSYSDRDMNTEAFF	1	0.0	0	'TRBV6-6.TRBJ1-1'	1
CASSPPGQGVHEQYF	1	0.0	0	'TRBV7-9.TRBJ2-7'	2
CASSLTATNEKRFF	1	0.0	0	'TRBV7-8.TRBJ1-4'	1
CASSPTSVSYNEQFF	1	0.0	0	'TRBV6-5.TRBJ2-1'	1
CASSLTSGRQETQYF	1	0.0	0	'TRBV11-1.TRBJ2-5'	1
CASSLASGGEWSNQPQHF	1	0.0	0	'TRBV7-8.TRBJ1-5'	1
