Pt5_on_VJ	Number_AA	H_AA	Hnorm_AA	AA	Reads_AA
TRBV10-2.TRBJ2-5	2	0.650022421648	0.650022421648	'CASSELAQETQYF', 'CASSRPGAGDQETQYF'	5, 1
TRBV10-2.TRBJ2-7	4	0.714285350991	0.357142675495	'CASSESRYVEQYF', 'CASTASGRYYEQYF', 'CASSESNTHHEQYF', 'CASSPAGTASYEQYF'	187, 36, 1, 1
TRBV10-2.TRBJ2-1	4	1.59222673629	0.796113368145	'CASSESRYNEQFF', 'CASSVGRYNEQFF', 'CASSEGRYNEQFF', 'CASSRLAGGLGEQFF'	24, 18, 9, 1
TRBV10-2.TRBJ2-2	1	0.0	0	'CASSASGGAPGELFF'	1
TRBV12-3.TRBJ1-5	2	0.918295834054	0.918295834054	'CASSLKGSGYQPQHF', 'CASSLAGINQPQHF'	2, 1
TRBV10-1.TRBJ2-1	3	0.165518174234	0.104430340881	'CASSPSRYNEQFF', 'CASSESNRGGEFF', 'CASSESFGNPEQFF'	95, 1, 1
TRBV4-1.TRBJ1-5	4	0.847584679825	0.423792339912	'CASSQEFGSNQPQHF', 'CASSQEFGSNQPQYF', 'CASSQEDRAHQPQHF', 'CASSQMGQGGQPQHF'	17, 1, 1, 1
TRBV4-1.TRBJ1-4	1	0.0	0	'CASSQDPGGKLFF'	1
TRBV4-1.TRBJ1-6	2	0.985228136034	0.985228136034	'CASAPRLGSSYNSPLHF', 'CASSQVAPTSGSHGGSPLHF'	4, 3
TRBV4-1.TRBJ1-1	5	1.74891544898	0.753216885929	'CASSHGQGTEAFF', 'CASSQDRMNTEAFF', 'CASSHRTGHEAFF', 'CASSPTEILGTEAFF', 'CASSQTGGRTEAFF'	20, 6, 5, 3, 1
TRBV4-1.TRBJ1-3	1	0.0	0	'CASSQDRNTIYF'	1
TRBV4-1.TRBJ1-2	6	2.40563906223	0.930628224417	'CASSQEVGQAGYGYTF', 'CASSKTTGGGGYTF', 'CASSQDEGLRGGYTF', 'CASSSVGSHYGYTF', 'CASSQDLTLGRASIAF', 'CASSGLGAGTGDLYGYTF'	3, 1, 1, 1, 1, 1
TRBV4-1.TRBJ2-6	1	0.0	0	'CASSQVQLSGANVLTF'	1
TRBV4-1.TRBJ2-7	3	1.14883485428	0.724834091506	'CASSRDRFFEQYF', 'CASSQDWTGALEQYF', 'CASSQDRATGDYEQYF'	10, 2, 2
TRBV4-1.TRBJ2-5	3	1.58496250072	1.0	'CASSQDEGLETQYF', 'CASSQNQAGVIETQYF', 'CASSALGEYQETQYF'	1, 1, 1
TRBV4-1.TRBJ2-2	2	1.0	1.0	'CASSPTGLGTGELFF', 'CASSQEQAGELFF'	3, 3
TRBV4-1.TRBJ2-3	6	1.80982254513	0.700134932181	'CASSQDGLVHPSTDTQYF', 'CASSASFELYTDTQYF', 'CASSQEVLTTTTDTQYF', 'CASSQGHGLAGRPVYTDTQYF', 'CASSQGSASATDTQYF', 'CASRPRGGQFDTQYF'	15, 2, 2, 2, 2, 1
TRBV4-1.TRBJ2-1	7	1.73425487302	0.617754050046	'CASSQSTIAGFIDEQFF', 'CASSQDGFYNEQFF', 'CASSPASPSYNEQFF', 'CASSQGPLSSEQFF', 'CASSQDTGTSGVYNEQFF', 'CASSPGLASNEQFF', 'CASSQVASGYRGFF'	45, 30, 7, 4, 1, 1, 1
TRBV14-1.TRBJ1-5	2	0.918295834054	0.918295834054	'CASSHTGVGQPQHF', 'CASSQGPLGQPQHF'	2, 1
TRBV14-1.TRBJ1-1	1	0.0	0	'CASSQVGSRTEAFF'	3
TRBV9-1.TRBJ1-4	2	0.0264032826155	0.0264032826155	'CASSPGTGEKLFF', 'CASSARDRSGTEKLFF'	378, 1
TRBV14-1.TRBJ2-7	7	1.86734950491	0.665163314491	'CASSQVTGLGSYEQYF', 'CASSQVSGLGAYEQYF', 'CASSQGAQKYF', 'CASSTGQNYEQYF', 'CASSQGHIYEQYF', 'CASSSHGERSSYEQYF', 'CASSLKGKLAVPYEQYF'	20, 10, 2, 2, 1, 1, 1
TRBV9-1.TRBJ1-6	1	0.0	0	'CASSDKYNSPLHF'	2
TRBV14-1.TRBJ2-5	4	1.75271527898	0.87635763949	'CASSQEVGLYSETQYF', 'CASSPRTGLFAQETQYF', 'CASSQDRETQYF', 'VPAAKNDRRETQYF'	4, 3, 1, 1
TRBV9-1.TRBJ1-1	8	1.06535292399	0.355117641329	'CASGGGHTEAFF', 'CASSGGTGVMATEAFF', 'CASSVGSATEAFF', 'CASSVGGQGNTEAFF', 'CASSVVDYGGGRNTEAFF', 'CASSVEGTKEAEAFF', 'CASSVAGGIAEAFF', 'CASSVGDERLEAFF'	71, 7, 3, 1, 1, 1, 1, 1
TRBV9-1.TRBJ1-2	7	2.48211071388	0.884145675483	'CASSSSPDRVGGYTF', 'CASSTPGTNYGYTF', 'CASSVGGTGSGYGYTF', 'CASSVVRVKGYGYTF', 'CASSVEPEANYGYTF', 'CASSVDRGGYGYTF', 'CASSVAQVATDHSYGYTF'	16, 11, 10, 8, 4, 3, 1
TRBV9-1.TRBJ1-3	2	0.104419078005	0.104419078005	'CASSVGPQGSGNTIYF', 'CARTGTNSGNTIYF'	72, 1
TRBV7-6.TRBJ2-2	2	0.918295834054	0.918295834054	'CASSLFNPRANTGELFF', 'CASSSRRGGTSVTGELFF'	2, 1
TRBV7-6.TRBJ2-3	6	2.32192809489	0.898244401704	'CASSWSSGEDTQYF', 'CASSLQYSTEIFTDTQYF', 'CASSLGGGGDTQYF', 'CASSRPPEGFTDTQYF', 'CASSLAGTGVADTQYF', 'CASSFGGPRDTQYF'	4, 2, 1, 1, 1, 1
TRBV7-6.TRBJ2-1	4	1.92192809489	0.960964047444	'CASSLVGSGVTYNEQFF', 'CASSLVPPTSGANEQFF', 'CASSYRAGGPSNEQFF', 'CASSHRVQGYSYNEQFF'	4, 2, 2, 2
TRBV7-6.TRBJ2-7	3	1.52192809489	0.960229717861	'CASSNQLAGVNEQYF', 'CASSLASGAWGEQYF', 'CASSVEDRYYEQYF'	2, 2, 1
TRBV7-6.TRBJ2-5	4	0.597454723166	0.298727361583	'CASSPESLSPQETQYF', 'CASSLGLGYQETQYF', 'CASSLSGGLETQYF', 'CASDQRTGQETQYF'	29, 1, 1, 1
TRBV10-2.TRBJ1-5	1	0.0	0	'CASTPTGGSNQPQHF'	1
TRBV10-2.TRBJ1-2	1	0.0	0	'CASSESGQGVLSGYTF'	1
TRBV10-2.TRBJ1-1	1	0.0	0	'CASMGAETGTGWAFF'	1
TRBV24-1.TRBJ2-3	2	1.0	1.0	'CATSERGRFDTQYF', 'CATSALGLAGGGTDTQYF'	1, 1
TRBV24-1.TRBJ2-2	5	1.72330833381	0.742188501706	'CATRNTGELFF', 'CATSDLEGGQNTGELFF', 'CATSDGRDSNTGELFF', 'CATSPDRGDTGELFF', 'CATSDYRGRDTGELFF'	9, 6, 1, 1, 1
TRBV24-1.TRBJ2-1	1	0.0	0	'CATSDLVGAGALNEQFF'	6
TRBV24-1.TRBJ2-5	1	0.0	0	'CATSDPGLAGGPETQYF'	1
TRBV9-1.TRBJ2-7	18	1.37085063997	0.328747073269	'CASSPSGNPAYEQYF', 'CASSGGATYEQYF', 'CASSPQGAYEQYF', 'CASSGPTGYEQYF', 'CASSGWDSNDEQYF', 'CASSVSDRYYEQYF', 'CASSVGNEGPYEQYF', 'CASSPQVYVGPQEQYF', 'CASSSGQGPIYEQYF', 'CASSVLAGGNYEQYF', 'CASSAHLSGDSYEQYF', 'CASSSKDSTAYEQYF', 'CASSHDRYYEQYF', 'CASSGTGTYEQYF', 'CASSVGGSGSSYEQYF', 'CASGTGKNYEQYF', 'CASSVGPGATYEQYF', 'CASSAGTGVYEQYF'	409, 172, 9, 5, 4, 4, 4, 1, 1, 1, 1, 1, 2, 1, 1, 1, 1, 1
TRBV4-3.TRBJ2-1	18	3.70987593702	0.889674499118	'CASSLGSNEQFF', 'CASSQGDLAGEQFF', 'CASSSRTSHNEQFF', 'CASSRGGRDEQFF', 'CASSHEYLGANEQFF', 'CASSQSNRGFSAYNEQFF', 'CASSQDRYNEQFF', 'CASSQGAGTSGSATYNEQFF', 'CASSQEGLAGNEQFF', 'CASSQDVLASAGEQFF', 'CASSHALAGGPQGEQFF', 'CASSQDSASYNEQFF', 'CASSQDGLAAGEQFF', 'CASSQDLEGEQFF', 'CASSEERGTYNEQFF', 'CASSQEALGGSDEQFF', 'CASSQGEGLALNEQFF', 'CASSQERLAGVEQFF'	9, 3, 3, 2, 2, 2, 1, 1, 1, 1, 1, 1, 1, 1, 1, 1, 1, 1
TRBV4-3.TRBJ2-2	11	2.12807091092	0.615150448258	'CASSQELIFGELFF', 'CASSQDAIPGELFF', 'CASNVGLLDTGELFF', 'CASSQDPGLVSIGELFF', 'CASSQVVQLRTGELFF', 'CASSTDYETGELFF', 'CASSQGLVYAGELFF', 'CASSQEEIRVFAGELFF', 'CASSPGPDGNTGELFF', 'CASSQDKRDTGELFF', 'CASSQEGAGAGTGELFF'	21, 2, 2, 1, 1, 1, 1, 1, 1, 1, 1
TRBV4-3.TRBJ2-3	15	2.83908645861	0.726686962209	'CASSLDLAGVADTQYF', 'CASSPGLLTDTQYF', 'CASSPDLLTDTQYF', 'CASSQGQSTDTQYF', 'CASSQGQLTDTQYF', 'CASSPGTLTDTQYF', 'CASSQDRSGADTQYF', 'CASSPGELTDTQYF', 'CASSRGVLTDTQYF', 'CASSQGSLTDTQYF', 'CASSGGVLTDTQYF', 'CASSQYRESESDTQYF', 'CASSRDRLAGASTDTQYF', 'CASSQDLLLAGGPRSTDTQYF', 'CASSPGQLTDTQYF'	33, 18, 12, 11, 6, 2, 2, 2, 1, 1, 1, 1, 1, 1, 1
TRBV21-1.TRBJ1-1	2	1.0	1.0	'CASRCVYYTIRTEAFF', 'CASSVQPGRHEAFF'	1, 1
TRBV21-1.TRBJ1-5	2	0.391243563629	0.391243563629	'CASSKNVPQHF', 'CASRHWHHQPQHF'	12, 1
TRBV4-3.TRBJ2-5	8	1.65362510776	0.551208369254	'CASSQGLLAGGRIGETQYF', 'CASSQGPLGETQYF', 'CASSQERGQGALVQETQYF', 'CASSQEGQGVFQETQYF', 'CASSLGTSGSAYQETQYF', 'CASSQDWQETQYF', 'CASSQDGGFQETQYF', 'CASSQGALSGTQYF'	34, 5, 3, 3, 1, 1, 1, 1
TRBV21-1.TRBJ2-2	2	1.0	1.0	'CASSNGGGGPGRGAVF', 'CASSNGGGGRAGELFF'	1, 1
TRBV21-1.TRBJ2-3	1	0.0	0	'CASSKGGVSTDTQYF'	3
TRBV21-1.TRBJ2-1	3	1.37095059445	0.864973520718	'CASKLSGLAGGVNPPCEQFF', 'CASSPPYSGGSGNEQFF', 'CASSKKGGRTDNEQFF'	3, 1, 1
TRBV21-1.TRBJ2-7	4	2.0	1.0	'CASLIKREATYEQYF', 'CASSKVPGTGTVDGQYF', 'CASSKIPRQARSYEQYF', 'CASSKRPYEQYF'	1, 1, 1, 1
TRBV6-1.TRBJ2-4	2	0.721928094887	0.721928094887	'CASSPGELLAKNIQYF', 'CASSLEGWEIKNIQYF'	4, 1
TRBV6-1.TRBJ2-5	3	1.37095059445	0.864973520718	'CASSGDRGSQETQYF', 'CASSEATGQRETQYF', 'CASGSGTDAQTQYF'	3, 1, 1
TRBV6-1.TRBJ2-6	2	0.0959704029959	0.0959704029959	'CASGHLGMSSGANVLTF', 'CASSVLLGASGANVLTF'	80, 1
TRBV6-1.TRBJ2-7	4	1.11827516077	0.559137580385	'CASSDGRYYEQYF', 'CASRETGAYEQYF', 'CASSYHYEQYF', 'CASSQIPQGEQYF'	16, 3, 1, 1
TRBV6-1.TRBJ2-1	7	2.35987902874	0.840605870742	'CASSEWSYYNEQFF', 'CASMVGGSPYNEQFF', 'CASSESIAGGTYNEQFF', 'CASSLRSVTSGGPNEQFF', 'CASSEEQGSYNEQFF', 'CASSPWTVGPYNEQFF', 'CASRGDRTNYNEQFF'	6, 3, 1, 1, 1, 1, 1
TRBV6-1.TRBJ2-2	2	0.918295834054	0.918295834054	'CASSYGQLTGELFF', 'CASRETGAHTGELFF'	2, 1
TRBV6-1.TRBJ2-3	7	2.52192809489	0.898328912769	'CASTPGGATDTQYF', 'CASRDRDRVNEPQYF', 'CASSEIIGSGGTDTQYF', 'CASSPLTGGTTDTQYF', 'CASSETSGGAGWSDTQYF', 'CASSEASRGFGDTQYF', 'CASSTGLTSGTDTQYF'	4, 1, 1, 1, 1, 1, 1
TRBV12-3.TRBJ2-6	3	1.5	0.946394630357	'CASWAGANVLTF', 'CASSLGGTGANVLTF', 'CASRHMWDRANVLTF'	2, 1, 1
TRBV12-3.TRBJ2-7	11	2.05830276919	0.594982932485	'CASSPGAYEQYF', 'CASRGTSYEQYF', 'CASSFPSGTLYEQYF', 'CASSLGSGFEQYF', 'CASSFRTEPYEQYF', 'CASSYRDRGFDEQYF', 'CASSLRTGTGHYEQYF', 'CASSLEVVEQYF', 'CASSSDPTGAVPSYEQYF', 'CASSRQGGWVQYF', 'CASSTAVYEQYF'	74, 38, 20, 5, 4, 2, 2, 1, 1, 1, 1
TRBV12-3.TRBJ2-4	2	1.0	1.0	'CASSFREGQNIQYF', 'CASSLASGLAKNIQYF'	1, 1
TRBV12-3.TRBJ2-5	4	1.6644977792	0.8322488896	'CASRTGRVQETQYF', 'CASGHRDYETQYF', 'CASSLREETQYF', 'CASSLGGMETQYF'	4, 1, 1, 1
TRBV12-3.TRBJ2-2	2	1.0	1.0	'CASNQGSGELFF', 'CATTNTGELFF'	1, 1
TRBV12-3.TRBJ2-3	8	2.69238060245	0.897460200818	'CASSLGTDTQYF', 'CASSPPTGEGEADTQYF', 'CASSLGSFLRTSGTDTQYF', 'CASSLGLLTDTQYF', 'CASSLTDTQYF', 'CASDVSGRAWDTQYF', 'CASSSTPPVMGTDTQYF', 'CASSYDSHTDTQYF'	5, 2, 2, 1, 1, 1, 1, 1
TRBV12-3.TRBJ2-1	14	2.37962135816	0.625006443285	'CASSLPYNEQFF', 'CASNSYINEQFF', 'CASGDLTSGLLNSYNEQFF', 'CASRIGGNEQFF', 'CASSWGRYNEQFF', 'CASRDQYNEQFF', 'CARNSGRGYNEQFF', 'CASESSEAMVF', 'CASSSTSAEQFF', 'CASSPHEYNEQFF', 'CASSLTGEQFF', 'CASSSPLAGSSYNEQFF', 'CASSSSGQGVKFF', 'CASSPGVGGSYNEQFF'	29, 21, 3, 2, 2, 1, 1, 1, 1, 1, 1, 1, 1, 1
TRBV24-1.TRBJ1-1	1	0.0	0	'CATSDGTTGNTEAFF'	4
TRBV24-1.TRBJ1-2	1	0.0	0	'CATSDSRQGVQSNYGYTF'	1
TRBV24-1.TRBJ1-5	2	0.918295834054	0.918295834054	'CATSAMGVGQPQHF', 'CASTSRGSQPQHF'	2, 1
TRBV7-8.TRBJ1-3	1	0.0	0	'CASSLQTGIGNTIYF'	5
TRBV4-3.TRBJ1-2	9	1.05811036042	0.333796654475	'CASSKTTGGGGYTF', 'CASSQGGQDYGYTF', 'CASSQGVGYTF', 'CASNPGVLSNYGYTF', 'CASSPSQGASFGYTF', 'CASSHGTAYGYTF', 'CASSLGQGANYGYTF', 'CASSQEYARRNYGYTF', 'CASSQDWGLNYGYTF'	190, 26, 13, 2, 1, 1, 1, 1, 1
TRBV4-3.TRBJ1-1	7	0.350712912487	0.124926460039	'CASSQTGGRTEAFF', 'CASSQDLLNTEAFF', 'CASSPGQLNTEAFF', 'CASSPGQLMNTEAFF', 'CASSQAARADTEAFF', 'CASSQAKWGTGRTDTEAFF', 'CASSHGLLNTEAFF'	445, 8, 5, 3, 2, 1, 1
TRBV4-3.TRBJ1-6	1	0.0	0	'CASSLQGGRYNSPLHF'	1
TRBV7-8.TRBJ1-5	3	1.19818394791	0.755969902989	'CASSSHLDAGQPQHF', 'CASSLGGPQHF', 'CASSQASGANQPQHF'	9, 2, 2
TRBV7-8.TRBJ1-4	1	0.0	0	'CASSPNDRTKINEKLFF'	2
TRBV6-2.TRBJ2-7	18	3.0874060159	0.74039845197	'CASSKTLAGETYEQYF', 'CASSYPLLGAYEQYF', 'CASSTLRGATVPYEQYF', 'CASSPGQGFEQYF', 'CASLETPHEQYF', 'CASSGGSSYEQYF', 'CASSPIPYEQYF', 'CASSNGLAVYEQYF', 'CASRSDRGPSYEQYF', 'CASSPGQGYEQYF', 'CASSWAGGYEQYF', 'CASSRGTGWEQYF', 'CASSYSTGDYYEQYF', 'CASSYLDSQPKYEQYF', 'CASSYPLTGSYEQYF', 'CASSYGTGYEQYF', 'CASSYHYEQYF', 'CASSSPGLHYEQYF'	41, 16, 9, 8, 6, 5, 3, 3, 2, 2, 2, 2, 1, 1, 1, 1, 1, 1
TRBV6-2.TRBJ2-6	1	0.0	0	'CASSYLGPISAGANVLTF'	1
TRBV6-2.TRBJ2-5	5	0.420654540261	0.181166049538	'CASSYSETQYF', 'CASSYPPWTQYF', 'CASRTGLAGGPQETQYF', 'CASSFSANPQETQYF', 'CASINPGLLRQETQYF'	68, 1, 1, 1, 1
TRBV7-6.TRBJ1-1	1	0.0	0	'CASSPGQGSPEAFF'	1
TRBV7-6.TRBJ1-3	1	0.0	0	'CASSLSVSGIGNTIYF'	1
TRBV7-6.TRBJ1-2	3	1.5	0.946394630357	'CASSLAGADYGYTF', 'CASSSLNPYGYTF', 'CASSLGDGRGVYGYTF'	2, 1, 1
TRBV7-6.TRBJ1-5	1	0.0	0	'CASSSLMVFRVVVGSVSNQPQHF'	1
TRBV7-6.TRBJ1-4	1	0.0	0	'CASSGHNEKLFF'	1
TRBV6-1.TRBJ1-5	6	0.86981669288	0.33649102942	'CASSVGATFDQPQHF', 'CAIYAGSNQPQHF', 'CASSAGSGQGLGQPQHF', 'CASSYGMGQPQHF', 'CASSTASGLAQHF', 'CASRASTGSNQPQHF'	111, 8, 7, 2, 1, 1
TRBV6-1.TRBJ1-4	3	1.45914791703	0.920619835714	'CASSEALGQGITNEKLFF', 'CASSEEQPGLGEKLFF', 'CASRFRGDSTNEKLFF'	3, 2, 1
TRBV6-1.TRBJ1-3	1	0.0	0	'CASSRGLRHSSGNTIYF'	1
TRBV6-1.TRBJ1-2	6	2.12321967234	0.821373490619	'CASSPVVGTGHYGYTF', 'CASSTGGQYGYTF', 'CASSPTPGQGYGYTF', 'CASSDIRVNYGYTF', 'CASRAGQGVPANYGYTF', 'CASSEPWGTVYTF'	10, 3, 2, 2, 2, 1
TRBV6-1.TRBJ1-1	2	0.970950594455	0.970950594455	'CASRGTVGNTEAFF', 'CASSLVSSEVFLAEAFF'	3, 2
TRBV6-7.TRBJ1-5	1	0.0	0	'CASSSGPRAPQHF'	46
TRBV12-3.TRBJ1-4	3	0.421712705243	0.266071093197	'CASSLGEKLFF', 'CASSTTGEKLFF', 'CASSLQHFEKLFF'	41, 2, 1
TRBV12-3.TRBJ1-6	3	1.28067212952	0.808014151084	'CASSFGRGSWHSPLHF', 'CASSLKGGGSSPLHF', 'CASSLGDTYNSPLHF'	7, 4, 1
TRBV12-3.TRBJ1-1	9	1.73790746189	0.548248763331	'CASTDRVNTEAFF', 'CASSWTGVEDEAFF', 'CASSWVRGNTEAFF', 'CASSLGRYDEAFF', 'CASSLQGNTEAFF', 'CASATDGTVEAFF', 'CASSYGGSEAFF', 'CASSLPGTGGPNTEAFF', 'CASSFQGAVWAFF'	28, 3, 2, 1, 2, 1, 1, 1, 1
TRBV23-1.TRBJ1-6	1	0.0	0	'CASTQTGGDGTGASPLHF'	11
TRBV12-3.TRBJ1-3	1	0.0	0	'CASSFLGQGVF'	1
TRBV12-3.TRBJ1-2	8	2.09173576743	0.697245255812	'CASSLDGGDGYTF', 'CASSPTGTEVFGYGYTF', 'CASSPRGQAPANYGYTF', 'CASRQGAGGYTF', 'CASSLEGGEGGYTF', 'CASSTKQIQGDYGYTF', 'CASSFYRADYGYTF', 'CASNTRCGYTF'	25, 9, 8, 2, 2, 1, 1, 1
TRBV27-1.TRBJ1-6	1	0.0	0	'CASRQGGSYNSPLHF'	1
TRBV27-1.TRBJ1-5	6	2.52205520887	0.975664137553	'CASSLSRGGPQHF', 'CASSFYGLGQPQHF', 'CASRNQGLGQPQHF', 'CASSYTGLGQPQHF', 'CASSLGLGQPQHF', 'CASSSATLSNQPQHF'	3, 2, 2, 2, 2, 1
TRBV27-1.TRBJ1-4	4	2.0	1.0	'CASSQIQGADGEKLFF', 'CASSSTSWMAEKLFF', 'CASRHLRVANEKLFF', 'CASREFAGKLFF'	1, 1, 1, 1
TRBV27-1.TRBJ1-3	3	0.865856617457	0.546294702281	'CASSFLGGSGNTIYF', 'CASSLTGGDTIYF', 'CASKENRGTPGNTIYF'	9, 1, 1
TRBV27-1.TRBJ1-2	5	2.23592635063	0.962961064795	'CASSLGQGWGYTF', 'CASSLGTGSFYGYTF', 'CASSFRANYGYTF', 'CASSLHLGTGLVYGYTF', 'CASSFYRGRGFYGYTF'	2, 2, 1, 1, 1
TRBV27-1.TRBJ1-1	11	1.93366274051	0.558953884243	'CASSLGQLNTEAFF', 'CASSSGTQAATEAFF', 'CASSNWQGQSEAFF', 'CASSPGPMNTEAFF', 'CASSLSPLNTEAFF', 'CASSLSGAGNTEAFF', 'CASSPLPVQNTEAFF', 'CASNHQGSSTEAFF', 'CASSFHIVGTEAFF', 'CASSHSGGAGSEAFF', 'CASSLNFGQPNTEAFF'	66, 17, 6, 6, 3, 2, 2, 1, 1, 1, 1
TRBV7-8.TRBJ2-1	7	2.72192809489	0.96957035019	'CASSLAGGLAGVGNEQFF', 'CASSPPRAGGINEQFF', 'CASSLAGGKQFF', 'CASSLTNEQFF', 'CASSLASGTYNEQFF', 'CASSLSSGVGGNEQFF', 'CASSPLIGLGSNEQFF'	2, 2, 2, 1, 1, 1, 1
TRBV7-8.TRBJ2-2	1	0.0	0	'CASSPRTNRGGSGELFF'	1
TRBV7-8.TRBJ2-3	7	2.75	0.979569764547	'CASSLGLAGRDTQYF', 'CASSLALGLAGATDTQYF', 'CASSFLSGRSDTQYF', 'CASSLREISTDTQYF', 'CASTKKGYQADTQYF', 'CASSSSRGQGADTQYF', 'CASSLNWASGSGGNTQYF'	2, 1, 1, 1, 1, 1, 1
TRBV7-8.TRBJ2-4	2	1.0	1.0	'CASSLPPDILAKNIQYF', 'CASSFSGGLLAKNIQYF'	1, 1
TRBV7-8.TRBJ2-5	3	1.19417373426	0.753439739876	'CASSLAVGLALETQYF', 'CASSPKAPGLEDF', 'CASNPWTLGETQYF'	11, 6, 1
TRBV7-8.TRBJ2-6	2	1.0	1.0	'CASSLGRQTPGANVLTF', 'CASSLRGREFGANVLTF'	1, 1
TRBV4-3.TRBJ2-7	8	2.35485207384	0.784950691279	'CASSQERGLSYEQYF', 'CASSHGRGSDEQYF', 'CASSQDPTGTGAYEQYF', 'CASSPAPGYEQYF', 'CASSPNHLREQYF', 'CASSQDASGGPPYEQYF', 'CASSQQPKPYLYEQYF', 'CASSPSVSGGYEQYF'	16, 4, 4, 3, 2, 2, 1, 1
TRBV6-2.TRBJ2-3	5	1.67293303187	0.720493040055	'CASTQWQLSTDTQYF', 'CASSVTSGGDPDTQYF', 'CASTNLEAQYF', 'CASSNGGASTDTQYF', 'CASTARLAGDTQYF'	7, 1, 1, 1, 1
TRBV6-2.TRBJ2-2	7	2.52192809489	0.898328912769	'CASSYGQLTGELFF', 'CATIPGLGWELFF', 'CASLAVPGPGELFF', 'CASTHTGELFF', 'CASSYSPQTGKEHRGAVF', 'CASRVGTNTGELFF', 'CASRDGYGELFF'	4, 1, 1, 1, 1, 1, 1
TRBV9-1.TRBJ2-5	7	2.725480557	0.970835762726	'CASSVDMGPQETQYF', 'CASSASSGNGLETQYF', 'CASSVAAGTGQETQYF', 'CASSVGQGRETQYF', 'CASSASGMETQYF', 'CASSVARGVQETQYF', 'CASSVAAGSQETQYF'	2, 2, 1, 1, 1, 1, 1
TRBV9-1.TRBJ2-3	7	2.46624789731	0.878495226213	'CASSETGSSTDTQYF', 'CASSGPTEGAGVVADTQYF', 'CASSGHRDRGYTDTQYF', 'CASSRWGGQETTDTQYF', 'CASSTLDSPSDTQYF', 'CASSPLYSTDTQYF', 'CASRGVTDTQYF'	5, 4, 2, 1, 1, 1, 1
TRBV9-1.TRBJ2-2	2	0.970950594455	0.970950594455	'CASGGANTGELFF', 'CASSASGTAHLTGELFF'	3, 2
TRBV9-1.TRBJ2-1	4	1.92192809489	0.960964047444	'CASSVEIAGDINGEQFF', 'CASSATSGRGNEQFF', 'CASSAYLAGGTHEQFF', 'CASSGGTSGSSYNEQFF'	2, 1, 1, 1
TRBV28-1.TRBJ1-4	2	0.271389587508	0.271389587508	'CASSLGTLNEKLFF', 'CASSRQGAVFTNEKLFF'	41, 2
TRBV28-1.TRBJ1-5	10	2.4757856774	0.745285751732	'CASKPTGNSNQPQHF', 'CASSLPPLAGQPQHF', 'CASSLGLGQSPEGNQPQHF', 'CASSFAGGAGSQPQHF', 'CASSPWVGSNQPQHF', 'CASNGQGLGQPQHF', 'CASSRLGPQPQHF', 'CASSPVIGGQPQHF', 'CATKRQGLGQPQHF', 'CASSSSDRVSNQPQHF'	14, 14, 6, 3, 1, 1, 1, 1, 1, 1
TRBV28-1.TRBJ1-1	9	2.53585777592	0.799974060826	'CASSLGPLMNTEAFF', 'CASSFIEHYTEAFF', 'CASRPGDRYTEAFF', 'CASSFHRGWTEAFF', 'CASSALRTQGWDTEAFF', 'CASARQGLGTEAFF', 'CASSYRLSITEAFF', 'CASSLQTGGLVNTEAFF', 'CASSLTAQNTEAFF'	9, 2, 2, 1, 1, 1, 1, 1, 1
TRBV28-1.TRBJ1-2	9	2.78986578209	0.880104665197	'CASRSQGVVRDGYTF', 'CASSIQGNYGYTF', 'CASALGALALGYTF', 'CASSFWTAHGYTF', 'CASSPHRGISYGYTF', 'CASSFPRDRGLGYTF', 'CASRTWGHGYTF', 'CASSLWIGLDREGEGYTF', 'CASSTTGNYGYTF'	7, 4, 2, 2, 2, 1, 1, 1, 1
TRBV28-1.TRBJ1-3	3	1.44881563573	0.914100892019	'CASSFGGLSGNTIYF', 'CASNGGMGNTIYF', 'CASTWGRLGNTIYF'	3, 3, 1
TRBV7-9.TRBJ1-2	6	1.0878932574	0.420854560598	'CASSYLSPLPDGYTF', 'CASLGANYGYTF', 'CASSLGVGYGYTF', 'CASSSTGHSYGYTF', 'CASSFDIANYGYTF', 'CASSLQLGQIYGYTF'	109, 23, 3, 3, 2, 1
TRBV27-1.TRBJ2-4	2	0.650022421648	0.650022421648	'CASSLSPGVVAKNIQYF', 'CASSSSGILAKNIQYF'	5, 1
TRBV27-1.TRBJ2-5	6	0.623846786647	0.241336880699	'CASSYGGLSQETQYF', 'CASSDKETQYF', 'CASSVGILAQETQYF', 'CASSPGLAGGQETQYF', 'CASSFSSGGAETQYF', 'CASSLYGQGYETQYF'	53, 1, 1, 1, 1, 1
TRBV27-1.TRBJ2-6	3	1.37095059445	0.864973520718	'CASSLGTFPGANVLTF', 'CASSRTETSGANVLTF', 'CASSVLDWLQSRANVLTF'	3, 1, 1
TRBV27-1.TRBJ2-7	20	2.66583779371	0.616816785282	'CASSLSGSEQYF', 'CASSLGGQGYYEQYF', 'CASSYRRDHYEQYF', 'CASSLGGVFSYEQYF', 'CASSLGPLYEQYF', 'CASSPTSNMEQYF', 'CASSSEYLAGGEQYF', 'CASSLDSVNEQYF', 'CASGQTSHYEQYF', 'CASSLGPHYEQYF', 'CASSLGTGFEQYF', 'CASSLTGHEQYF', 'CASSWTGGRYEQYF', 'CASSLTFLGAYEQYF', 'CASSLVQASYEQYF', 'CASSFGPSYEQYF', 'CASSLYEQYF', 'CASRAGVLSYEQYF', 'CASSPVGLGSYEQYF', 'CASYSSSYEQYF'	96, 44, 34, 10, 10, 7, 3, 3, 2, 3, 2, 2, 1, 1, 1, 1, 1, 1, 1, 1
TRBV27-1.TRBJ2-1	22	2.85592454806	0.640423442334	'CASSLGGLHYNEQFF', 'CASSFGILTVNEQFF', 'CASSFGALNNEQFF', 'CASSLYGEGSYNEQFF', 'CASSSTPGQWFF', 'CASSLGGAHYNEQFF', 'CASSLEGTQQFF', 'CASSHGVLAVEQFF', 'CASRATEPVREQFF', 'CASSLAPSGGNEQFF', 'CASRPPTYGGINYNEQFF', 'CASSDRDSLGNEQFF', 'CASRIHQGYNEQFF', 'CASSLAVLAGTEQFF', 'CASSFAPPHTEQFF', 'CASSLWPPGLAGGTYNEQFF', 'CASSLSGSNEQFF', 'CASRTGQLLYNEQFF', 'CASSLVAGGRNEQFF', 'CASSAYGQGGGTFF', 'CASSIRTGGAPAEQFF', 'CASSAYNEQFF'	67, 26, 16, 6, 5, 5, 4, 3, 2, 2, 2, 1, 1, 1, 1, 1, 1, 1, 1, 1, 1, 1
TRBV27-1.TRBJ2-2	9	1.69557089231	0.534893062624	'CASSTGWGTGELFF', 'CASSLSYTGELFF', 'CASSRYGELFF', 'CASKLAGPGELFF', 'CASSFWGNTGELFF', 'CASSLSMGGAGELFF', 'CASSLRDRPNTGELFF', 'CASSRGVLFGELFF', 'CASRTTLWGTGELFF'	41, 6, 6, 2, 1, 1, 1, 1, 1
TRBV27-1.TRBJ2-3	13	3.11404482686	0.841533726814	'CASSMGQGGDTQYF', 'CASSLSVSMGPDTQYF', 'CASSLSFGLAGETDTQYF', 'CASRSGQGTDTQYF', 'CASSPGLLAYTDTQYF', 'CASSVVYPDTQYF', 'CASSPQTGDLTDTQYF', 'CASSLSFTLASSTDTQYF', 'CASSSGTGGFADTQYF', 'CASSFRRTDTQYF', 'CASSPSGGGVGATDTQYF', 'CASSPGVLADTQYF', 'CASSLGQVVDTQYF'	11, 6, 6, 5, 2, 1, 1, 1, 1, 2, 1, 1, 1
TRBV4-2.TRBJ2-7	1	0.0	0	'CASSVEDRYYEQYF'	2
TRBV5-7.TRBJ2-7	1	0.0	0	'CASSVEDRYYEQYF'	2
TRBV5-7.TRBJ1-5	1	0.0	0	'CASSFGGGRQPQHF'	1
TRBV11-2.TRBJ2-1	6	1.88735181444	0.730127347657	'CASSFSGGLYNEQFF', 'CASSLLDTAVFDNEQFF', 'CASTIRNTGTSGNEQFF', 'CASSLTGLASVGQFF', 'CASSLTTSGYNEQFF', 'CASSLDPGLAVYNEQFF'	14, 5, 2, 2, 1, 1
TRBV11-2.TRBJ2-2	1	0.0	0	'CASSQGDRRSGELFF'	1
TRBV11-2.TRBJ2-3	6	1.76954599256	0.684553834752	'CASSLYDSGVFTDTQYF', 'CASSRFPWGLSTDTQYF', 'CASSLDASRDTQYF', 'CASSFSSGTTDTQYF', 'CASSLTSGGASSADTQYF', 'CASSLGLGRDTQYF'	9, 1, 1, 1, 1, 1
TRBV11-2.TRBJ2-5	3	1.58496250072	1.0	'CASSPPTETQYF', 'CASSLRDRALSSETQYF', 'CASSFLWTSGSGETQYF'	1, 1, 1
TRBV11-2.TRBJ2-6	1	0.0	0	'CASNPWGSGANVLTF'	1
TRBV11-2.TRBJ2-7	10	3.02716911844	0.911268706598	'CASSLSGPVMRDSYEQYF', 'CASSQLDLGAFPYEQYF', 'CASSLGSTGYEQYF', 'CASSLEELSYEQYF', 'CASSSPNWGDEQYF', 'CASSIGQGPYEQYF', 'CASSPGQSLVFSYEQYF', 'CASSSPNWGGEQYF', 'CASKKQGPATYEQYF', 'CASSPGTREQYF'	6, 4, 2, 2, 2, 2, 1, 1, 1, 1
TRBV4-2.TRBJ1-1	1	0.0	0	'CASSQALISNTEAFF'	1
TRBV6-2.TRBJ1-1	16	2.61592875373	0.653982188433	'CASSYPLVGNTEAFF', 'CASSYPVQGPVEAFF', 'CASRDPGGTEAFF', 'CASSRTGQVLLMNTEAFF', 'CASSFPLTGVTEAFF', 'CASSYPIIQGVEAFF', 'CASSYNTGSEAFF', 'CASSRQGWTEAFF', 'CASRISLVYHTEAFF', 'CASSYPIRTPTEAFF', 'CASSYGGTLEAFF', 'CATRRGLNTEAFF', 'CASSYQGATEAFF', 'CASSQDREAFF', 'CASSYPLTGYREAFF', 'CASSRSGATEAFF'	37, 19, 3, 3, 3, 3, 2, 2, 1, 1, 1, 1, 1, 1, 1, 1
TRBV6-2.TRBJ1-2	6	2.1470776734	0.830603025304	'CASSYSTGQVLSGYTF', 'CASSYQDPYGYTF', 'CASSFGQGFGYTF', 'CASNRGLNYGYTF', 'CASSSAYGYTF', 'CASSPGQGWGYTF'	7, 6, 3, 1, 1, 1
TRBV6-2.TRBJ1-3	2	0.918295834054	0.918295834054	'CASSPGLGNTIYF', 'CASSYPGRLGNTIYF'	2, 1
TRBV6-2.TRBJ1-5	9	1.75143305138	0.552515611754	'CASSYGMGQPQHF', 'CASSYGLGQPQHF', 'CASSTASGLAQHF', 'CASSWTGNQPQHF', 'CASSYNTGEAQHF', 'CASSWGQADNQPQHF', 'CASSYSSLGQPQHF', 'CAIYAGSNQPQHF', 'CASSPGIGQPQHF'	225, 40, 38, 30, 8, 5, 4, 1, 1
TRBV6-2.TRBJ1-6	1	0.0	0	'CASSTRQGAPLHF'	2
TRBV17-1.TRBJ2-6	1	0.0	0	'YSSSLAGQSRANVLTF'	1
TRBV28-1.TRBJ2-7	12	2.20062424826	0.61384861008	'CASSPTALYEQYF', 'CASSDNPQGSGYEQYF', 'CASSLQGANSYEQYF', 'CASSFTGTFSYEQYF', 'CASNGGSSYEQYF', 'CASSFTGTFSYEQCF', 'CASSLEQGTDYEQYF', 'CASSLVGRYEQYF', 'CASNPSAGQGALKEQYF', 'CATIPSGPSYEQYF', 'CASSLNGQGSYEQYF', 'CASSLGDSNLYEQYF'	29, 4, 3, 2, 2, 1, 1, 1, 1, 1, 1, 1
TRBV28-1.TRBJ2-6	2	0.918295834054	0.918295834054	'CASCWGTGANVLTF', 'CASRQLGAGANVLTF'	2, 1
TRBV28-1.TRBJ2-5	9	0.544889620423	0.171893536968	'CASSYSLWRERKTQYF', 'CASSKQGSLMVVTQYF', 'CASSSRSGRVGETQYF', 'CASSLLDSDRETQYF', 'CASRPEMGRETQYF', 'CASSLGYQETQYF', 'CASSPKTGKRPWGETQYF', 'CASSSLAGEIQETQYF', 'CASSLGVQETQYF'	186, 6, 2, 1, 1, 1, 1, 1, 1
TRBV28-1.TRBJ2-4	1	0.0	0	'CASKGRQEDIQYF'	1
TRBV28-1.TRBJ2-3	9	1.87742906098	0.592262927395	'CASSPGRAQYF', 'CASRKQGGNTDTQYF', 'CASSSQQESVGKDTQYF', 'CASRMRGLVWTDTQYF', 'CASSLGVAPDTQYF', 'CASSLGTGASTDTQYF', 'CASSLFSGRSTDTQYF', 'CASSLEKSSDTQYF', 'CASGPTWGRDLKTQYF'	50, 14, 6, 5, 3, 1, 1, 1, 1
TRBV28-1.TRBJ2-2	6	2.40563906223	0.930628224417	'CASSFLLSGELFF', 'CASSPAVGRTGELFF', 'CASSLPEWGQGTGELFF', 'CASSLGVTGELFF', 'CASSLVWTGELFF', 'CATRHHTGELFF'	3, 1, 1, 1, 1, 1
TRBV28-1.TRBJ2-1	13	2.52997117107	0.683694740025	'CASSLEGIYNEQFF', 'CASSPTILIYNEQFF', 'CASSPKTSGPNNEQFF', 'CASSFVGLAGGYNEQFF', 'CASSFSLSYNEQFF', 'CASSTGTTNEQFF', 'CASSLSGTSGYNEQFF', 'CASSLDPRGGNEQFF', 'CASSPPVGPFGGEQFF', 'CASSPRDRGLSFGNEQFF', 'CASRLGTSPYNEQFF', 'CASLERESYNEQFF', 'CASTQRAGVRWNEQFF'	34, 9, 7, 4, 4, 3, 1, 1, 1, 1, 1, 1, 1
TRBV10-3.TRBJ2-5	3	0.590723918641	0.372705296417	'CAISESYQETQYF', 'CAISVRGADYRETQYF', 'CAISESGSGRRETQYF'	17, 1, 1
TRBV10-3.TRBJ2-7	3	0.245815373504	0.155092233029	'CAISVREYEQYF', 'CAIIMGVWRAYEQYF', 'CAISEDRYYEQYF'	85, 2, 1
TRBV10-3.TRBJ2-1	1	0.0	0	'CAIGTSGASYNEQFF'	1
TRBV10-3.TRBJ2-2	1	0.0	0	'CAISESERAIGTGELFF'	1
TRBV10-3.TRBJ2-3	2	0.684038435639	0.684038435639	'CAVLAGVADTQYF', 'CAIKTEGLTTDTQYF'	9, 2
TRBV11-2.TRBJ1-2	5	1.57920280445	0.68012562832	'CASSLTGQGYTF', 'CASSLGGVFNYGYTF', 'CASSDRDTYGYTF', 'CASSSSGGRGYTF', 'CASSLGAGYGYTF'	19, 8, 3, 1, 1
TRBV11-2.TRBJ1-1	4	0.875527335268	0.437763667634	'CASSFDEARGGYAEAFF', 'CASSLGGGTEAFF', 'CASSQTGGRTEAFF', 'CASSLAYSGVSLNTEAFF'	29, 4, 1, 1
TRBV2-1.TRBJ2-7	17	0.990347591477	0.24228907514	'CASSHDRYYEQYF', 'CASRGLAGKDAYEQYF', 'CASSDGGTGIYEQYF', 'CASSEGSGTSYYEQYF', 'CAITRQDSYEQYF', 'CASSEGLAGGGYEQYF', 'CASIRTGGAYEQYF', 'CASSPGQGYEQYF', 'CASSVDRYYEQYF', 'CASTRDLYEQYF', 'CASTGARELSSYEQYF', 'CAGRALNYEQYF', 'CASRENTGQGYEQYF', 'CASSGVRSYEQYF', 'CASSPSGNPAYEQYF', 'CASSLSGSEQYF', 'CASSDSRLYLYEQYF'	470, 35, 10, 8, 4, 3, 2, 2, 2, 2, 2, 2, 1, 1, 1, 1, 1
TRBV11-2.TRBJ1-6	1	0.0	0	'CASSWGQAGGNSPLHF'	2
TRBV11-2.TRBJ1-5	2	0.918295834054	0.918295834054	'CASSLNRDQPQHF', 'CASSLDPGAQPQHF'	2, 1
TRBV11-2.TRBJ1-4	2	0.918295834054	0.918295834054	'CASSLPPGRTNEKLFF', 'CASSPDSIGKLFF'	2, 1
TRBV20-1.TRBJ1-4	4	1.49111485006	0.745557425028	'CSARGAGKGEKLFF', 'CSATGTGARVREKLFF', 'CSARSLGSTNEKLFF', 'CSANPLRGGEKLFF'	7, 2, 1, 1
TRBV20-1.TRBJ1-5	10	1.91456601827	0.576341800178	'CSVTPGQGVGQPQHF', 'CSASWQGLGQPQHF', 'CSVASVGVGQPQHF', 'CSAREGGGAPNQPQHF', 'CSAGGKGNQPQHF', 'CSAPVGSGPYSNQPQHF', 'CSASLTRQGQPQHF', 'CSARPGQVSQPQHF', 'CSAPGQGNSRVVQPQHF', 'CSAPDRGEWSQPQHF'	43, 11, 4, 4, 2, 1, 1, 1, 1, 1
TRBV6-5.TRBJ2-2	6	0.192439550242	0.0744457802342	'CASSYGQLTGELFF', 'CASSYSGAFGELFF', 'CASSSTTGGYAGELFF', 'CASSPPGLTGELFF', 'CASKQGARTGELFF', 'CASRVGTNTGELFF'	238, 1, 1, 1, 1, 1
TRBV6-5.TRBJ2-3	4	1.68581570915	0.842907854577	'CASSIGPLVTDTQYF', 'CASSYSMYNTDTQYF', 'CASSYSPGVTDTQYF', 'CASSYSGNTQYF'	6, 2, 2, 1
TRBV6-5.TRBJ2-4	1	0.0	0	'CASSRQGLDKNIQYF'	1
TRBV20-1.TRBJ1-1	14	1.02504068306	0.269226458799	'CSAHQGNTEAFF', 'CSARDPGGRNTEAFF', 'CSARDLFGTGGDLNTEAFF', 'CSARDSGPVLAEAFF', 'CSAPGTRTEAFF', 'CSASPGPNTEAFF', 'CSADRGSWGAFF', 'CSARDRRSTTEAFF', 'CSAREIFRGFNTEAFF', 'CSAPPGQGLVGAMNTEAFF', 'CSARDRGRPNTEAFF', 'CSARPLYRGAPMNTEAFF', 'CSARTNRGQYTEAFF', 'CSARDTVLTTFF'	194, 19, 5, 2, 1, 1, 1, 1, 1, 1, 1, 1, 1, 1
TRBV20-1.TRBJ1-2	15	3.21502471057	0.822911374632	'CSARGRANYGYTF', 'CSARDRAAYGYTF', 'CSARSGGDGYTF', 'CSARAESFDGYTF', 'CSAKLRDGFGYTF', 'CSARDRSNYGYTF', 'CSARRDDHYGYTF', 'CSARDPLTGGYTF', 'CSARDRDHYGYTF', 'CSARPNQGVRSYGYTF', 'CSAQQSLYGYTF', 'CSARDQTGGGYTF', 'CSARDRANYGYTF', 'CSARDLLGGVYGYTF', 'CSASWTASVNPGYTF'	12, 11, 5, 3, 3, 2, 2, 1, 1, 1, 1, 1, 1, 1, 1
TRBV6-5.TRBJ2-7	14	3.25607705512	0.855207124574	'CASSYHYEQYF', 'CASSYGTGYEQYF', 'CASRTSSGEQYF', 'CASGVAYEQYF', 'CASSADRSYEQYF', 'CASSYTTGTYEQYF', 'CAQGENYEQYF', 'CASSPTGDEQYF', 'CASSYSPTSSNVYEQYF', 'CAISMGDKYEQYF', 'CASSDGRYYEQYF', 'CASSAGTGGYEQYF', 'CASSVRDRSYEQYF', 'CASSYAPHGVYEQYF'	11, 9, 5, 4, 3, 2, 2, 2, 1, 1, 1, 1, 1, 1
TRBV7-2.TRBJ1-5	3	1.58496250072	1.0	'CASSSGTGFQPQHF', 'CASSLGGMGQPQHF', 'CASSLVQGGYQPQHF'	1, 1, 1
TRBV7-2.TRBJ1-4	1	0.0	0	'CASSQGQATNEKLFF'	18
TRBV7-2.TRBJ1-6	1	0.0	0	'CASSLARYGFIGDSPLHF'	1
TRBV7-2.TRBJ1-1	8	2.92192809489	0.973976031629	'CASSPGANKNTEAFF', 'CASSFISGNTEAFF', 'CASSMDRGITEAFF', 'CASSLDSGLATEAFF', 'CASSDGLNTEAFF', 'CASSLGGSEAFF', 'CASSLVGRQFDEAFF', 'CASSSSTVNTEAFF'	2, 2, 1, 1, 1, 1, 1, 1
TRBV7-2.TRBJ1-3	2	1.0	1.0	'CASSLGPQAGNTIYF', 'CASSQGTGAGGNTIYF'	1, 1
TRBV7-2.TRBJ1-2	1	0.0	0	'CASSGQTNYGYTF'	1
TRBV7-2.TRBJ2-6	1	0.0	0	'CASSFPPGLAGKVSGANVLTF'	1
TRBV7-2.TRBJ2-7	9	3.0391486719	0.958744661315	'CASSRTGVEQYF', 'CASSLYGVEQYF', 'CASSFGTGYEQYF', 'CASSPTAPTYEQYF', 'CASSPTAPSYEQYF', 'CASSLAGYEQYF', 'CASSPRHEQYF', 'CASSLDRFYEQYF', 'CASSATSGSSYEQYF'	3, 2, 2, 2, 1, 1, 1, 1, 1
TRBV7-2.TRBJ2-5	10	2.78418371978	0.838122813093	'CASSLYPGLAGLETQYF', 'CASSLNSGSTQETQYF', 'CASSQRGEELFQETQYF', 'CASRPGGVSETQYF', 'CASSLGPRAGRETQYF', 'CASSLKIAGGPWETQYF', 'CASTPTSGGPKGTQYF', 'CASSWGGRETQYF', 'CASSKGVTQYF', 'CASSPQTGYIGETQYF'	8, 3, 2, 1, 1, 1, 1, 1, 1, 1
TRBV7-2.TRBJ2-2	2	1.0	1.0	'CASRFPGQGPAGELFF', 'CASSLMNTGELFF'	1, 1
TRBV7-2.TRBJ2-3	4	1.84237099318	0.921185496589	'CASSSSTSPFTDTQYF', 'CASSLRVPTDTQYF', 'CASSLSYGGGSTDTQYF', 'CASSLDLTSTDTQYF'	3, 2, 1, 1
TRBV7-2.TRBJ2-1	6	2.32192809489	0.898244401704	'CASTRTGANNEQFF', 'CASSLQLAGNNEQFF', 'CASSSLRGGGDNEQFF', 'CASSSASGRNEQFF', 'CASSFTGTSVYNEQFF', 'CASSPAGSGGSSYNEQFF'	4, 2, 1, 1, 1, 1
TRBV10-3.TRBJ1-5	1	0.0	0	'CAISEGGTPNQPQHF'	1
TRBV10-3.TRBJ1-2	2	0.918295834054	0.918295834054	'CAISWQGVDGYTF', 'CAINDGGAGYTF'	2, 1
TRBV10-3.TRBJ1-1	3	1.5	0.946394630357	'CATRLDSNTEAFF', 'CAISPQGAGTEAFF', 'CAISEFGQKGGYTEAFF'	2, 1, 1
TRBV7-7.TRBJ2-7	1	0.0	0	'CASSLGGEAREQYF'	21
TRBV7-7.TRBJ2-5	1	0.0	0	'CASSLAGTQYF'	2
TRBV25-1.TRBJ1-5	1	0.0	0	'CASSATGGNQPQHF'	2
TRBV25-1.TRBJ1-4	1	0.0	0	'CASSETGKGEKLFF'	12
TRBV25-1.TRBJ1-6	2	0.102158036409	0.102158036409	'CASSVDRYSPLHF', 'CASSESWGSYNSPLHF'	148, 2
TRBV25-1.TRBJ1-1	2	1.0	1.0	'CASRMTTEAFF', 'CASRDSMNTEAFF'	1, 1
TRBV25-1.TRBJ1-3	2	0.918295834054	0.918295834054	'CASSRDPGNTIYF', 'CASSEYGANSGNTIYF'	2, 1
TRBV2-1.TRBJ1-3	2	0.811278124459	0.811278124459	'CASSGQGAGNTIYF', 'CASSGSIGHTSGNTIYF'	3, 1
TRBV2-1.TRBJ1-2	6	2.50325833478	0.968392514041	'CASRGEVYGYTF', 'CASSEHRTNYGYTF', 'CASGTEYGYTF', 'CASKRGQGNYGYTF', 'CASSGTGDGYTF', 'CASSEALSHLGGYTF'	2, 2, 2, 1, 1, 1
TRBV7-7.TRBJ1-1	1	0.0	0	'CASSATENTEAFF'	1
TRBV7-7.TRBJ1-3	1	0.0	0	'CASSEGVENTIYF'	1
TRBV7-7.TRBJ1-5	1	0.0	0	'CASSPPPDIDQHGKPQHF'	1
TRBV7-9.TRBJ2-1	11	2.77076289123	0.800930093922	'CASSLGGNEQFF', 'CASSLESRPQQFF', 'CASSLAPANNEQFF', 'CASSFGTGVHEQFF', 'CASSLASWGAGGEYNEQFF', 'CASSLVPLHNEQFF', 'CASSPNRGVNEQFF', 'CASSFSLPTGTGGLVEQFF', 'CASSTLAGGPKSSYNEQFF', 'CASSFLGDEQFF', 'CASSPAGTSGREQFF'	9, 8, 4, 1, 1, 1, 1, 1, 1, 1, 1
TRBV7-9.TRBJ2-3	9	2.62924922386	0.829435782443	'CASSLRTSGGKPTDTQYF', 'CASSFVAASTDTQYF', 'CASSPLGTQYF', 'CASSPLGTGTSDTQYF', 'CASSSARDTQYF', 'CASKRTSGRADTQYF', 'CASSLDPAVTQYF', 'CASSLSWNTQYF', 'CASSLGVGDTQYF'	8, 3, 2, 1, 1, 1, 1, 1, 1
TRBV7-9.TRBJ2-2	5	0.36125884403	0.15558571552	'CASSPEGEVLFF', 'CASSFRANTGELFF', 'CASSFSTTNTGELFF', 'CASSLDVGELFF', 'CASSLGPDRASGGRTRELFF'	159, 4, 2, 1, 1
TRBV7-9.TRBJ2-5	9	3.02205520887	0.953352274107	'CASSLGDGVYQETQYF', 'CASSQFGGETQYF', 'CASSITVKETQYF', 'CASSLGTGGLPFQETQYF', 'CASSLGPDRDYF', 'CASSPDQLVGQYF', 'CASSSGRGARLETQYF', 'CASSAGSYEQYF', 'CAGERTGGFETQYF'	3, 2, 1, 1, 1, 1, 1, 1, 1
TRBV1-1.TRBJ2-1	1	0.0	0	'CTSSQDPRRSISSYNEQFF'	1
TRBV7-9.TRBJ2-7	12	3.16892507936	0.883949296185	'CASSLTVSSYEQYF', 'CASSIDRYYEQYF', 'CASSSGTADEQYF', 'CASSWVTGQRSYEQYF', 'CASRPPTGEAYEQYF', 'CASSNLHTAYEQYF', 'CASSSGGGIEQYF', 'CASSLAGTSYEQYF', 'CASSVEDRYYEQYF', 'CASSSLFSGSGGAYEQYF', 'CASSLQGRVYEQYF', 'CASSAGSYEQYF'	9, 5, 2, 2, 2, 2, 2, 1, 2, 1, 1, 1
TRBV4-2.TRBJ2-6	1	0.0	0	'CASSLRPRSGANVLTF'	1
TRBV4-2.TRBJ1-2	1	0.0	0	'CASSQVLEPGYGYTF'	2
TRBV7-9.TRBJ1-3	5	1.90160949706	0.818978632993	'CASSLTDVGTIYF', 'CASSFVAPSGNTIYF', 'CASSSSLDRVGNTIYF', 'CASSLIQTGLISGNTIYF', 'CASSLGAGTGGNTIYF'	8, 7, 3, 1, 1
TRBV20-1.TRBJ2-5	18	2.75884612076	0.661605693102	'CSARRTDIRTSGQETQYF', 'CSARDGGAETQYF', 'CSGDHQETQYF', 'CSAFFRGSETQYF', 'CSAFSGGSETQYF', 'CSALYGTQYF', 'CSARVGLGLAMETQYF', 'CSARDIGAQETQYF', 'CSAQAQTRTRETQYF', 'CSARDLGGRAPETQYF', 'CSATTGRETQYF', 'CSVPLPIWGQETQYF', 'CSARWSHPDRVRETQYF', 'CSALVNSQETQYF', 'CSAQLTSGGQETQYF', 'CSARNSETQYF', 'CSARLARSLGGRVRQETQYF', 'CSAPGHLIETQYF'	30, 6, 2, 2, 2, 2, 1, 1, 1, 1, 1, 1, 1, 1, 1, 1, 1, 1
TRBV7-9.TRBJ1-1	5	2.0	0.861353116147	'CASSSEILTGKFEAFF', 'CASSLASGTNTEAFF', 'CASRHLQGTEAFF', 'CASSLAAKGRANTEAFF', 'CASSLGVTEAFF'	4, 1, 1, 1, 1
TRBV20-1.TRBJ2-3	16	3.8634651896	0.9658662974	'CSARDLAGETNTDTQYF', 'CSARGYPGSSPDTQYF', 'CSVPTSTGGGTDTQYF', 'CSQDRTGTGSYTQYF', 'CSARDWAGGIDTQYF', 'CSARDFSGRGGDTQYF', 'CSAAQGGRGGTQYF', 'CSAETGTSGGLAQYF', 'CSARTIPGTGGPNTQYF', 'CSATRQGGNTDTQYF', 'CSARGGLAGTTDTQYF', 'CSGPSWTSGSAKISTDTQYF', 'CSAGTTLTDTQYF', 'CSAKQGPSTDTQYF', 'CSATKRGGQDTQYF', 'CSARDWVGDTQYF'	3, 3, 2, 2, 2, 2, 2, 1, 1, 1, 1, 1, 1, 1, 1, 1
TRBV20-1.TRBJ2-2	7	2.54925539717	0.908063094245	'CSAPVAGTSPNTGELFF', 'CSARYRNTGELFF', 'CSARDRRSPGELFF', 'CSASIGSTGGPDTGELFF', 'CSARAFLVGVNTGELFF', 'CSASIGSTGGPGTGELFF', 'CSASRRNTGELFF'	5, 3, 2, 2, 1, 1, 1
TRBV7-9.TRBJ1-4	2	0.561752607831	0.561752607831	'CASSLGQGNEKLFF', 'CASSLVLGEKLFF'	33, 5
TRBV7-9.TRBJ1-5	2	1.0	1.0	'CASSDGGQPQHF', 'CASSLGQGEPQHF'	1, 1
TRBV2-1.TRBJ2-1	10	3.10188122348	0.933759291253	'CASSEGLVSVNEQFF', 'CASTSDYNEQFF', 'CASSGGRGGEQFF', 'CASSNLANSYNEQFF', 'CASSPDSGRLREQFF', 'CASQTTGPSYNEQFF', 'CASSEWQGNEQFF', 'CASMERGSSYNEQFF', 'CASKGLAQYYNEQFF', 'CASSEGGALNWNEQFF'	4, 3, 2, 2, 1, 1, 1, 1, 1, 1
TRBV2-1.TRBJ2-2	4	1.50161447181	0.750807235905	'CASSSGQTAPGELFF', 'CASTKMKDTGELFF', 'CASVRTSNTGELFF', 'CASSGADRARGELFF'	10, 3, 2, 1
TRBV2-1.TRBJ2-3	3	1.5	0.946394630357	'CASSYGQPPDTQYF', 'CASRDTGTDTQYF', 'CASSDPQGWGNTQYF'	2, 1, 1
TRBV2-1.TRBJ2-5	3	1.58496250072	1.0	'CASSEARFTGKTQYF', 'CASSHGTSGGQETQYF', 'CASSYSETQYF'	1, 1, 1
TRBV2-1.TRBJ2-6	1	0.0	0	'CATGTGASGANVLTF'	1
TRBV30-1.TRBJ2-1	4	1.79248125036	0.89624062518	'CAWREGGIGTRLFF', 'CAWAGGGHNEQFF', 'CAWSVLTPGPSRSYNEQFF', 'CAWSVNLAGGYNEQFF'	3, 1, 1, 1
TRBV30-1.TRBJ2-2	1	0.0	0	'CAWSVTGLAGGMTGELFF'	1
TRBV6-6.TRBJ1-4	1	0.0	0	'CASSEPRQVNEKLFF'	1
TRBV6-6.TRBJ1-5	6	2.58496250072	1.0	'CASSTASGLAQHF', 'CASSYGLGQPQHF', 'CASSLQGKMEQPQHF', 'CASSYGMGQPQHF', 'CASSYGTGYQPQHF', 'CASSYGREVGNQPQHF'	1, 1, 1, 1, 1, 1
TRBV6-6.TRBJ1-1	5	0.427779537473	0.184234618813	'CATRRGLNTEAFF', 'CASSFPGQGSFF', 'CASSYQGATEAFF', 'CASSYSRQSNTEAFF', 'CASRKETGFAEAFF'	82, 2, 1, 1, 1
TRBV6-6.TRBJ1-2	4	1.37164076219	0.685820381093	'CAIETSNYGYTF', 'CASSYQSGGNGYTF', 'CASSPAGTESYGYTF', 'CASSSPTTGIYGYTF'	11, 2, 2, 1
TRBV30-1.TRBJ2-5	2	1.0	1.0	'CAWKTGGGETQYF', 'CAWSVSGRAETQYF'	1, 1
TRBV7-8.TRBJ2-7	1	0.0	0	'CASSLVARTLPTYEQYF'	1
TRBV9-1.TRBJ1-5	3	1.58496250072	1.0	'CASSTTGEENQPQHF', 'CASSVDRGYSNQPQHF', 'CASSVGLNQPQHF'	1, 1, 1
TRBV6-5.TRBJ2-6	1	0.0	0	'CASSYTGSSGANVLTF'	1
TRBV14-1.TRBJ2-3	4	1.20751874964	0.60375937482	'CASSQNAGLSTDTQYF', 'CASSQENLDRFTDTQYF', 'CASSQAVRDTQYF', 'CASSQYAAQGAWADTQYF'	9, 1, 1, 1
TRBV6-6.TRBJ2-7	7	1.65972240945	0.59120505085	'CASSPGGHSYEQYF', 'CASSRQRTSYEQYF', 'CASIIDGLAGSGEQYF', 'CASTGTSGGDYEQYF', 'CAIRDISSTEQYF', 'CASTVDSGVRSYEQYF', 'CASSLERGGPYEQYF'	18, 2, 2, 1, 1, 1, 1
TRBV6-6.TRBJ2-5	3	1.2987949407	0.819448371873	'CASSYWDREETQYF', 'CASSYSETQYF', 'CASSYEAVGETQYF'	5, 2, 1
TRBV6-6.TRBJ2-3	2	0.811278124459	0.811278124459	'CASREGGTDTQYF', 'CASSYSGAPVDTQYF'	3, 1
TRBV6-6.TRBJ2-2	2	1.0	1.0	'CASSYTLRAGELFF', 'CASSYGQLTGELFF'	2, 2
TRBV6-6.TRBJ2-1	5	0.659439458378	0.284005116192	'CASSYSAGGSYNEQFF', 'CASTYAGVGMNEQFF', 'CASSYSTGGRFEQFF', 'CASSYQEGEQFF', 'CASSRDSFGNEQFF'	79, 7, 1, 1, 1
TRBV14-1.TRBJ2-1	2	1.0	1.0	'CASSQVLGQTLGSEQFF', 'CASSRGLVRGGYHNEQFF'	1, 1
TRBV6-4.TRBJ2-1	3	1.58496250072	1.0	'CASSADYGSYNEQFF', 'CASSDGGDYNEQFF', 'CASSDVGQQQFF'	1, 1, 1
TRBV6-4.TRBJ2-3	1	0.0	0	'CASSETHRGTDTQYF'	6
TRBV6-4.TRBJ2-2	2	0.485460760746	0.485460760746	'CASSEGSFTGELFF', 'CASSRQGGAGELFF'	17, 2
TRBV6-4.TRBJ2-5	1	0.0	0	'CASRGTGGIYQETQYF'	1
TRBV5-6.TRBJ2-1	4	1.81127812446	0.90563906223	'CASSLGLLNDNEQFF', 'CASSLGKGHYNEQFF', 'CASSLVGGIGNEQFF', 'CASSLVHYNEQFF'	3, 3, 1, 1
TRBV5-6.TRBJ2-2	2	1.0	1.0	'CASSLGPNTGELFF', 'CASTSASGNTGELFF'	1, 1
TRBV5-6.TRBJ2-3	2	1.0	1.0	'CASSLLLAASLGDTQYF', 'CASSSLSGSVDTQYF'	1, 1
TRBV5-6.TRBJ2-5	6	2.08050053064	0.804847470731	'CASSFGSGAIETQYF', 'CASHGTGFRETQYF', 'CASSGVGGETQYF', 'CASSRWTNLQETQYF', 'CASSPRSGPQETQYF', 'CASSLDRDRVPQETQYF'	8, 5, 2, 1, 1, 1
TRBV5-6.TRBJ2-7	9	2.87095059445	0.905684075538	'CASSPTPGLAGVEQYF', 'CASSHHSYEQYF', 'CASSLWNRRLSYEQYF', 'CASGPVGGAGPREQYF', 'CASSLDQPDRGPHYEQYF', 'CASSHRVGGGPNEQYF', 'CASSLQGFSYEQYF', 'CASSSGTGVSYEQYF', 'CASSLGQGWLEQYF'	6, 3, 3, 2, 2, 1, 1, 1, 1
TRBV30-1.TRBJ1-3	1	0.0	0	'ILPK'	1
TRBV5-5.TRBJ2-5	1	0.0	0	'CASSLSGQGVPQETQYF'	161
TRBV6-4.TRBJ1-2	2	1.0	1.0	'CASSRGGDRGYGYTF', 'CASRGEGEGGYTF'	1, 1
TRBV5-6.TRBJ1-2	4	1.61400546285	0.807002731427	'CASSLLGGYTF', 'CASSLFTGYPQHYGYTF', 'CASSSPGGLRYGYTF', 'CASSLGRMKYGYTF'	7, 2, 2, 1
TRBV5-6.TRBJ1-1	7	1.94007268735	0.691067834746	'CASSLASGATGEDFRAFF', 'CASSLGGMNTEAFF', 'CASSLDENTEAFF', 'CASSRDENTEAFF', 'CASSLGVGSTEAFF', 'CASSLAAGYTEAFF', 'CASSPRDSGAFF'	16, 4, 2, 2, 1, 1, 1
TRBV6-4.TRBJ1-1	1	0.0	0	'CASRGVNTEAFF'	2
TRBV5-6.TRBJ1-5	3	1.2987949407	0.819448371873	'CASSLRGHNQPQHF', 'CASSLGPHMWSVLDQPQHF', 'CASSFGGGRQPQHF'	5, 2, 1
TRBV5-6.TRBJ1-4	1	0.0	0	'CASSSISKAYNEELFF'	4
TRBV5-5.TRBJ2-2	1	0.0	0	'CASSPYGHKQLNTGELFF'	1
TRBV5-5.TRBJ2-1	2	1.0	1.0	'CASSSTLDYSKNNEQFF', 'CASSWSGREDGEQFF'	1, 1
TRBV6-5.TRBJ1-3	1	0.0	0	'CASSQGEVFGNTIYF'	5
TRBV6-5.TRBJ1-2	12	2.75201905055	0.767656300447	'CASSRGQGQSHTF', 'CASRLAVGQGEGYTF', 'CASSSPTTGIYGYTF', 'CASSPQTGTLYGYTF', 'CASRTQGRANYGYTF', 'CASHPEGQVNYGYTF', 'CASSYRGYGYTF', 'CASSYHRGGGYTF', 'CASSYAGGQVFYGYTF', 'CASSYSMENYGYTF', 'CASSASGGTYGYTF', 'CASSNPKQTNYGYTF'	20, 12, 6, 3, 2, 2, 2, 2, 1, 1, 1, 1
TRBV6-5.TRBJ1-1	6	1.33703287064	0.517234919374	'CASSYQGATEAFF', 'CATRRGLNTEAFF', 'CASSKQGSTEAFF', 'CASSYAGGIVLDEAFF', 'CASSYSSTQGPNTEAFF', 'CASSYPVQGPVEAFF'	22, 2, 2, 1, 1, 1
TRBV6-5.TRBJ1-6	1	0.0	0	'CASSYTNYNSPLHF'	2
TRBV6-5.TRBJ1-5	10	3.0655370673	0.922818610078	'CASSLGTGEQPQHF', 'CASSSGTGLGQPQHF', 'CASSPGMGQPQHF', 'CASSYGMGQPQHF', 'CASSYGLGQPQHF', 'CASSVGATFDQPQHF', 'CASSLTGANQPQHF', 'CASSWTGNQPQHF', 'CASSTASGLAQHF', 'CASSYSAPGVSNQPQHF'	7, 3, 3, 5, 2, 2, 2, 1, 2, 1
TRBV6-5.TRBJ1-4	2	1.0	1.0	'CASSSTGAYATNEKLFF', 'CASSYWRDRTTNEKLFF'	1, 1
TRBV12-5.TRBJ1-5	1	0.0	0	'CASGNTGGPQPQHF'	2
TRBV7-3.TRBJ1-6	1	0.0	0	'RASSPRPDSSYNSPLHF'	25
TRBV7-3.TRBJ1-1	1	0.0	0	'RASSSRRDRGSVRTEAFF'	1
TRBV7-3.TRBJ1-2	1	0.0	0	'CASSLDSGGLGDGYTF'	2
TRBV6-2.TRBJ2-1	18	3.3012019288	0.791669377186	'CASSYPIAGSIEQFF', 'CASSYSEEQFF', 'CASSYPTSGIYNEQFF', 'CASSYPLAGGCVF', 'CASSTGLAGAQFF', 'CASGVAVDEQFF', 'CASSSWAKQFF', 'CASSYGASSYNEQFF', 'CASSYQFSEQFF', 'CASSYSEDEQFF', 'CASSYSAGGSYNEQFF', 'CASSYGDLEQFF', 'CASKSGGLADPLSYNEQFF', 'CASSYPRTGGLNEQFF', 'CASSHTGTYLVYNEQFF', 'CASSLALISSYNEQFF', 'CASSYHLAGGFSYNEQFF', 'CASSLGLAGIDEQFF'	22, 10, 9, 5, 4, 2, 2, 2, 2, 2, 1, 1, 1, 1, 1, 1, 1, 1
TRBV20-1.TRBJ2-7	26	2.95199652153	0.62802561006	'CSASFVGTASYEQYF', 'CSAQAGLYEQYF', 'CSARFRGYYEQYF', 'CSAGGGASYEQYF', 'CSARDPSVRTGGAYEQYF', 'CSASAGTGGSYEQYF', 'CSARDYGGVHQEQYF', 'CSARDGLGEQYF', 'CSARSQRDEQYF', 'CSARFIGRRYEQYF', 'CSARTVSLSYEQYF', 'CSAGDLHPNEQYF', 'CSATLTGTTSYEQYF', 'CSARVGTLRGAHYEQYF', 'CSTPARDRVSYEQYF', 'CSASRGRGEQYF', 'CSATDGRYEQYF', 'CSAQSGPSYEQYF', 'CSARDLRTSGSYEEQYF', 'CSARDWDRVSGAEQYF', 'CSVGLGQYF', 'CSAQGKGYEQYF', 'CSARLAGSYEQYF', 'CSASGSATYEQYF', 'CSANRDRAYEQYF', 'CSAKIASGYEQYF'	55, 42, 18, 10, 3, 3, 2, 2, 2, 2, 1, 1, 1, 1, 1, 1, 1, 1, 1, 1, 1, 1, 1, 1, 1, 1
TRBV12-5.TRBJ2-5	2	0.272970857914	0.272970857914	'CASGLLPDLGLAGQETQYF', 'CASGLTTGGSPQETQYF'	61, 3
TRBV12-5.TRBJ2-7	2	0.0450362850936	0.0450362850936	'CASTPLDRPLGEQYF', 'CASGLVPVVGEQYF'	201, 1
TRBV12-5.TRBJ2-1	2	1.0	1.0	'CASGFPGQGGSYNEQFF', 'CASGPGDYPYNEQFF'	1, 1
TRBV7-3.TRBJ2-7	2	0.970950594455	0.970950594455	'CASSILAGGSYEQYF', 'CASSPDKSYAQYF'	3, 2
TRBV7-3.TRBJ2-3	3	1.5	0.946394630357	'CASSLFAGTDTQYF', 'CASSRTGSFSDTQYF', 'CASSPYSSTDTQYF'	2, 1, 1
TRBV7-3.TRBJ2-2	2	0.413816850304	0.413816850304	'CASSLTGELFF', 'CASSATYQNTGELFF'	11, 1
TRBV7-3.TRBJ2-1	3	1.58496250072	1.0	'CASSLTGGTSGRAGNEQFF', 'CASSLRGASYNEQFF', 'CASSMGLAGGPYNEQFF'	1, 1, 1
TRBV1-1.TRBJ1-5	1	0.0	0	'CTSSPHHFRARDRNQPQHF'	1
TRBV1-1.TRBJ1-2	1	0.0	0	'CTSSRAGLRKTYGYTF'	1
TRBV1-1.TRBJ1-3	1	0.0	0	'CTSSHKIVPRRVRGRSGNTIYF'	1
TRBV5-3.TRBJ2-2	1	0.0	0	'CARSLSGLGQGPGELFF'	16
TRBV5-3.TRBJ1-5	2	0.503258334776	0.503258334776	'CARSLGGASQPQHF', 'CARSLDSRGLGQPQHF'	8, 1
TRBV1-1.TRBJ2-7	1	0.0	0	'CTSSSPGGAGSYEQYF'	5
TRBV1-1.TRBJ2-6	1	0.0	0	'CTSSCRSLCTSRANVLTF'	1
TRBV2-1.TRBJ1-1	7	1.19360830227	0.425171855862	'CASSEDRFYLAFF', 'CASREGTGNTEAFF', 'CASRAGTGNTEAFF', 'CASSGYTEAFF', 'CASSPQGKGTEAFF', 'CASSGYLHTEAFF', 'CATDPTSDGLNTEAFF'	103, 24, 6, 2, 1, 1, 1
TRBV2-1.TRBJ1-6	1	0.0	0	'CASSEARGISPLHF'	1
TRBV2-1.TRBJ1-5	4	0.281535559199	0.1407677796	'CASSVPTGGVQPQHF', 'CASSEGPTLSNQPQHF', 'CASSSIGGNQPQHF', 'CASSVGATFDQPQHF'	132, 2, 2, 1
TRBV2-1.TRBJ1-4	2	1.0	1.0	'CASRTGGFRNEKLFF', 'CASRLVRGHEKLFF'	1, 1
TRBV5-5.TRBJ1-5	2	1.0	1.0	'CASSLEVGHIGQPQHF', 'CASSQENLGQPQHF'	1, 1
TRBV5-5.TRBJ1-6	2	1.0	1.0	'CASSLDRYSPLHF', 'CASSSGPTLHF'	1, 1
TRBV30-1.TRBJ2-3	4	1.2772018112	0.638600905601	'CAHADRLGTDTQYF', 'CAWGRGGDTQYF', 'CAWSLSGGADTQYF', 'CAWSAQGPDTQYF'	12, 3, 1, 1
TRBV30-1.TRBJ2-4	2	0.5435644432	0.5435644432	'CAWKGWELAKNIQYF', 'CAWSRGAKNIQYF'	7, 1
TRBV5-5.TRBJ1-1	2	0.918295834054	0.918295834054	'CASSFAGQTLTEAFF', 'CASSLAGSRYTEAFF'	2, 1
TRBV5-5.TRBJ1-2	4	0.765363612677	0.382681806338	'CASSLESGEVFGDGYTF', 'CASSPPPSYGYTF', 'CASSLAELQVDNYGYTF', 'CASSKTTGGGGYTF'	20, 1, 1, 1
TRBV30-1.TRBJ2-7	8	2.86032077783	0.953440259278	'CAWSNTIMKNYEQYF', 'CAWGKGSPDIGHEQYF', 'CAWSVTHTSYEQYF', 'CAEHERGLYEQYF', 'CASRTSGPSFYEQYF', 'CAWSVTRTSYEQYF', 'CAWSRTVEYYEQYF', 'CAWSPEPYEQYF'	5, 3, 2, 2, 2, 2, 2, 1
TRBV5-5.TRBJ2-7	8	0.0811026350312	0.0270342116771	'CASSVEDRYYEQYF', 'CASSLGVGRGYEQYF', 'CASSWDRYYEQYF', 'CASSLDRFHEQYF', 'CASSFWQGAYEQYF', 'CASSPTGYRGEQYF', 'CASSHDRYYEQYF', 'CASSSDRFYEQYF'	1754, 5, 2, 2, 1, 1, 1, 1
TRBV30-1.TRBJ1-2	9	2.56261677853	0.808415586289	'CAWSVQGLGYGYTF', 'CAWTVQGIGWGYTF', 'CAWTVGTIYGYTF', 'CAWTPDLYYGYTF', 'CAWSPGQLNYGYTF', 'CACGQGVGGYTF', 'CAWSWLAGNNGYTF', 'CAWSVNGLGYGYTF', 'CAWTLPGTGGYGYTF'	12, 6, 5, 2, 2, 1, 1, 1, 1
TRBV30-1.TRBJ1-1	4	1.81127812446	0.90563906223	'CAWRLQGLGTEAFF', 'CAWSPSGGLGAFF', 'CAWTGGFNTEAFF', 'CAWTQGAEAFF'	3, 3, 1, 1
TRBV5-5.TRBJ2-3	3	1.5	0.946394630357	'CASSLGGGRGTDTQYF', 'CASSLELAGADTQYF', 'CASSGSNPGPTDTQYF'	2, 1, 1
TRBV30-1.TRBJ1-6	4	0.538816850304	0.269408425152	'CAWSRGPYNSPLHF', 'CAWSIKGSYNSPLHF', 'CAWSRDRGWNSPLHF', 'CAWRPDAQTGKSSPLHF'	44, 2, 1, 1
TRBV30-1.TRBJ1-5	3	1.15677964945	0.729846699162	'CAWSNFGDNQPQHF', 'CAWSVSGSNQPQHF', 'CAWSPPLGGRQPQHF'	7, 2, 1
TRBV30-1.TRBJ1-4	1	0.0	0	'CAWSIGQGGNEKLFF'	1
TRBV25-1.TRBJ2-1	5	2.32192809489	1.0	'CASSEYGSRDEQFF', 'CASRGSGSKHNEQFF', 'CASSELAGKSYNEQFF', 'CASSPRDLRHNEQFF', 'CASSQGARDNEQFF'	1, 1, 1, 1, 1
TRBV6-8.TRBJ2-2	1	0.0	0	'CASSYGQLTGELFF'	1
TRBV20-1.TRBJ2-1	18	3.88100548805	0.930713498855	'CSAYPSGGYNEQFF', 'CSAIDGTSGGNEQFF', 'CSASPGLAALSSYNEQFF', 'CSASLAEAYNEQFF', 'CSASGLAGGSSYNEQFF', 'CSARVAGALNEQFF', 'CSAQLEVLYNEQFF', 'CSASVLGNSYNEQFF', 'CSANPARLSQDDEQFF', 'CSADLPHSPSHEQFF', 'CSARDQVGGYNEQFF', 'CSAPEGGGELNEQFF', 'CSALPSGLEYNEQFF', 'CSASVPGLQYNEQFF', 'CSASPRGGSSYNEQFF', 'CSARSLGTSGIGRNEQFF', 'CSAESGRAVNEQFF', 'CSARGGARGAGLAAYNEQFF'	6, 4, 3, 3, 2, 2, 2, 2, 1, 1, 1, 1, 1, 1, 1, 1, 1, 1
TRBV19-1.TRBJ2-7	10	0.75506379496	0.227296850923	'CASSIGRYYEQYF', 'CASSIGVGVYEQYF', 'CASSVGRYYEQYF', 'CASSIAAGGAYEQYF', 'CASSLAGTISYEQYF', 'CASSISRYYEQYF', 'CASSPSLLGDEQYF', 'CASSPTGGIYEQYF', 'CASSVRASYEQYF', 'CASSVADRTYEQYF'	699, 33, 24, 9, 5, 5, 4, 3, 1, 1
TRBV19-1.TRBJ2-6	2	0.650022421648	0.650022421648	'CASSIGFIGANVLTF', 'CASSIAEVSGANVLTF'	5, 1
TRBV19-1.TRBJ2-5	4	0.278890634283	0.139445317141	'CASSILQGSETQYF', 'CASSSGQAIQETQYF', 'CASSIKHLETQYF', 'CASSPSTAFQETQYF'	81, 1, 1, 1
TRBV19-1.TRBJ2-4	1	0.0	0	'CASSMTGLAGGRLAKNIQYF'	20
TRBV19-1.TRBJ2-3	4	2.0	1.0	'CASSMRATDTQYF', 'CASSILWGTDTQYF', 'CASSISLSTDTQYF', 'CASSFRSTDTQYF'	1, 1, 1, 1
TRBV19-1.TRBJ2-2	8	2.84237099318	0.947456997726	'CASSQLLGRKASGELFF', 'CASKRSNTGELFF', 'CASSIEILANTGELFF', 'CASSLRSTGELFF', 'CASSMGSGVGVGELFF', 'CASSIGTLNTGELFF', 'CASRLAGVNTGELFF', 'CASSIHTGELFF'	3, 3, 2, 2, 1, 1, 1, 1
TRBV19-1.TRBJ2-1	12	2.01955967162	0.563341923721	'CASSQGRSLWIF', 'CASSIGGRGWDEQFF', 'CASSSGGSSYNEQFF', 'CASDGGNSYNEQFF', 'CASTSQGGNSYNEQFF', 'CASSIGSSGFNEQFF', 'CASSIGGRGGDEQFF', 'CASKAGQGGYNEQFF', 'CASSILKSGGNEQFF', 'CASSDGQVALSYNEQFF', 'CASSIRDRDYNEQFF', 'CASSIEGVGLANNEQFF'	72, 12, 4, 4, 4, 4, 3, 2, 2, 2, 1, 1
TRBV6-9.TRBJ2-1	1	0.0	0	'CASSYSNYNEQFF'	1
TRBV6-9.TRBJ2-2	1	0.0	0	'CASSYGQLTGELFF'	1
TRBV19-1.TRBJ1-4	4	0.205106582612	0.102553291306	'CASSMGLLDEKLFF', 'CASSLTASAALVGEKLFF', 'CASSTTATNEKLFF', 'CASGAGILDEKLFF'	157, 2, 1, 1
TRBV19-1.TRBJ1-5	16	3.71419244709	0.928548111773	'CASSIAHRAPQPQHF', 'CASTPAGLGQPQHF', 'CASSIMGFGQPQHF', 'CASSGMGLGQPQHF', 'CASSMGTGVSNQPQHF', 'CASSRGQGSHNQPQHF', 'CASSIEGGAINQPQHF', 'CATTWGSYSNQPQHF', 'CASSIHAQPQHF', 'CASSGHPNQPQHF', 'CASSISGRSYQPQHF', 'CASGPRNQPQHF', 'CASSMQGLGQPQHF', 'CASSETGVGQPQHF', 'CAIPNMGHLYSNQPQHF', 'CASSRGQSSHNQPQHF'	7, 4, 4, 3, 2, 2, 2, 2, 2, 2, 1, 1, 1, 1, 1, 1
TRBV19-1.TRBJ1-6	2	0.779349837292	0.779349837292	'CASSIWALNSPLHF', 'CASSRTGGNSPLHF'	10, 3
TRBV19-1.TRBJ1-1	16	2.87428268407	0.718570671016	'CASRGGALGTEAFF', 'CASSITENTEAFF', 'CASSWGYRVDTEAFF', 'CASRRGALDTEAFF', 'CASYTGFEAFF', 'CASSIQSGGNTEAFF', 'CASSIGFLMGTEAFF', 'CASSIGENTEAFF', 'CASSPGVLVAEAFF', 'CASSGTGLNPEAFF', 'CASSFGVSTEAFF', 'CASSAWTAWDTEAFF', 'CASSIVNTEAFF', 'CASSAGVIGTGSAFF', 'CASSIRGGLRNTEAFF', 'CASSWGDRDDTEAFF'	127, 118, 32, 29, 28, 14, 11, 11, 9, 8, 7, 5, 4, 2, 1, 1
TRBV19-1.TRBJ1-2	9	2.7528553052	0.868429159665	'CASRPGGLVYGYTF', 'CASSPGQNYGYTF', 'CASSIGGGYTF', 'CASSPSQHYGYTF', 'CASSTTVGSYYGYTF', 'CASSPGQGANYGYTF', 'CASNIAGTAIYGYTF', 'CASSPGQGAFSGYTF', 'CASSPGDGTYGYTF'	7, 3, 2, 2, 1, 1, 1, 1, 1
TRBV19-1.TRBJ1-3	2	0.918295834054	0.918295834054	'CASSNSLGARNTIYF', 'CASSMGRLGNTIYF'	2, 1
TRBV5-4.TRBJ1-4	2	1.0	1.0	'CASSLGLDSPNEKLFF', 'CASSQGQSLEKLFF'	1, 1
TRBV5-4.TRBJ1-1	5	0.81284267947	0.350072287449	'CASSLAGSRYTEAFF', 'CASSLEAGGGAFF', 'CASSIQGGAGAEAFF', 'CASSSSGTGYSTEAFF', 'CASSLGGRGRVTEAFF'	27, 1, 1, 1, 1
TRBV5-4.TRBJ1-3	3	0.978015556662	0.617059114154	'CASSLGAGNTIYF', 'CASSSEDSPGNTIYF', 'CASSPQRTGFAGNTIYF'	13, 3, 1
TRBV5-4.TRBJ1-2	5	2.25162916739	0.969723899868	'CASSLGPIPTNYGYTF', 'CASSLAGTGGGYTF', 'CAIGEQLHYGYTF', 'CASSLAGIGGGYTF', 'CASSLKGLGAGYTF'	2, 1, 1, 1, 1
TRBV5-4.TRBJ2-7	8	2.32838629043	0.776128763476	'CASSQGNSYEQYF', 'CASSLVGGPNYEQYF', 'CASSVKTGGREQYF', 'CASSSTGASSYEQYF', 'CASSLDPAQGEQYF', 'CASSPGHGEQYF', 'CASSVEDRYYEQYF', 'CASSPPDSHYEQYF'	15, 3, 2, 2, 2, 2, 2, 1
TRBV5-4.TRBJ2-5	10	3.2389012566	0.975006431231	'CASSSAGGQETQYF', 'CASSAPGPRGSETQYF', 'CASSSPGTSGSGETQYF', 'CASSLDFPTGGETQYF', 'CASSLDRKETQYF', 'CASSLSGQGVPQETQYF', 'CASSFEGMGETQYF', 'CASSLNRGLGGETQYF', 'CASSLGETQYF', 'CASSAPGRGETQYF'	2, 2, 2, 1, 1, 1, 1, 1, 1, 1
TRBV5-4.TRBJ2-3	6	1.48151018874	0.573126375459	'CASSLELAGADTQYF', 'CASSSPSGGDTDTQYF', 'CASSLGLAASTDTQYF', 'CASSGGTSGTDTQYF', 'CASSFPGTNTDTQYF', 'CASSPPGSGTDTQYF'	18, 2, 2, 1, 1, 1
TRBV5-4.TRBJ2-1	4	1.6577427265	0.828871363252	'CASSLMSSYNEQFF', 'CASSPGEGFGNEQFF', 'CASSLAPSSYNEQFF', 'CASSVSGRSSYNEQFF'	5, 2, 1, 1
TRBV18-1.TRBJ1-1	7	0.843095371788	0.300316630849	'CASSPPGRGGTEAFF', 'CASSPLQMVEAFF', 'CASSNPPGQGLMNTEAFF', 'CASSPMGTSNTEAFF', 'CASSTNTGGTEAFF', 'CASSPGTAPHEAFF', 'CASSPDQGTQTEAFF'	163, 17, 3, 2, 2, 2, 1
TRBV18-1.TRBJ1-2	5	2.25	0.969022255665	'CASSGGDYGYTF', 'CASLSDRGEANYGYTF', 'CASSPRTISGYTF', 'CASSPASRASYGYTF', 'CASSPAGGNYGYTF'	2, 2, 2, 1, 1
TRBV18-1.TRBJ1-5	2	0.918295834054	0.918295834054	'CASSPNRGGSNQPQHF', 'CASSRVTEENQPQHF'	2, 1
TRBV18-1.TRBJ1-4	1	0.0	0	'CASSLARLATNEKLFF'	3
TRBV20-1.TRBJ2-4	1	0.0	0	'CSAQGTSGRILAKNIQYF'	1
TRBV6-5.TRBJ2-1	16	3.16242180794	0.790605451984	'CASSSGTSGRSSYNEQFF', 'CASSYSNYNEQFF', 'CASSYSTGGRFEQFF', 'CASSRDSFGNEQFF', 'CASSPGFLSNEQFF', 'CATQERLYNEQFF', 'CASSAGQGLINEQFF', 'CASSYSAGGSYNEQFF', 'CASTYAGVGMNEQFF', 'CASSYSEEQFF', 'CASRSQGAYNEQFF', 'CASSLSPGVSNEQFF', 'CASSYSRGSYNEQFF', 'CASSYGGPLADEQFF', 'CASSYPIAGSIEQFF', 'CASTAGLGIGDEQFF'	20, 14, 7, 6, 4, 4, 4, 1, 1, 1, 1, 1, 1, 1, 1, 1
TRBV25-1.TRBJ2-4	1	0.0	0	'CASSEGGTGRNIQYF'	1
TRBV6-5.TRBJ2-5	5	2.19715972342	0.946265187222	'CASSSPRGSSPSTQYF', 'CASSPQGHTSETQYF', 'CASSYSETQYF', 'CASSYGLAGGLGETQYF', 'CASSYWDREETQYF'	3, 2, 2, 1, 1
TRBV18-1.TRBJ2-2	4	1.92192809489	0.960964047444	'CASSRRQGTGELFF', 'CASSPFGASPGELFF', 'CASSPRTSGRTNTGELFF', 'CASSPLILKRANTGELFF'	2, 1, 1, 1
TRBV18-1.TRBJ2-3	4	2.0	1.0	'CASSPQGDMGTDTQYF', 'CASSQNGPVGTDTQYF', 'CASSQRQLADTQYF', 'CASARRGGRDTDTQYF'	1, 1, 1, 1
TRBV18-1.TRBJ2-1	2	1.0	1.0	'CASSPTSGSYNEQFF', 'CASSPPVFGTSGVDNEQFF'	1, 1
TRBV18-1.TRBJ2-6	1	0.0	0	'CASSPWDIGSGANVLTF'	1
TRBV18-1.TRBJ2-7	6	2.09873691223	0.811902266144	'CASSPPGHIYEQYF', 'CASSPLQLGYEQYF', 'CASSPAQLFYEQYF', 'CASSGESYEQYF', 'CASSFSYEQYF', 'CASSGTGQGYEQYF'	17, 8, 5, 4, 2, 1
TRBV18-1.TRBJ2-5	2	0.918295834054	0.918295834054	'CASSPFDRGGETQYF', 'CASSPPGGKTQYF'	2, 1
TRBV20-1.TRBJ1-3	2	0.918295834054	0.918295834054	'CSATPGQNSGNTIYF', 'CSARDGLSASGNTIYF'	2, 1
TRBV7-1.TRBJ2-7	1	0.0	0	'CASSVEDRYYEQYF'	1
TRBV29-1.TRBJ1-1	4	1.6644977792	0.8322488896	'CSVAVGMGTEAFF', 'CSVETGVNTEAFF', 'CSVQRTLMNTEAFF', 'CSVEDRDRLMNTEAFF'	4, 1, 1, 1
TRBV5-6.TRBJ1-3	2	0.918295834054	0.918295834054	'CASSLRTGVGNTIYF', 'CASSLSPPRHSGNTIYF'	2, 1
TRBV29-1.TRBJ1-2	4	1.92192809489	0.960964047444	'CSVEGAYTF', 'CSVGRGGGDYGYTF', 'CSARDREHGYTF', 'CSVVRSLDAYGYTF'	2, 1, 1, 1
TRBV29-1.TRBJ1-5	1	0.0	0	'CSVGAANQPQHF'	2
TRBV29-1.TRBJ2-2	3	1.45914791703	0.920619835714	'CSIRTTGGPNTGELFF', 'CSVEAGWGELFF', 'CSVVRRNTGELFF'	3, 2, 1
TRBV29-1.TRBJ2-3	7	1.15403161759	0.411074356335	'CSVDGLAGSTSTDTQYF', 'CSARDTGAVTDTQYF', 'CSVEEPGGWEDTQYF', 'CSLRTGTNGRSQYF', 'CSVEDGRISTDTQYF', 'CSVAGGRGEADTQYF', 'CSVEGLAATDTQYF'	27, 1, 1, 1, 1, 1, 1
TRBV29-1.TRBJ2-1	4	1.08541586141	0.542707930705	'CSLAGTGGRRGNEQFF', 'CSGFPGGRGNEQFF', 'CSVVGRSYNEQFF', 'CSRFPGGRGNEQFF'	37, 14, 1, 1
TRBV29-1.TRBJ2-7	5	2.12808527889	0.9165164432	'CSVAKTETYEQYF', 'CSVDGGIRDRDYYEQYF', 'CSVDGGGLAGEGYEQYF', 'CSVLGDYEQYF', 'CSVRGTVYEQYF'	3, 1, 1, 1, 1
TRBV29-1.TRBJ2-5	1	0.0	0	'CSVEDVTVQETQYF'	1
TRBV4-3.TRBJ1-4	3	1.26380917388	0.79737481064	'CASSQDPGQLNGEKLFF', 'CASSQASGTGGFGLFF', 'CASSHSRTGRNEKLFF'	8, 5, 1
TRBV15-1.TRBJ1-2	1	0.0	0	'CATSRDRTAANYGYTF'	7
TRBV15-1.TRBJ1-3	1	0.0	0	'CATSRELDWRIDF'	1
TRBV15-1.TRBJ1-6	1	0.0	0	'CATSRDGTGQFNSPLHF'	1
TRBV4-3.TRBJ1-3	3	0.568995593589	0.358996249647	'CASSPYTGTGNTIYF', 'CASSQAQGGFGNTIYF', 'CASSQATGGIGNTIYF'	18, 1, 1
TRBV7-8.TRBJ1-2	1	0.0	0	'CASSLGVVRRTTNYGYTF'	1
TRBV7-8.TRBJ1-1	4	1.66918033687	0.834590168433	'CASSYQGAGTEAFF', 'CASSPQGRYTEAFF', 'CASSLAGVGAEAFF', 'CASQLDQGSTEAFF'	7, 3, 2, 1
TRBV4-3.TRBJ1-5	6	0.517850929201	0.20033208569	'CASSQENLGQPQHF', 'CASSRGRGQPQHF', 'CASSQEAGSDQPQHF', 'CASSQAAGGPNSNQPQHF', 'CASSQENRGNQPQHF', 'CASSQGWGFSNQPQHF'	106, 3, 2, 1, 1, 1
TRBV3-1.TRBJ2-5	5	2.15563906223	0.92838321177	'CASSQVGDGESWETQYF', 'CASGNGSGIAETQYF', 'CASSQTGLAGEETQYF', 'CASSNNGLAGGQETQYF', 'CASSQGGRAGKETQYF'	3, 2, 1, 1, 1
TRBV3-1.TRBJ2-4	1	0.0	0	'CASSQLQRKNIQYF'	1
TRBV3-1.TRBJ2-7	9	3.08496250072	0.973197315179	'CASSTQTSGSSYEQYF', 'CASSQGQGWEQYF', 'CASRSTGTGPYEQYF', 'CASSFPSGTLYEQYF', 'CASSQEGAGGKYF', 'CASSHDRYYEQYF', 'CASSPSGNPAYEQYF', 'CASSTRSPISLDEQYF', 'CASSRRERGYAYEQYF'	2, 2, 2, 1, 1, 1, 1, 1, 1
TRBV3-1.TRBJ2-6	1	0.0	0	'CASSLHLQSRANVLTF'	2
TRBV3-1.TRBJ2-1	5	2.23592635063	0.962961064795	'CASGDRDDEQFF', 'CASSQGTTSYNEQFF', 'CASSQVSAGGNEQFF', 'CASSQLISGTGLNEQFF', 'CASSRGSNYNEQFF'	2, 2, 1, 1, 1
TRBV3-1.TRBJ2-3	4	0.988863923098	0.494431961549	'CASTRGVAGGFTDTQYF', 'CASSPLAGLGTDTQYF', 'CASSPTPLFSTDTQYF', 'CASSHGQLTDTQYF'	52, 8, 3, 2
TRBV3-1.TRBJ2-2	3	0.884183719779	0.557857816432	'CASTPSGQGSGELFF', 'CASSPRLDTGELFF', 'CASSQPNGSRQVRGNTGELFF'	16, 3, 1
TRBV3-1.TRBJ1-6	1	0.0	0	'CASSQDPAGNSPLHF'	193
TRBV13-1.TRBJ2-4	1	0.0	0	'CASSARTSGSKGKNIQYF'	2
TRBV3-1.TRBJ1-4	1	0.0	0	'CASSQEATGAGEKLFF'	7
TRBV3-1.TRBJ1-5	1	0.0	0	'CASSHPSNQPQHF'	1
TRBV3-1.TRBJ1-2	5	1.32848072557	0.572145506354	'CASSQDRTGYTF', 'CASSQVVRQANYGYTF', 'CASSQDGYGYTF', 'CASSQARDRGLLCGYTF', 'CASSQTGGQYGYTF'	17, 2, 2, 1, 1
TRBV3-1.TRBJ1-3	2	1.0	1.0	'CASSQPRVTSGNTIYF', 'CASSAFRPIHARNTIYF'	1, 1
TRBV13-1.TRBJ2-2	1	0.0	0	'CASGRGNTGELFF'	4
TRBV13-1.TRBJ1-2	1	0.0	0	'CASSSRGHRDGYTF'	1
TRBV13-1.TRBJ1-3	2	1.0	1.0	'CASSRIGQRTSAGNTIYF', 'CASSLWEGNTIYF'	1, 1
TRBV13-1.TRBJ1-1	2	0.918295834054	0.918295834054	'CASSLRAGNTEAFF', 'CASSLFWGQNTEAFF'	2, 1
TRBV15-1.TRBJ2-3	2	0.811278124459	0.811278124459	'CATSRSAQDTQYF', 'CATSRGLPTDTQYF'	3, 1
TRBV15-1.TRBJ2-2	1	0.0	0	'CATNLQGSGELFF'	1
TRBV15-1.TRBJ2-1	2	0.918295834054	0.918295834054	'CATSRAGPPYNEQFF', 'CATGKSSSGVSSYNEQFF'	2, 1
TRBV15-1.TRBJ2-7	4	1.24738115557	0.623690577785	'CATSRDRYYEQYF', 'CATSSIHVSSYEQYF', 'CATSRDRFYEQYF', 'CATSRGSTGTGIYEQYF'	45, 28, 3, 1
TRBV10-1.TRBJ1-1	1	0.0	0	'CASGSEVHTPNTEAFF'	6
TRBV10-1.TRBJ1-2	1	0.0	0	'CASSEGGSYGYTF'	10
TRBV10-1.TRBJ1-6	1	0.0	0	'CALDRGNSPLHF'	5
TRBV10-1.TRBJ2-2	1	0.0	0	'CASSDLPQGGIGTGELFF'	1
TRBV10-1.TRBJ2-3	1	0.0	0	'CASSVLAGPTDTQYF'	4
TRBV5-8.TRBJ1-2	2	0.918295834054	0.918295834054	'CASSSANYGYTF', 'CASSQFRDRSRRGNYGYTF'	2, 1
TRBV5-8.TRBJ1-5	1	0.0	0	'CASSPDPVGSAQHF'	2
TRBV10-1.TRBJ2-7	1	0.0	0	'CASIAHPGRLARCVQYF'	1
TRBV11-3.TRBJ2-1	2	1.0	1.0	'CASSSGTGGSYNEQFF', 'CASSLNRLANNEQFF'	1, 1
TRBV5-8.TRBJ2-3	2	1.0	1.0	'CASSFVGITDTQYF', 'CASRVAGVSYDTQYF'	1, 1
TRBV11-3.TRBJ2-3	1	0.0	0	'CASSLGGNTDTQYF'	1
TRBV5-8.TRBJ2-1	1	0.0	0	'CASSGLAGGYNEQFF'	1
TRBV11-3.TRBJ2-5	4	2.0	1.0	'CASSFGTDSQETQYF', 'CASSYGTGDVETQYF', 'CASSPGPLTAQYF', 'CASSLGGNQETQYF'	1, 1, 1, 1
TRBV5-8.TRBJ2-7	2	0.918295834054	0.918295834054	'CASSVEDRYYEQYF', 'CASSLTSVEQYF'	2, 1
TRBV11-3.TRBJ1-1	2	0.918295834054	0.918295834054	'CASSPTGLVTEAFF', 'CASSLGQNTEAFF'	2, 1
TRBV12-2.TRBJ2-7	1	0.0	0	'CASRFPVNQGTEQYF'	4
TRBV12-2.TRBJ2-3	1	0.0	0	'AP'	1
TRBV5-1.TRBJ1-1	15	3.14446240917	0.804850387341	'CASSLGWNTEAFF', 'CASSLGQSPATEAFF', 'CASRPGSSAEAFF', 'CASSPGQGAEAFF', 'CASRGDPTNTEAFF', 'CASSFGQGTEAFF', 'CASSLDYSNTEAFF', 'CASSFGTGVFF', 'CASSVGAGGEAFF', 'CASSLAQGRTEAFF', 'CASSQTGGRTEAFF', 'CASSWQGANTEAFF', 'CASSMAPGGSAEAFF', 'CASSLGMNTEAFF', 'CASSWGQGGTEAFF'	16, 12, 8, 5, 4, 3, 2, 1, 1, 1, 1, 1, 1, 1, 1
TRBV5-1.TRBJ1-2	12	2.98210711998	0.831837744295	'CASSVDRYYGYTF', 'CASSPDRYYGYTF', 'CASSLRDAFGYGYTF', 'CASSLDRFYGYTF', 'CASSLEGGQLYGYTF', 'CASSTDRYYGYTF', 'CASSQTHRQTNYGYTF', 'CASSQDRYYGYTF', 'CASSQTSSGADGYTF', 'CASSLAWGDSGYTF', 'CASSTDRFYGYTF', 'CASSLGQSSYNYGYTF'	24, 23, 11, 8, 7, 6, 4, 3, 3, 2, 1, 1
TRBV5-1.TRBJ1-3	5	2.32192809489	1.0	'CASSFTSEVVSGNTIYF', 'CASSFGTAGTGNTIYF', 'CASSFGDTIYF', 'CVSSSAGNTIYF', 'CASSSAGNTIYF'	1, 1, 1, 1, 1
TRBV5-1.TRBJ1-4	1	0.0	0	'CASSLGRQGRATNEKLFF'	1
TRBV5-1.TRBJ1-5	3	1.44881563573	0.914100892019	'CASSLGQGDQPQHF', 'CASSADRYQPQHF', 'CASSEGTDSNQPQHF'	3, 3, 1
TRBV5-1.TRBJ1-6	3	0.0238588611598	0.0150532653921	'CASSLDRYSPLHF', 'CASSPDGINSPLHF', 'CASTRVGAGDSPLHF'	948, 1, 1
TRBV7-5.TRBJ2-1	1	0.0	0	'CARSWTARTSGGTYNEQFF'	2
TRBV5-1.TRBJ2-3	5	1.87996494873	0.809656833416	'CASSLVGGSPDTQYF', 'CASSAGASGGTDTQYF', 'CASSLRGGLSTDTQYF', 'CASSLGLAGVGTQYF', 'CASSFVGAGTDTQYF'	5, 1, 1, 1, 1
TRBV5-1.TRBJ2-2	11	2.30399285365	0.666003294079	'CASSAGTTGELFF', 'CASRTGNTGELFF', 'CASSSVYGQAGELFF', 'CASSFGVTGELFF', 'CASSGFAQGAGELFF', 'CASSLKKQGLAGAGELFF', 'CASSLKKQGLAGTGELFF', 'CASSLNRNTGELFF', 'CASSWTGTGELFF', 'CASSLRAALAGGRDGELFF', 'CASSLTGTGYTGELFF'	36, 14, 10, 5, 3, 1, 1, 1, 1, 1, 1
TRBV5-1.TRBJ2-1	19	1.75150851392	0.412320716014	'CASSQDRYNEQFF', 'CASAIDRYNEQFF', 'CASSLDRYNEQFF', 'CASSPDRYNEQFF', 'CASSIDRYNEQFF', 'CASSFDRYNEQFF', 'CASSADRYNEQFF', 'CASSLGGEQFF', 'CASSSDRFHEQFF', 'CASSLGSLAGLSAEQFF', 'CASSAGGEQFF', 'CASSSDRYNEQFF', 'CASSFTDPAVDEQFF', 'CASSLVPSGRLNEQFF', 'CASSLVAGGTYNEQFF', 'CASSLLGHGEQFF', 'CASSSKSLFLRHNEQFF', 'CASHRGTNEQFF', 'CASRPDRYNEQFF'	1501, 231, 271, 246, 26, 40, 15, 4, 3, 3, 2, 2, 1, 1, 1, 1, 1, 1, 1
TRBV5-1.TRBJ2-7	21	1.67246498417	0.380770518882	'CASSLDRFHEQYF', 'CASSSDRFYEQYF', 'CASSVDRFYEQYF', 'CASSPDRFYEQYF', 'CASSPDRYYEQYF', 'CASSADRFHEQYF', 'CASSLGTPYEQYF', 'CASSHDRFYEQYF', 'CASSFGSYEQYF', 'CASSQDRFYEQYF', 'CASSGGGFEQYF', 'CASSFGYEQYF', 'CASSLEGSSYEQYF', 'CASSVEDRYYEQYF', 'CASSLGWQGEQYF', 'CASSPGPSYEQYF', 'CASSLAPGGFYEQYF', 'CASSQDRYNEQYF', 'CASSPPGEYEQYF', 'CASSLYVQNYEQYF', 'CASSLTGSEQYF'	1301, 258, 112, 94, 57, 17, 15, 15, 4, 4, 3, 2, 2, 2, 2, 1, 1, 1, 1, 1, 1
TRBV5-1.TRBJ2-6	1	0.0	0	'CASSFSRSGANVLTF'	4
TRBV5-1.TRBJ2-5	6	2.12581458369	0.822377339362	'CASSPAGGTGGGETQYF', 'CASSLRGGETQYF', 'CASSSGTSGRLQETQYF', 'CASSLAFLGIETQYF', 'CASSLGGFQETQYF', 'CASRGLGRQETQYF'	6, 2, 1, 1, 1, 1
TRBV5-1.TRBJ2-4	1	0.0	0	'CASSSAGGENIQYF'	1
TRBV16-1.TRBJ1-5	1	0.0	0	'CASSQYTGGQQPQHF'	13
TRBV16-1.TRBJ1-2	1	0.0	0	'CASSQGDRENYGYTF'	2
TRBV13-1.TRBJ2-5	2	0.811278124459	0.811278124459	'CASSRGAGGRDLQETQYF', 'CASSLSITGYQETQYF'	3, 1
TRBV13-1.TRBJ2-7	1	0.0	0	'CASSPETSGRGEQYF'	3
TRBV13-1.TRBJ2-1	2	1.0	1.0	'CASSLTGYNEQFF', 'CASSLGEGGGGIYNEQFF'	1, 1
TRBV11-1.TRBJ1-4	1	0.0	0	'CASSPGPTRNEKLFF'	28
TRBV3-1.TRBJ1-1	11	1.51598082865	0.438216734934	'CASSQVWGNTEAFF', 'CASSQVGEAFF', 'CASSQAGDLGFF', 'CASSWNTEAFF', 'CASSLKDTSSEAFF', 'CASSQGLAKRDTEAFF', 'CASSQAIGPGLMVTEAFF', 'CASSPTGSNTEAFF', 'CASSQDIFGNTEAFF', 'CASSQGFLVNTEAFF', 'CASGQAIMNTEAFF'	73, 9, 3, 2, 2, 2, 2, 1, 1, 1, 1
TRBV11-1.TRBJ1-2	1	0.0	0	'CASSHKYNPRDRGPYGYTF'	1
TRBV26-1.TRBJ2-6	1	0.0	0	'YASSITCRRQSRANVLTF'	1
TRBV11-1.TRBJ2-3	1	0.0	0	'CASSDPTGTSFGADTQYF'	1
TRBV11-1.TRBJ2-1	1	0.0	0	'CASSLAPGTSAGEQFF'	1
