Pt9_on_AA	Number_VJ	H_VJ	Hnorm_VJ	VJ	Reads_VJ
CASSQPLGGELFF	1	0.0	0	'TRBV4-1.TRBJ2-2'	11
CASSATGYEQYF	1	0.0	0	'TRBV9-1.TRBJ2-7'	1
CASGPGTFGNTIYF	1	0.0	0	'TRBV19-1.TRBJ1-3'	2
CASSLNGGAGETQYF	1	0.0	0	'TRBV5-1.TRBJ2-5'	1
CASSLGQGSWETQYF	1	0.0	0	'TRBV4-3.TRBJ2-5'	1
CASSLVAGGEQFF	1	0.0	0	'TRBV12-3.TRBJ2-1'	1
CASSYAGRGGPDSPLHF	1	0.0	0	'TRBV6-5.TRBJ1-6'	4
CASSQDRSSGVRHF	1	0.0	0	'TRBV4-3.TRBJ2-7'	1
CASSLAGTRGTDTQYF	1	0.0	0	'TRBV7-6.TRBJ2-3'	1
CASSLGRTDTQYF	1	0.0	0	'TRBV7-8.TRBJ2-3'	1
CASSDRGNYGYTF	1	0.0	0	'TRBV19-1.TRBJ1-2'	1
CAWTPGQLIYEQYF	1	0.0	0	'TRBV30-1.TRBJ2-7'	1
CASKKRDSHTEAFF	1	0.0	0	'TRBV5-6.TRBJ1-1'	1
CASSLDRLNNSPLHF	1	0.0	0	'TRBV7-2.TRBJ1-6'	7
CASRLAGGNEQYF	1	0.0	0	'TRBV30-1.TRBJ2-7'	9
CATRTGNTEAFF	1	0.0	0	'TRBV6-2.TRBJ1-1'	2
CASSQGLLDSYEQYF	1	0.0	0	'TRBV4-3.TRBJ2-7'	1
CASSKTSGTDTQYF	1	0.0	0	'TRBV13-1.TRBJ2-3'	1
CATLLGGASYEQYF	1	0.0	0	'TRBV2-1.TRBJ2-7'	1
CASRQGLGQPQHF	1	0.0	0	'TRBV19-1.TRBJ1-5'	1
CASSSNQETQYF	1	0.0	0	'TRBV7-2.TRBJ2-5'	1
CASSAWSGGTDTQYF	1	0.0	0	'TRBV2-1.TRBJ2-3'	2
CASSFYSGGAGEQYF	1	0.0	0	'TRBV7-2.TRBJ2-7'	1
CASGNRLAISPLHF	1	0.0	0	'TRBV7-2.TRBJ1-6'	2
CASSAATVGSGNTIYF	1	0.0	0	'TRBV5-1.TRBJ1-3'	1
CASSSSQGNEQFF	1	0.0	0	'TRBV7-3.TRBJ2-1'	1
CASIPQGNGNQPQHF	1	0.0	0	'TRBV19-1.TRBJ1-5'	2
CASSQDGATNEKLFF	1	0.0	0	'TRBV3-1.TRBJ1-4'	1
CASSYSFIVSGTEAFF	1	0.0	0	'TRBV6-5.TRBJ1-1'	1
CASSYYSNQPQHF	1	0.0	0	'TRBV6-6.TRBJ1-5'	2
CASSPRRGAENTEAFF	1	0.0	0	'TRBV18-1.TRBJ1-1'	1
CASRIGAGGVYGYTF	1	0.0	0	'TRBV6-6.TRBJ1-2'	1
CASRGSDYQPQHF	1	0.0	0	'TRBV6-6.TRBJ1-5'	1
CAVGWGNEKLFF	1	0.0	0	'TRBV30-1.TRBJ1-4'	1
CASSSRDLSTDTQYF	1	0.0	0	'TRBV12-3.TRBJ2-3'	1
CASSLVSHEQYF	1	0.0	0	'TRBV7-6.TRBJ2-7'	1
CASSDSTGDTDTQYF	1	0.0	0	'TRBV6-4.TRBJ2-3'	1
CASSARTSGANVLTF	1	0.0	0	'TRBV19-1.TRBJ2-6'	1
CASSPPSLTGELFF	1	0.0	0	'TRBV6-1.TRBJ2-2'	2
CASSEASGGLNEQFF	1	0.0	0	'TRBV10-1.TRBJ2-1'	1
CATSDLQRGGVAGELFF	1	0.0	0	'TRBV24-1.TRBJ2-2'	1
CATSGQNYGYTF	1	0.0	0	'TRBV24-1.TRBJ1-2'	1
CASSHPTGEGSSGYTF	1	0.0	0	'TRBV4-1.TRBJ1-2'	2
CSASSGAYQPQHF	1	0.0	0	'TRBV20-1.TRBJ1-5'	1
CASSQEGLSETQYF	1	0.0	0	'TRBV4-1.TRBJ2-5'	1
CASRVLAGVTDTQYF	1	0.0	0	'TRBV5-1.TRBJ2-3'	1
CASSAAGQGPETQYF	1	0.0	0	'TRBV5-6.TRBJ2-5'	1
CASSYKASGGPYTGELFF	1	0.0	0	'TRBV6-5.TRBJ2-2'	1
CASSLPPISGNTIYF	1	0.0	0	'TRBV28-1.TRBJ1-3'	2
CASSLVVSSGGLTDTQYF	1	0.0	0	'TRBV7-2.TRBJ2-3'	1
CASSGRWANTGELFF	1	0.0	0	'TRBV5-6.TRBJ2-2'	1
CASSHETGNAEAFF	1	0.0	0	'TRBV3-1.TRBJ1-1'	1
CASTSPGLAGDREQYF	1	0.0	0	'TRBV28-1.TRBJ2-7'	3
CASSSTFYGYTF	1	0.0	0	'TRBV5-1.TRBJ1-2'	1
CASSPTSGDYNEQFF	1	0.0	0	'TRBV6-5.TRBJ2-1'	1
CASSHGRGFYNEQFF	1	0.0	0	'TRBV5-6.TRBJ2-1'	1
CASSAYYRPKGDTQYF	1	0.0	0	'TRBV6-2.TRBJ2-3'	2
CAILHEGGGGYTF	2	0.721928094887	0.721928094887	'TRBV6-6.TRBJ1-2', 'TRBV6-5.TRBJ1-2'	4, 1
CASSLAQGYEQYF	1	0.0	0	'TRBV28-1.TRBJ2-7'	1
CASSSPSRNEQYF	1	0.0	0	'TRBV7-8.TRBJ2-7'	1
CAAGGYSQETQYF	1	0.0	0	'TRBV7-9.TRBJ2-5'	1
CASSQASGGWTEAFF	1	0.0	0	'TRBV4-2.TRBJ1-1'	2
CASSLRDFAEAFF	1	0.0	0	'TRBV7-9.TRBJ1-1'	2
CASSFVGLGTEKFF	1	0.0	0	'TRBV28-1.TRBJ2-1'	3
CASSWNSRGDLNTEAFF	1	0.0	0	'TRBV28-1.TRBJ1-1'	3
CASSQEAGGNQPQHF	1	0.0	0	'TRBV4-1.TRBJ1-5'	2
CSATGGNQPQHF	1	0.0	0	'TRBV20-1.TRBJ1-5'	3
CASSSPLRQGWEQYF	1	0.0	0	'TRBV28-1.TRBJ2-7'	21
CASSPRASEGSDTQYF	1	0.0	0	'TRBV5-1.TRBJ2-3'	1
CASSTSRTGIQPQHF	1	0.0	0	'TRBV28-1.TRBJ1-5'	1
CASSQGQGGDGYTF	1	0.0	0	'TRBV3-1.TRBJ1-2'	2
CASRTPGHPYEQYF	1	0.0	0	'TRBV6-5.TRBJ2-7'	3
CASSLDANGYTF	1	0.0	0	'TRBV5-1.TRBJ1-2'	1
CASSSWGQNYNSPLHF	1	0.0	0	'TRBV6-2.TRBJ1-6'	1
CASSLAYLAGGQDTQYF	1	0.0	0	'TRBV5-1.TRBJ2-3'	1
CASSPSGQLDYEQYF	1	0.0	0	'TRBV6-5.TRBJ2-7'	2
CASSHRPLGRNTEAFF	1	0.0	0	'TRBV18-1.TRBJ1-1'	2
CSAPDSYNTEAFF	1	0.0	0	'TRBV20-1.TRBJ1-1'	1
CASSYTSGSYEQYF	1	0.0	0	'TRBV6-2.TRBJ2-7'	1
CASSRKMGVSYEQYF	1	0.0	0	'TRBV7-8.TRBJ2-7'	1
CASSLTYSAGAYEQYF	1	0.0	0	'TRBV11-2.TRBJ2-7'	3
CAISQTDNSPLHF	1	0.0	0	'TRBV10-3.TRBJ1-6'	2
CSARMVGVGTEAFF	1	0.0	0	'TRBV20-1.TRBJ1-1'	1
CASTSGGPLSSYNEQFF	1	0.0	0	'TRBV6-1.TRBJ2-1'	1
CASSFGGVRFTDTQYF	1	0.0	0	'TRBV5-1.TRBJ2-3'	1
CASSLNGRTQYF	1	0.0	0	'TRBV7-3.TRBJ2-5'	1
CSVFAGTSGASSYEQYF	1	0.0	0	'TRBV29-1.TRBJ2-7'	1
CSAPRRSSGGSYNEQFF	1	0.0	0	'TRBV20-1.TRBJ2-1'	1
CASSFYLLMGQETQYF	1	0.0	0	'TRBV28-1.TRBJ2-5'	1
CATSRDDRSQETQYF	1	0.0	0	'TRBV15-1.TRBJ2-5'	1
CASSDLPQDRPYNSPLHF	1	0.0	0	'TRBV4-3.TRBJ1-6'	1
CASSVIQTNYGYTF	1	0.0	0	'TRBV6-6.TRBJ1-2'	2
CASSPTGVLTDTQYF	1	0.0	0	'TRBV5-1.TRBJ2-3'	1
CASSLAPGLGTGELFF	1	0.0	0	'TRBV7-7.TRBJ2-2'	1
CASSNQETQYF	1	0.0	0	'TRBV7-9.TRBJ2-5'	1
CASSQAWVGRGDTQYF	1	0.0	0	'TRBV4-2.TRBJ2-3'	1
CASSYQQGQETQYF	1	0.0	0	'TRBV6-5.TRBJ2-5'	1
CAISESLDTGEQYF	1	0.0	0	'TRBV10-3.TRBJ2-7'	1
CASSLPAGGGKTQYF	1	0.0	0	'TRBV4-3.TRBJ2-5'	1
CASSPPSGSTDTQYF	1	0.0	0	'TRBV18-1.TRBJ2-3'	1
CASGSWLAGNEQFF	1	0.0	0	'TRBV27-1.TRBJ2-1'	2
CASSKLAGGQETQYF	1	0.0	0	'TRBV19-1.TRBJ2-5'	1
CASSHGGADTQYF	1	0.0	0	'TRBV3-1.TRBJ2-3'	1
PRR	1	0.0	0	'TRBV18-1.TRBJ2-1'	1
CASGGGLNYGYTF	1	0.0	0	'TRBV2-1.TRBJ1-2'	4
CASSPRWRGGTDTQYF	1	0.0	0	'TRBV4-3.TRBJ2-3'	1
CASRVNTEAFF	1	0.0	0	'TRBV7-9.TRBJ1-1'	2
CASSYYSLNTGELFF	1	0.0	0	'TRBV6-5.TRBJ2-2'	2
CASSIPGEGNTEAFF	1	0.0	0	'TRBV19-1.TRBJ1-1'	1
CASSSWGTDYGYTF	1	0.0	0	'TRBV11-2.TRBJ1-2'	3
CASSLSGRVSDEQFF	1	0.0	0	'TRBV11-3.TRBJ2-1'	2
CASSPGQMAGELFF	1	0.0	0	'TRBV4-1.TRBJ2-2'	1
CASSATDMNTEAFF	1	0.0	0	'TRBV19-1.TRBJ1-1'	1
CSASVSGANTGELFF	1	0.0	0	'TRBV20-1.TRBJ2-2'	1
CSARDVTSGGPLSTDTQYF	1	0.0	0	'TRBV20-1.TRBJ2-3'	1
CASSSGGSYNEQFF	1	0.0	0	'TRBV6-5.TRBJ2-1'	2
CASSDRSDLTGGYTF	1	0.0	0	'TRBV5-4.TRBJ1-2'	3
CASSQDRTVRETQYF	1	0.0	0	'TRBV4-3.TRBJ2-5'	1
CASSEGLAANEKLFF	1	0.0	0	'TRBV2-1.TRBJ1-4'	2
CSAFDDRGYGYTF	1	0.0	0	'TRBV20-1.TRBJ1-2'	2
CASNPGTSGDGQYF	1	0.0	0	'TRBV27-1.TRBJ2-7'	2
CASSQEGDGETQYF	1	0.0	0	'TRBV4-1.TRBJ2-5'	1
CASSPWDVDQPQHF	1	0.0	0	'TRBV18-1.TRBJ1-5'	2
CASSQGIQGSQYF	1	0.0	0	'TRBV6-2.TRBJ2-3'	2
CSASITGIRGELFF	1	0.0	0	'TRBV20-1.TRBJ2-2'	1
CASIPSGTGGDGYTF	2	0.187176256873	0.187176256873	'TRBV6-5.TRBJ1-2', 'TRBV6-2.TRBJ1-2'	34, 1
CASSKGPNYEQYF	1	0.0	0	'TRBV7-6.TRBJ2-7'	2
CASLGGNTIYF	1	0.0	0	'TRBV28-1.TRBJ1-3'	1
CASSYSGLYTDTQYF	4	0.295177173903	0.147588586951	'TRBV6-5.TRBJ2-3', 'TRBV6-2.TRBJ2-3', 'TRBV6-8.TRBJ2-3', 'TRBV6-6.TRBJ2-3'	99, 2, 1, 1
CASSLVGDYSSGNTIYF	1	0.0	0	'TRBV5-1.TRBJ1-3'	1
CASSLGVSAVNQPQHF	1	0.0	0	'TRBV5-5.TRBJ1-5'	1
CASSFRDTGNYGYTF	1	0.0	0	'TRBV12-3.TRBJ1-2'	1
CASSFGLAGGSHNEQFF	1	0.0	0	'TRBV7-9.TRBJ2-1'	1
CATSRKSGNPVNEQFF	1	0.0	0	'TRBV15-1.TRBJ2-1'	22
CSVRQGASEAFF	1	0.0	0	'TRBV20-1.TRBJ1-1'	1
CASSQASGGRGQPQHF	1	0.0	0	'TRBV3-1.TRBJ1-5'	2
CASSDFRSSSGWSSYNEQFF	1	0.0	0	'TRBV3-1.TRBJ2-1'	2
CASSVGRPVGEQYF	1	0.0	0	'TRBV6-5.TRBJ2-7'	2
CASSLEFGTPDEQYF	1	0.0	0	'TRBV7-2.TRBJ2-7'	1
CASSPPPGHPLNTEAFF	1	0.0	0	'TRBV19-1.TRBJ1-1'	1
CASSLGGEGSYEQYF	1	0.0	0	'TRBV5-1.TRBJ2-7'	2
CASSYGAGEDSPLHF	1	0.0	0	'TRBV6-5.TRBJ1-6'	3
CASSQERTGNTEAFF	1	0.0	0	'TRBV4-3.TRBJ1-1'	1
CASTERGGPDTQYF	1	0.0	0	'TRBV27-1.TRBJ2-3'	2
CAIKGGGLQDTQYF	1	0.0	0	'TRBV10-3.TRBJ2-3'	1
CSAYTSADTQYF	1	0.0	0	'TRBV20-1.TRBJ2-3'	1
CASSLKGGTGTDTQYF	1	0.0	0	'TRBV7-8.TRBJ2-3'	1
CASSPRTLGGYTF	1	0.0	0	'TRBV9-1.TRBJ1-2'	1
CSASRDKQETQYF	1	0.0	0	'TRBV20-1.TRBJ2-5'	1
CATSDLKWGGIGKDEQFF	1	0.0	0	'TRBV24-1.TRBJ2-1'	1
CASRQTGPYEQYF	1	0.0	0	'TRBV28-1.TRBJ2-7'	2
CASSPAREAGYTF	1	0.0	0	'TRBV12-3.TRBJ1-2'	1
CASRSEREAEQYF	1	0.0	0	'TRBV28-1.TRBJ2-7'	4
CASRIAGSDNEQFF	1	0.0	0	'TRBV5-1.TRBJ2-1'	4
CASSYPSKGSGNTIYF	1	0.0	0	'TRBV28-1.TRBJ1-3'	1
CASSRHSFNTEAFF	1	0.0	0	'TRBV5-8.TRBJ1-1'	1
CASSTFQGMKTEAFF	1	0.0	0	'TRBV7-9.TRBJ1-1'	1
CASSSQIDGTDTQYF	1	0.0	0	'TRBV12-3.TRBJ2-3'	1
CASSLFQGPYEQYF	1	0.0	0	'TRBV27-1.TRBJ2-7'	8
CASSSISGYEQYF	1	0.0	0	'TRBV19-1.TRBJ2-7'	2
CASSQDNVLAGVIYTDTQYF	1	0.0	0	'TRBV3-1.TRBJ2-3'	1
CSASLQTNTEAFF	1	0.0	0	'TRBV20-1.TRBJ1-1'	1
CASSAGPNYEQYF	1	0.0	0	'TRBV7-6.TRBJ2-7'	4
CASSPGNEQFF	1	0.0	0	'TRBV12-3.TRBJ2-1'	1
CASSPPASGGGNNEQFF	1	0.0	0	'TRBV11-3.TRBJ2-1'	1
CASRVGQPNTEAFF	1	0.0	0	'TRBV6-1.TRBJ1-1'	1
CASSPQGVSYEQYF	1	0.0	0	'TRBV5-6.TRBJ2-7'	2
CSAPSRLALHEQYF	1	0.0	0	'TRBV20-1.TRBJ2-7'	1
CASSPTQMGTDYSNQPQHF	1	0.0	0	'TRBV18-1.TRBJ1-5'	1
CASSRGQSGNQPQHF	1	0.0	0	'TRBV12-3.TRBJ1-5'	2
CASSLGGGMNTEAFF	1	0.0	0	'TRBV7-2.TRBJ1-1'	1
CASSFGTGQAFF	1	0.0	0	'TRBV11-2.TRBJ1-1'	2
CAINPRGQETDTQYF	1	0.0	0	'TRBV10-3.TRBJ2-3'	1
CSVTSRGRPMSAFF	1	0.0	0	'TRBV29-1.TRBJ1-1'	2
CASSRASGGAGYGYTF	1	0.0	0	'TRBV7-9.TRBJ1-2'	2
CASSYGELGAEAFF	1	0.0	0	'TRBV6-5.TRBJ1-1'	1
CASSPGLAGRRTQYF	1	0.0	0	'TRBV5-1.TRBJ2-5'	2
CASSVGNTDTQYF	1	0.0	0	'TRBV9-1.TRBJ2-3'	1
CASSPSPGGYEQFF	1	0.0	0	'TRBV6-4.TRBJ2-1'	1
CASSWDPLGNEQFF	1	0.0	0	'TRBV27-1.TRBJ2-1'	4
CASSQDPEGTEAFF	1	0.0	0	'TRBV3-1.TRBJ1-1'	1
CASSSREGKFF	1	0.0	0	'TRBV28-1.TRBJ2-1'	1
CASSTRGDSYLEQFF	1	0.0	0	'TRBV4-1.TRBJ2-1'	1
CASSQQGPIESYEQYF	1	0.0	0	'TRBV27-1.TRBJ2-7'	2
CSAPGQGEETQYF	1	0.0	0	'TRBV20-1.TRBJ2-5'	2
CASSLAFFREAFF	1	0.0	0	'TRBV7-8.TRBJ1-1'	1
CASSLAGGFSGANVLTF	1	0.0	0	'TRBV6-1.TRBJ2-6'	1
CASSGSRGTQYF	1	0.0	0	'TRBV9-1.TRBJ2-5'	1
CASEPLDGRTEAFF	1	0.0	0	'TRBV5-1.TRBJ1-1'	1
CASSPGDMNTEAFF	1	0.0	0	'TRBV4-1.TRBJ1-1'	4
CASSQLQGAGNSPLHF	1	0.0	0	'TRBV4-2.TRBJ1-6'	1
CASSIDPGPLTF	1	0.0	0	'TRBV19-1.TRBJ2-6'	1
CASSLYGGGAPGELFF	1	0.0	0	'TRBV5-8.TRBJ2-2'	1
CASIGGAYEQYF	1	0.0	0	'TRBV2-1.TRBJ2-7'	2
CASSLTSGKNIQYF	1	0.0	0	'TRBV27-1.TRBJ2-4'	2
CASSLEGTGAEAFF	1	0.0	0	'TRBV11-2.TRBJ1-1'	2
CASSSTGVGANVLTF	1	0.0	0	'TRBV12-3.TRBJ2-6'	6
CSARDQQGLNEQFF	1	0.0	0	'TRBV20-1.TRBJ2-1'	1
CASNRWGTSGKETQYF	1	0.0	0	'TRBV19-1.TRBJ2-5'	1
CASSLGPQSPLHF	1	0.0	0	'TRBV6-2.TRBJ1-6'	1
CSVVRGSDTQYF	1	0.0	0	'TRBV29-1.TRBJ2-3'	1
CASSPKSAGEIYQETQYF	1	0.0	0	'TRBV7-9.TRBJ2-5'	1
CASSLNQYTDTQYF	1	0.0	0	'TRBV5-1.TRBJ2-3'	17
CASSPSTDTQYF	2	1.0	1.0	'TRBV7-9.TRBJ2-3', 'TRBV11-2.TRBJ2-3'	1, 1
CASNKSPGQGTSEQYF	1	0.0	0	'TRBV27-1.TRBJ2-7'	2
CASSLPYGSTNTGYTF	1	0.0	0	'TRBV12-3.TRBJ1-2'	1
CASSLTPGHNEQFF	1	0.0	0	'TRBV7-3.TRBJ2-1'	2
CASSQVGQIRRNEQFF	1	0.0	0	'TRBV14-1.TRBJ2-1'	3
CASSVDGGSYNEQFF	1	0.0	0	'TRBV9-1.TRBJ2-1'	10
CASLRGTGVYGTEAFF	1	0.0	0	'TRBV19-1.TRBJ1-1'	1
CASGLGLPGELFF	4	0.453359335021	0.226679667511	'TRBV6-5.TRBJ2-2', 'TRBV6-1.TRBJ2-2', 'TRBV6-6.TRBJ2-2', 'TRBV6-2.TRBJ2-2'	56, 2, 1, 1
CASSRGTGEGYEQYF	1	0.0	0	'TRBV7-2.TRBJ2-7'	2
CASSTGTQNTEAFF	1	0.0	0	'TRBV12-3.TRBJ1-1'	7
CSAREQDRGLSGYTF	1	0.0	0	'TRBV20-1.TRBJ1-2'	1
CASSHEPGRLNANEKLFF	1	0.0	0	'TRBV4-3.TRBJ1-4'	1
CASSYPTQPQHF	1	0.0	0	'TRBV6-2.TRBJ1-5'	1
CASSETGRMAVYGYTF	1	0.0	0	'TRBV25-1.TRBJ1-2'	1
CASSYHSSDTQYF	1	0.0	0	'TRBV6-6.TRBJ2-3'	3
CASSWGEYEQYF	1	0.0	0	'TRBV7-9.TRBJ2-7'	2
CASSFSGGETDTQYF	1	0.0	0	'TRBV6-5.TRBJ2-3'	1
CASSSGGQDEQFF	1	0.0	0	'TRBV7-3.TRBJ2-1'	2
CASSYSPGGDEQYF	1	0.0	0	'TRBV6-5.TRBJ2-7'	1
CASSSRTGGFDTQYF	1	0.0	0	'TRBV5-1.TRBJ2-3'	1
CASSDYEQYF	1	0.0	0	'TRBV2-1.TRBJ2-7'	5
CAGSLVGFHEQYF	1	0.0	0	'TRBV7-2.TRBJ2-7'	1
CATSRRISVLQETQYF	1	0.0	0	'TRBV15-1.TRBJ2-5'	1
CASSFSGGAETQYF	1	0.0	0	'TRBV9-1.TRBJ2-5'	1
CASSDRGAGELFF	1	0.0	0	'TRBV10-2.TRBJ2-2'	1
CSATGRAGAGELFF	1	0.0	0	'TRBV20-1.TRBJ2-2'	1
CASSGRQVPSGDEQYF	1	0.0	0	'TRBV19-1.TRBJ2-7'	2
CASSEVLWDGYTF	1	0.0	0	'TRBV6-1.TRBJ1-2'	6
CASGYSIPLHF	1	0.0	0	'TRBV6-2.TRBJ1-6'	2
CASSPPPPGEVTEAFF	1	0.0	0	'TRBV23-1.TRBJ1-1'	1
CASRSPSHNEQFF	1	0.0	0	'TRBV7-2.TRBJ2-1'	1
CASSLIGEPQHF	1	0.0	0	'TRBV27-1.TRBJ1-5'	2
CAWSLTGGGSPLHF	1	0.0	0	'TRBV30-1.TRBJ1-6'	1
CASSLGAALSSYEQYF	1	0.0	0	'TRBV27-1.TRBJ2-7'	10
CASSFPGTSSYEQYF	1	0.0	0	'TRBV28-1.TRBJ2-7'	9
CSAPYPKETQYF	1	0.0	0	'TRBV20-1.TRBJ2-5'	1
CASSLDGLLLTDTQYF	2	0.11058084477	0.11058084477	'TRBV11-2.TRBJ2-3', 'TRBV11-3.TRBJ2-3'	67, 1
CAISESQASGDNNEQFF	1	0.0	0	'TRBV10-3.TRBJ2-1'	1
CASSTQPGNYEQYF	1	0.0	0	'TRBV19-1.TRBJ2-7'	1
CASSRTGVFTDTQYF	1	0.0	0	'TRBV6-5.TRBJ2-3'	5
CASSLGGAGATGNTIYF	1	0.0	0	'TRBV12-3.TRBJ1-3'	2
CASSLTGGAQPQHF	1	0.0	0	'TRBV27-1.TRBJ1-5'	1
CASTRGGYSNQPQHF	1	0.0	0	'TRBV28-1.TRBJ1-5'	1
CASSPGVDTQYF	1	0.0	0	'TRBV18-1.TRBJ2-3'	1
CSVVRAEARAFF	1	0.0	0	'TRBV29-1.TRBJ1-1'	1
CASGTGSTYNSPLHF	1	0.0	0	'TRBV28-1.TRBJ1-6'	1
CASSRGRIEQYF	1	0.0	0	'TRBV14-1.TRBJ2-7'	14
CASSQEGDSQTDTQYF	1	0.0	0	'TRBV4-1.TRBJ2-3'	1
CASSLTGGTQPQHF	1	0.0	0	'TRBV27-1.TRBJ1-5'	1
CASSRADSGNTIYF	1	0.0	0	'TRBV6-5.TRBJ1-3'	2
CASSLRGARNSPLHF	1	0.0	0	'TRBV28-1.TRBJ1-6'	2
CAWSGPPLYEQYF	1	0.0	0	'TRBV30-1.TRBJ2-7'	2
CASSLPRGPQHF	1	0.0	0	'TRBV28-1.TRBJ1-5'	3
CSASRGLGTGELFF	1	0.0	0	'TRBV20-1.TRBJ2-2'	1
CASSTRWGYQPQHF	1	0.0	0	'TRBV6-5.TRBJ1-5'	1
CAWRAGSVGEQYF	1	0.0	0	'TRBV30-1.TRBJ2-7'	1
CASRVQSGGTNEKLFF	1	0.0	0	'TRBV27-1.TRBJ1-4'	2
CASSQETGTVNNEQFF	1	0.0	0	'TRBV4-2.TRBJ2-1'	5
CASSLTGTTDTQYF	1	0.0	0	'TRBV7-3.TRBJ2-3'	1
CAFAWRNTGELFF	1	0.0	0	'TRBV28-1.TRBJ2-2'	1
CASSYGQGSQPQHF	1	0.0	0	'TRBV6-5.TRBJ1-5'	2
CASSLPDRGLLYEQYF	1	0.0	0	'TRBV5-6.TRBJ2-7'	1
CASSLVGGTDTQYF	1	0.0	0	'TRBV7-9.TRBJ2-3'	1
CASSLTSPSDTQYF	1	0.0	0	'TRBV27-1.TRBJ2-3'	1
CATFVRPYRGYTF	1	0.0	0	'TRBV28-1.TRBJ1-2'	1
CASSPRGLGTGELFF	1	0.0	0	'TRBV28-1.TRBJ2-2'	1
CASSYQGLGQPQHF	1	0.0	0	'TRBV28-1.TRBJ1-5'	1
CASSRPQETQYF	1	0.0	0	'TRBV27-1.TRBJ2-5'	4
CASSRASGEYTGELFF	1	0.0	0	'TRBV6-2.TRBJ2-2'	1
CASAGPGETQYF	1	0.0	0	'TRBV3-1.TRBJ2-5'	1
CASSLQGSSYNSPLHF	1	0.0	0	'TRBV5-1.TRBJ1-6'	2
CATSDPTRYEQYF	1	0.0	0	'TRBV24-1.TRBJ2-7'	2
CASSSTGMGQPQHF	1	0.0	0	'TRBV13-1.TRBJ1-5'	1
CASSFRGTGELFF	1	0.0	0	'TRBV28-1.TRBJ2-2'	7
CASSHERLASSYEQYF	1	0.0	0	'TRBV4-2.TRBJ2-7'	10
CSARDMGRGRDTQYF	1	0.0	0	'TRBV20-1.TRBJ2-3'	1
CASIDRVYGYTF	1	0.0	0	'TRBV2-1.TRBJ1-2'	3
CASSPVGASGGDVRYEQYF	1	0.0	0	'TRBV3-1.TRBJ2-7'	1
CASSRRGVTEAFF	1	0.0	0	'TRBV28-1.TRBJ1-1'	1
CASSPQGLGTEAFF	1	0.0	0	'TRBV28-1.TRBJ1-1'	12
CASSRTGLPVEAFF	1	0.0	0	'TRBV14-1.TRBJ1-1'	15
CASRTTDNYGYTF	1	0.0	0	'TRBV19-1.TRBJ1-2'	3
CASSHIKVYYGYTF	1	0.0	0	'TRBV28-1.TRBJ1-2'	1
CASSLSETGYGYTF	1	0.0	0	'TRBV5-5.TRBJ1-2'	1
CASSLGQGGYTF	1	0.0	0	'TRBV13-1.TRBJ1-2'	2
CASSYQQQMNTEAFF	1	0.0	0	'TRBV7-2.TRBJ1-1'	1
CASSLRTQAYGYTF	1	0.0	0	'TRBV6-5.TRBJ1-2'	2
CASSPGGLAGGPLGEQYF	2	1.0	1.0	'TRBV5-1.TRBJ2-5', 'TRBV5-1.TRBJ2-7'	1, 1
CASSQTSGSFSGELFF	1	0.0	0	'TRBV7-6.TRBJ2-2'	1
CASRGQGSNSPLHF	1	0.0	0	'TRBV12-3.TRBJ1-6'	2
CASSYSAVEQYF	1	0.0	0	'TRBV6-6.TRBJ2-7'	1
CASSGGFLKTQYF	1	0.0	0	'TRBV27-1.TRBJ2-5'	1
CASSSGGTVETQYF	1	0.0	0	'TRBV7-7.TRBJ2-5'	1
CASTTSEASSGNTIYF	1	0.0	0	'TRBV18-1.TRBJ1-3'	1
CATSRDIRGPSYEQYF	1	0.0	0	'TRBV15-1.TRBJ2-7'	1
CASSDRGGASGGANVLTF	1	0.0	0	'TRBV10-2.TRBJ2-6'	1
CSAEESGLYEQYF	1	0.0	0	'TRBV20-1.TRBJ2-7'	3
CAISEIGLVDEQYF	1	0.0	0	'TRBV10-3.TRBJ2-7'	1
CASSYGIGKTQYF	1	0.0	0	'TRBV27-1.TRBJ2-5'	2
CASRPGQGRTEAFF	1	0.0	0	'TRBV12-3.TRBJ1-1'	1
CASSYPGGSRGQNTEAFF	1	0.0	0	'TRBV6-2.TRBJ1-1'	1
CASSPPYEQYF	1	0.0	0	'TRBV5-1.TRBJ2-7'	1
CASSLERGVGTEAFF	1	0.0	0	'TRBV5-1.TRBJ1-1'	1
CASSLVLQYGPRSGANVLTF	1	0.0	0	'TRBV7-9.TRBJ2-6'	3
CSAREKGVLNYGYTF	1	0.0	0	'TRBV20-1.TRBJ1-2'	13
CASSLAVDEQYF	1	0.0	0	'TRBV7-2.TRBJ2-7'	2
CASSPETGWAQPQHF	1	0.0	0	'TRBV7-8.TRBJ1-5'	1
CAWSEEGAGGYTF	1	0.0	0	'TRBV30-1.TRBJ1-2'	1
CASGSTGRRQPQHF	1	0.0	0	'TRBV19-1.TRBJ1-5'	2
CASSILGTPNEQFF	1	0.0	0	'TRBV19-1.TRBJ2-1'	1
CASSFQGVGNEQFF	1	0.0	0	'TRBV7-3.TRBJ2-1'	1
CASSAGLAGGRQETQYF	1	0.0	0	'TRBV7-2.TRBJ2-5'	1
CASSYNRGPGNTIYF	1	0.0	0	'TRBV6-5.TRBJ1-3'	1
CASTPGGQKNGYTF	1	0.0	0	'TRBV9-1.TRBJ1-2'	1
CASSQDMSRGSGNTIYF	1	0.0	0	'TRBV4-3.TRBJ1-3'	1
CASSSQQGAQPPYGYTF	1	0.0	0	'TRBV7-3.TRBJ1-2'	1
CASSPRSGGPSEQYF	1	0.0	0	'TRBV18-1.TRBJ2-7'	1
CSASEGNQPQHF	1	0.0	0	'TRBV20-1.TRBJ1-5'	1
CSGRQPGPSYEQYF	1	0.0	0	'TRBV20-1.TRBJ2-7'	2
CASSPTGGNEQFF	1	0.0	0	'TRBV6-2.TRBJ2-1'	1
CAISEVGQGAYEQYF	1	0.0	0	'TRBV10-3.TRBJ2-7'	1
CASSMPRQGIAYNEQFF	1	0.0	0	'TRBV19-1.TRBJ2-1'	1
CASSSPTDTQYF	1	0.0	0	'TRBV4-1.TRBJ2-3'	3
CSLDGRTYGYTF	1	0.0	0	'TRBV20-1.TRBJ1-2'	1
RASSPRTGGDQPQHF	1	0.0	0	'TRBV7-3.TRBJ1-5'	12
CASSPTVAAEAFF	1	0.0	0	'TRBV27-1.TRBJ1-1'	64
CASSLASYEQYF	1	0.0	0	'TRBV5-1.TRBJ2-7'	14
CASANRGIDTQYF	1	0.0	0	'TRBV13-1.TRBJ2-3'	1
CASSVTSDNEQFF	1	0.0	0	'TRBV2-1.TRBJ2-1'	2
CATSSPQHGHNEQFF	1	0.0	0	'TRBV15-1.TRBJ2-1'	1
CASSLQGTGFNYGYTF	1	0.0	0	'TRBV28-1.TRBJ1-2'	8
CASSLVGGTGIENTEAFF	1	0.0	0	'TRBV11-2.TRBJ1-1'	1
CASSLGDTSEQFF	1	0.0	0	'TRBV6-4.TRBJ2-1'	1
CSAKSGGSGSNQPQHF	1	0.0	0	'TRBV20-1.TRBJ1-5'	1
CASSERRQAHGYTF	1	0.0	0	'TRBV10-2.TRBJ1-2'	1
CAISEGTGVYADTQYF	1	0.0	0	'TRBV10-3.TRBJ2-3'	1
CASSPTSGVAGEQFF	1	0.0	0	'TRBV4-3.TRBJ2-1'	2
CASSQEGSNEKLFF	1	0.0	0	'TRBV4-3.TRBJ1-4'	1
CASSLQGNTGELFF	1	0.0	0	'TRBV12-3.TRBJ2-2'	1
CASSSPPMTGELFF	1	0.0	0	'TRBV12-3.TRBJ2-2'	1
CSARGLSNQPQHF	1	0.0	0	'TRBV20-1.TRBJ1-5'	2
CASSEELNQPQHF	1	0.0	0	'TRBV7-2.TRBJ1-5'	5
CASSFSGGAPGELFF	1	0.0	0	'TRBV4-2.TRBJ2-2'	1
CSASRGGLDTEAFF	1	0.0	0	'TRBV20-1.TRBJ1-1'	1
CASSRDDGGPYEQYF	1	0.0	0	'TRBV6-5.TRBJ2-7'	2
CASRDPGGADTQYF	1	0.0	0	'TRBV6-1.TRBJ2-3'	3
CASSITYGDYEQYF	1	0.0	0	'TRBV19-1.TRBJ2-7'	1
CASSVAGLAGGRETQYF	1	0.0	0	'TRBV9-1.TRBJ2-5'	1
CASSLGGTVGTGELFF	1	0.0	0	'TRBV11-2.TRBJ2-2'	2
CSVWTVNGYTF	1	0.0	0	'TRBV29-1.TRBJ1-2'	2
CSARSLISGGGSLGPDTQYF	1	0.0	0	'TRBV20-1.TRBJ2-3'	1
CASSYWGVKANEQFF	1	0.0	0	'TRBV6-5.TRBJ2-1'	2
CASSPSRGPEKAFF	1	0.0	0	'TRBV9-1.TRBJ1-1'	2
CASSTGQPRSGNTIYF	1	0.0	0	'TRBV6-6.TRBJ1-3'	1
CASSFTSAGEQFF	1	0.0	0	'TRBV27-1.TRBJ2-1'	1
CASNLGPGDSPLHF	1	0.0	0	'TRBV6-6.TRBJ1-6'	4
CASSVGGPNQPQHF	1	0.0	0	'TRBV9-1.TRBJ1-5'	1
CASSPPTGSYEQYF	1	0.0	0	'TRBV7-9.TRBJ2-7'	24
CASSSGQASNQPQHF	1	0.0	0	'TRBV7-9.TRBJ1-5'	2
CASRKGGTGELFF	1	0.0	0	'TRBV7-9.TRBJ2-2'	1
CASSFQTLQYF	1	0.0	0	'TRBV27-1.TRBJ2-3'	2
CASSLEAGSYNEQFF	1	0.0	0	'TRBV7-6.TRBJ2-1'	1
CASTRDTYGEQYF	1	0.0	0	'TRBV28-1.TRBJ2-7'	1
CASSLEPYRGRPATNEKLFF	1	0.0	0	'TRBV7-2.TRBJ1-4'	1
CAWSVSLGGGSYNEQFF	1	0.0	0	'TRBV30-1.TRBJ2-1'	1
CASSQDGGNTEAFF	1	0.0	0	'TRBV3-1.TRBJ1-1'	3
CSARDIAKNEQFF	1	0.0	0	'TRBV20-1.TRBJ2-1'	1
CASRPGQGAVDTEAFF	1	0.0	0	'TRBV5-1.TRBJ1-1'	1
CASSTGTGPGGQPQHF	1	0.0	0	'TRBV19-1.TRBJ1-5'	1
CASSYSETKPPQYF	1	0.0	0	'TRBV6-5.TRBJ2-3'	4
CASSLDGGEQYF	1	0.0	0	'TRBV5-1.TRBJ2-7'	2
CSASEERGTPWGYF	1	0.0	0	'TRBV20-1.TRBJ2-7'	3
CASSRGQGDHGYTF	1	0.0	0	'TRBV19-1.TRBJ1-2'	1
CASSLNTGDTGELFF	1	0.0	0	'TRBV11-2.TRBJ2-2'	1
CSPIRGKETQYF	1	0.0	0	'TRBV20-1.TRBJ2-5'	2
CASSPRGADLYEQYF	1	0.0	0	'TRBV9-1.TRBJ2-7'	4
CASRLGQGRADTQYF	1	0.0	0	'TRBV28-1.TRBJ2-3'	1
CASSPWLAGGLPWGNEQFF	1	0.0	0	'TRBV3-1.TRBJ2-1'	1
CASSPQHTGVAKNIQYF	1	0.0	0	'TRBV5-1.TRBJ2-4'	1
CASSSRTGANEKLFF	1	0.0	0	'TRBV5-1.TRBJ1-4'	1
CASSLVVAGRGETQYF	1	0.0	0	'TRBV7-8.TRBJ2-5'	1
CASSDSPGNSPLHF	1	0.0	0	'TRBV6-4.TRBJ1-6'	2
CASSSLGQGGDTQYF	1	0.0	0	'TRBV7-3.TRBJ2-3'	1
CASSEQGRNTGELFF	1	0.0	0	'TRBV6-1.TRBJ2-2'	1
CASSLNTGGDEKLFF	1	0.0	0	'TRBV5-1.TRBJ1-4'	1
CASSYEGLAGTQYF	1	0.0	0	'TRBV6-5.TRBJ2-5'	1
CASSESPPSGANVLTF	1	0.0	0	'TRBV10-2.TRBJ2-6'	4
CASSLSQGAAYEQYF	1	0.0	0	'TRBV5-1.TRBJ2-7'	2
CSARDDAGGFYEQYF	1	0.0	0	'TRBV20-1.TRBJ2-7'	1
CASKDGPLAGEQFF	1	0.0	0	'TRBV6-1.TRBJ2-1'	4
CASSYSGGETQYF	1	0.0	0	'TRBV12-3.TRBJ2-7'	2
CASSYLGGNYGYTF	1	0.0	0	'TRBV5-1.TRBJ1-2'	1
CASSRLTGGGLQERNTIYF	1	0.0	0	'TRBV11-2.TRBJ1-3'	1
CASTDRENTEAFF	1	0.0	0	'TRBV12-3.TRBJ1-1'	3
CASRQETQYF	1	0.0	0	'TRBV2-1.TRBJ2-5'	1
CASSFGGTEAFF	1	0.0	0	'TRBV5-1.TRBJ1-1'	9
CASRTSRAGANVLTF	1	0.0	0	'TRBV2-1.TRBJ2-6'	1
CASSEGAQFRAPEQYF	1	0.0	0	'TRBV2-1.TRBJ2-7'	1
CSVEDVKKLDETQYF	1	0.0	0	'TRBV29-1.TRBJ2-5'	1
CASSRKGLSETQYF	1	0.0	0	'TRBV27-1.TRBJ2-5'	2
CASSSTSRNTEAFF	1	0.0	0	'TRBV5-1.TRBJ1-1'	1
CASGVKNSTGAYGYTF	1	0.0	0	'TRBV3-1.TRBJ1-2'	1
CASSRQQGNTEAFF	1	0.0	0	'TRBV21-1.TRBJ1-1'	2
CASSYGQDEKLFF	1	0.0	0	'TRBV5-1.TRBJ1-4'	1
CASSFSNQPQHF	1	0.0	0	'TRBV12-3.TRBJ1-5'	1
CASSQGTPAGAGELFF	1	0.0	0	'TRBV4-3.TRBJ2-2'	2
CASSLGQGYGYTF	1	0.0	0	'TRBV5-1.TRBJ1-2'	1
CASSPGTGFTDTQYF	1	0.0	0	'TRBV18-1.TRBJ2-3'	1
CASSPGTGTYNEQFF	1	0.0	0	'TRBV18-1.TRBJ2-1'	1
CASSESTGPYGYTF	1	0.0	0	'TRBV2-1.TRBJ1-2'	2
CSAREDLNTEAFF	1	0.0	0	'TRBV20-1.TRBJ1-1'	1
CASSLRTDRGNEQFF	1	0.0	0	'TRBV5-1.TRBJ2-1'	2
CASSFRDRSTGELFF	1	0.0	0	'TRBV5-6.TRBJ2-2'	1
CASSPRRVAGGLKQETQYF	1	0.0	0	'TRBV7-9.TRBJ2-5'	1
CASRLQGADTQYF	1	0.0	0	'TRBV28-1.TRBJ2-3'	4
CASSPSWTIGVTEAFF	1	0.0	0	'TRBV3-1.TRBJ1-1'	1
CASSLVLGQPQETQYF	1	0.0	0	'TRBV7-2.TRBJ2-5'	2
CASSYPTEAEQYF	1	0.0	0	'TRBV6-2.TRBJ2-7'	1
CASSYGTSRYTQYF	1	0.0	0	'TRBV6-2.TRBJ2-3'	2
CASSQPSGGLSYEQYF	1	0.0	0	'TRBV3-1.TRBJ2-7'	1
CASSFRTGGIEQYF	1	0.0	0	'TRBV7-2.TRBJ2-7'	1
CASTSRSREQFF	1	0.0	0	'TRBV12-3.TRBJ2-1'	1
CASRKDRGSEQYF	1	0.0	0	'TRBV7-3.TRBJ2-7'	2
CASSFRGTAPLHF	1	0.0	0	'TRBV28-1.TRBJ1-6'	54
CASSPRRGGEGGGYTF	1	0.0	0	'TRBV7-2.TRBJ1-2'	1
CSARDGDSGGDSGEQFF	1	0.0	0	'TRBV20-1.TRBJ2-1'	1
CASSLGGNQPQHF	3	0.288144619252	0.181799013618	'TRBV28-1.TRBJ1-5', 'TRBV27-1.TRBJ1-5', 'TRBV12-3.TRBJ1-5'	69, 2, 1
CSATKGANTGELFF	1	0.0	0	'TRBV20-1.TRBJ2-2'	2
CASSVSTSGEETQYF	1	0.0	0	'TRBV5-1.TRBJ2-5'	1
CASSLVASGGRETQYF	1	0.0	0	'TRBV7-3.TRBJ2-5'	2
CASSVVPSGAGADTQYF	1	0.0	0	'TRBV9-1.TRBJ2-3'	1
CASSLWGGQETQYF	1	0.0	0	'TRBV7-8.TRBJ2-5'	1
CASSQTSSYEQYF	1	0.0	0	'TRBV4-2.TRBJ2-7'	5
CASSLQGAYGYTF	1	0.0	0	'TRBV27-1.TRBJ1-2'	2
CASSLVGQPGNTIYF	1	0.0	0	'TRBV11-2.TRBJ1-3'	1
CASSEQDQETQYF	1	0.0	0	'TRBV5-1.TRBJ2-5'	1
CASSPGQGRNQPQHF	1	0.0	0	'TRBV12-3.TRBJ1-5'	2
CAWSGRVSGGELFF	1	0.0	0	'TRBV30-1.TRBJ2-2'	1
CASSRVIAKNIQYF	1	0.0	0	'TRBV23-1.TRBJ2-4'	1
CASREAGVDYGYTF	1	0.0	0	'TRBV19-1.TRBJ1-2'	9
CASSQSWQPTPYEQYF	1	0.0	0	'TRBV23-1.TRBJ2-7'	1
CASSLGVTGNTIYF	1	0.0	0	'TRBV5-1.TRBJ1-3'	1
CAWSVLGSGANVLTF	1	0.0	0	'TRBV30-1.TRBJ2-6'	2
CASSPGAEQYF	1	0.0	0	'TRBV5-1.TRBJ2-7'	3
CASSSKMVDTQYF	1	0.0	0	'TRBV2-1.TRBJ2-3'	1
CASKVPRDTGELFF	1	0.0	0	'TRBV6-2.TRBJ2-2'	1
CATSREGGLAGAGELFF	1	0.0	0	'TRBV15-1.TRBJ2-2'	4
CASSLGDLGSHEQYF	1	0.0	0	'TRBV7-2.TRBJ2-7'	1
CSARGPGIRSYEQYF	1	0.0	0	'TRBV20-1.TRBJ2-7'	14
CASSLDGSFNYGYTF	1	0.0	0	'TRBV28-1.TRBJ1-2'	1
CASTGAYEQYF	1	0.0	0	'TRBV11-2.TRBJ2-7'	1
CASKTPGQANTGELFF	1	0.0	0	'TRBV19-1.TRBJ2-2'	1
CASSPDRGFGNTIYF	1	0.0	0	'TRBV19-1.TRBJ1-3'	1
CASSGSGLPYEQYF	1	0.0	0	'TRBV5-1.TRBJ2-7'	3
CASSYSGLGQPQHF	1	0.0	0	'TRBV6-6.TRBJ1-5'	3
CASSFDRVEQYF	1	0.0	0	'TRBV7-2.TRBJ2-7'	2
CASMAGSSTDTQYF	1	0.0	0	'TRBV2-1.TRBJ2-3'	1
CASSFRAGTGIETDTQYF	1	0.0	0	'TRBV28-1.TRBJ2-3'	1
CASRVQGAPTPLHF	1	0.0	0	'TRBV6-6.TRBJ1-6'	1
CASQERGPPSSYNEQFF	1	0.0	0	'TRBV28-1.TRBJ2-1'	1
CASRWAQTRSYEQYF	1	0.0	0	'TRBV6-2.TRBJ2-7'	1
CSARDENLGAEAFF	1	0.0	0	'TRBV20-1.TRBJ1-1'	2
CASSEALWGSGWYTEAFF	1	0.0	0	'TRBV2-1.TRBJ1-1'	1
CASSYVTGNGYTF	1	0.0	0	'TRBV6-5.TRBJ1-2'	1
CSVKEAWAKDTQYF	1	0.0	0	'TRBV29-1.TRBJ2-3'	1
CASSPRQGVLANEKLFF	1	0.0	0	'TRBV7-2.TRBJ1-4'	1
CAISGGTGASNEQFF	1	0.0	0	'TRBV10-3.TRBJ2-1'	1
CASSLFPATNEKLFF	1	0.0	0	'TRBV27-1.TRBJ1-4'	1
RASSLNPGANVLTF	1	0.0	0	'TRBV7-3.TRBJ2-6'	1
CASSHRGTEAFF	1	0.0	0	'TRBV4-2.TRBJ1-1'	2
CASSLGVSFFSSTDTQYF	1	0.0	0	'TRBV11-2.TRBJ2-3'	10
CASSEAGGPTDTQYF	1	0.0	0	'TRBV9-1.TRBJ2-3'	1
CASRLGGGPSSYNSPLHF	1	0.0	0	'TRBV12-2.TRBJ1-6'	1
CSVDPGVSTEAFF	1	0.0	0	'TRBV29-1.TRBJ1-1'	2
CASSEGSSGGYEQYF	1	0.0	0	'TRBV10-2.TRBJ2-7'	1
CASSQDEQGVSPLHF	1	0.0	0	'TRBV4-1.TRBJ1-6'	1
CASSLRVPGELFF	1	0.0	0	'TRBV5-6.TRBJ2-2'	1
CATSRDYGGGRPYEQYF	1	0.0	0	'TRBV15-1.TRBJ2-7'	1
CASGRANAGQSRANVLTF	1	0.0	0	'TRBV12-5.TRBJ2-6'	1
CASSLAPMGNSPLHF	1	0.0	0	'TRBV7-2.TRBJ1-6'	1
CASSLAAGNEQYF	1	0.0	0	'TRBV7-7.TRBJ2-7'	2
CASRAYLNSNQPQHF	1	0.0	0	'TRBV6-1.TRBJ1-5'	1
CSALRDRNLNEQFF	1	0.0	0	'TRBV20-1.TRBJ2-1'	1
CASSPLAGGPVSYNEQFF	1	0.0	0	'TRBV2-1.TRBJ2-1'	1
CATSREGLAGVPPYF	1	0.0	0	'TRBV15-1.TRBJ2-5'	1
RASSSLAGLNNEQFF	1	0.0	0	'TRBV7-3.TRBJ2-1'	1
CASSLRRNSPLHF	1	0.0	0	'TRBV11-1.TRBJ1-6'	3
CASSQGPLTAEAFF	1	0.0	0	'TRBV4-1.TRBJ1-1'	1
CASSRDTYYEQYF	1	0.0	0	'TRBV2-1.TRBJ2-7'	2
CASRGTGLGKLFF	1	0.0	0	'TRBV28-1.TRBJ1-4'	1
CASSEQPSGTEAFF	1	0.0	0	'TRBV6-1.TRBJ1-1'	1
CASSEGGGRPQHF	1	0.0	0	'TRBV2-1.TRBJ1-5'	1
CASSEGLATVWGGELFF	1	0.0	0	'TRBV11-3.TRBJ2-2'	2
CARRQAEAFF	1	0.0	0	'TRBV19-1.TRBJ1-1'	1
CASSFSTGGRSPLHF	1	0.0	0	'TRBV7-2.TRBJ1-6'	1
CASSLGSAYEQYF	1	0.0	0	'TRBV27-1.TRBJ2-7'	1
CARTMGHRDYGYTF	1	0.0	0	'TRBV5-3.TRBJ1-2'	1
CASSRDRGPNTEAFF	1	0.0	0	'TRBV18-1.TRBJ1-1'	14
CASRTGKANTGELFF	1	0.0	0	'TRBV28-1.TRBJ2-2'	1
CASSLAASGGALDEQFF	1	0.0	0	'TRBV5-1.TRBJ2-1'	1
CASSSPRDRGYEQYF	1	0.0	0	'TRBV12-3.TRBJ2-7'	7
CASILTGTDTQYF	1	0.0	0	'TRBV5-6.TRBJ2-3'	1
CASSTSRSGGSEKLFF	1	0.0	0	'TRBV9-1.TRBJ1-4'	1
CSARDRVTNYGYTF	1	0.0	0	'TRBV20-1.TRBJ1-2'	1
CASSHDNYYGYTF	1	0.0	0	'TRBV7-2.TRBJ1-2'	1
CASSPNHQQSTDTQYF	1	0.0	0	'TRBV5-4.TRBJ2-3'	1
CASRTGVSEKLFF	1	0.0	0	'TRBV12-3.TRBJ1-4'	1
CASSTGTNTDTQYF	1	0.0	0	'TRBV6-2.TRBJ2-3'	6
CASSLGGNEQFF	1	0.0	0	'TRBV11-2.TRBJ2-1'	1
CASSLAGVRVQETQYF	1	0.0	0	'TRBV7-2.TRBJ2-5'	1
CASGVGGSYEQYF	1	0.0	0	'TRBV28-1.TRBJ2-7'	1
CASSWGSSGNTIYF	2	0.721928094887	0.721928094887	'TRBV6-5.TRBJ1-3', 'TRBV6-6.TRBJ1-3'	4, 1
CASSETGKNTEAFF	1	0.0	0	'TRBV12-3.TRBJ1-1'	1
CASSLGRGSYEQYF	1	0.0	0	'TRBV7-2.TRBJ2-7'	2
CASSLDFTEQFF	1	0.0	0	'TRBV7-2.TRBJ2-1'	1
CASSWDSSSTDTQYF	1	0.0	0	'TRBV28-1.TRBJ2-3'	1
CASSDLENEQFF	1	0.0	0	'TRBV4-1.TRBJ2-1'	1
CASSQDRRHQYF	1	0.0	0	'TRBV14-1.TRBJ2-5'	26
CASSLVLGQGGGYTF	1	0.0	0	'TRBV11-2.TRBJ1-2'	1
CASSLALRSRYQETQYF	1	0.0	0	'TRBV7-4.TRBJ2-5'	1
CASSLGTNPGELFF	1	0.0	0	'TRBV5-1.TRBJ2-2'	1
CASIGRDPQGDYEQYF	1	0.0	0	'TRBV6-2.TRBJ2-7'	27
CASSFGWNQPQHF	1	0.0	0	'TRBV5-1.TRBJ1-5'	3
CASPPPGPTGELFF	1	0.0	0	'TRBV6-1.TRBJ2-2'	1
CAWSPRGVSYNSPLHF	1	0.0	0	'TRBV30-1.TRBJ1-6'	1
CASSGAGGLDTDTQYF	1	0.0	0	'TRBV25-1.TRBJ2-3'	1
CASWERGGYNEQFF	2	0.413816850304	0.413816850304	'TRBV6-5.TRBJ2-1', 'TRBV6-6.TRBJ2-1'	11, 1
CASSYGNGQPQHF	1	0.0	0	'TRBV6-2.TRBJ1-5'	2
CASSSPDSIQETQYF	1	0.0	0	'TRBV7-9.TRBJ2-5'	1
CASSVAVDSTDTQYF	1	0.0	0	'TRBV9-1.TRBJ2-3'	1
CASSAILHVLDEQYF	1	0.0	0	'TRBV21-1.TRBJ2-7'	1
CASAQEYSNQPQHF	1	0.0	0	'TRBV19-1.TRBJ1-5'	2
CASSEAGTSSTQYF	1	0.0	0	'TRBV9-1.TRBJ2-3'	1
CASSSTKFYGYTF	1	0.0	0	'TRBV7-8.TRBJ1-2'	1
CASSFVGANIQYF	1	0.0	0	'TRBV5-1.TRBJ2-4'	2
CATSRDSRTGQPQHF	1	0.0	0	'TRBV15-1.TRBJ1-5'	2
CASSLRGQSTDTQYF	1	0.0	0	'TRBV27-1.TRBJ2-3'	1
CSARDKTGQGYTF	1	0.0	0	'TRBV20-1.TRBJ1-2'	2
CASSTLEGADSPLHF	1	0.0	0	'TRBV19-1.TRBJ1-6'	8
CASSPTGNTEAFF	1	0.0	0	'TRBV18-1.TRBJ1-1'	1
CASSQFWEDEQFF	1	0.0	0	'TRBV9-1.TRBJ2-1'	3
CASSSGFTYEQYF	1	0.0	0	'TRBV25-1.TRBJ2-7'	1
CASSLRAGDSPLHF	1	0.0	0	'TRBV5-1.TRBJ1-6'	1
CSASRLAGGGQYF	1	0.0	0	'TRBV20-1.TRBJ2-7'	1
CASTSQKRYSNQPQHF	1	0.0	0	'TRBV6-4.TRBJ1-5'	3
CASSPQGYEQYF	1	0.0	0	'TRBV3-1.TRBJ2-7'	2
CASSFTGVGQPQHF	1	0.0	0	'TRBV7-2.TRBJ1-5'	3
CASSQDLDRGYGEQYF	1	0.0	0	'TRBV4-3.TRBJ2-7'	1
CASSPGQASGANVLTF	1	0.0	0	'TRBV19-1.TRBJ2-6'	10
CSASSGRGGQNEQYF	1	0.0	0	'TRBV20-1.TRBJ2-7'	2
CSARVTGQINQPQHF	1	0.0	0	'TRBV20-1.TRBJ1-5'	1
CSASIGSGPYNSPLHF	1	0.0	0	'TRBV20-1.TRBJ1-6'	2
CASSLWGRETQYF	1	0.0	0	'TRBV7-2.TRBJ2-5'	1
CASSQRTGGFNEQFF	1	0.0	0	'TRBV5-1.TRBJ2-1'	1
CASSLGQGPTYEQYF	1	0.0	0	'TRBV7-9.TRBJ2-7'	2
CAAAQGDGTGELFF	1	0.0	0	'TRBV6-2.TRBJ2-2'	1
CAWGQAGQFF	1	0.0	0	'TRBV30-1.TRBJ2-1'	2
CATSRGITGAGDTQYF	1	0.0	0	'TRBV15-1.TRBJ2-3'	1
CASSQWTGEPYEQYF	1	0.0	0	'TRBV3-1.TRBJ2-7'	1
CASSLVEQGLGTNEKLFF	1	0.0	0	'TRBV7-9.TRBJ1-4'	4
CASSFADAGYEQYF	1	0.0	0	'TRBV5-5.TRBJ2-7'	1
CASSLGTGNSPLHF	1	0.0	0	'TRBV28-1.TRBJ1-6'	1
CASSPFNPGVGETQYF	1	0.0	0	'TRBV7-7.TRBJ2-5'	1
CASSLRDFRGSEQFF	1	0.0	0	'TRBV7-8.TRBJ2-1'	1
CASSLNDRVGETQYF	1	0.0	0	'TRBV27-1.TRBJ2-5'	1
CASSDASGGANEQFF	1	0.0	0	'TRBV2-1.TRBJ2-1'	2
CASSLGGAPNTGELFF	1	0.0	0	'TRBV12-3.TRBJ2-2'	1
CASSPSLLGHSNQPQHF	1	0.0	0	'TRBV19-1.TRBJ1-5'	1
CASSDRGHRETQYF	1	0.0	0	'TRBV25-1.TRBJ2-5'	7
CAISEWGGSSYNEQFF	1	0.0	0	'TRBV10-3.TRBJ2-1'	1
CASQGPGGNQPQHF	1	0.0	0	'TRBV7-8.TRBJ1-5'	2
CASRNGPGYTF	1	0.0	0	'TRBV6-5.TRBJ1-2'	1
CASSALAGGPADTQYF	1	0.0	0	'TRBV27-1.TRBJ2-3'	1
CAWSGPRGFNSPLHF	1	0.0	0	'TRBV30-1.TRBJ1-6'	1
CASSQGSVSGGEQFF	1	0.0	0	'TRBV4-2.TRBJ2-1'	1
CASSTQLANGIDTQYF	1	0.0	0	'TRBV7-3.TRBJ2-3'	1
CASSQDVGSGVVSPLHF	1	0.0	0	'TRBV4-3.TRBJ1-6'	1
CSVRGGANTGELFF	1	0.0	0	'TRBV29-1.TRBJ2-2'	1
CASSSTLRGGRETQYF	1	0.0	0	'TRBV7-2.TRBJ2-5'	1
CASSPLQGRPQETQYF	1	0.0	0	'TRBV18-1.TRBJ2-5'	1
CASSVIPSGGAADTQYF	1	0.0	0	'TRBV9-1.TRBJ2-3'	3
CASRGTDLTDTQYF	1	0.0	0	'TRBV2-1.TRBJ2-3'	1
CASGTGGKSIQYF	1	0.0	0	'TRBV6-5.TRBJ2-4'	8
CASSLSHNYGYTF	1	0.0	0	'TRBV28-1.TRBJ1-2'	1
CASSNNFYPGTDSYEQYF	1	0.0	0	'TRBV5-1.TRBJ2-7'	2
CASSQEVLAVSTDTQYF	1	0.0	0	'TRBV4-2.TRBJ2-3'	1
CASRDSGGSETQYF	1	0.0	0	'TRBV6-1.TRBJ2-5'	1
CSFSPHLNTEAFF	1	0.0	0	'TRBV29-1.TRBJ1-1'	1
CASSPGRGDYGYTF	1	0.0	0	'TRBV5-5.TRBJ1-2'	1
CASSYVGGGNEKLFF	1	0.0	0	'TRBV6-5.TRBJ1-4'	1
CASSLSGLAGGTGQFF	1	0.0	0	'TRBV27-1.TRBJ2-1'	17
CASSSYGGANTGELFF	1	0.0	0	'TRBV11-2.TRBJ2-2'	4
CASSLGTGNEQYF	1	0.0	0	'TRBV27-1.TRBJ2-7'	1
CASGDSGGGQYF	1	0.0	0	'TRBV6-5.TRBJ2-3'	1
CATSGTTSVLSYNEQFF	1	0.0	0	'TRBV24-1.TRBJ2-1'	2
CASMERREGYTF	1	0.0	0	'TRBV6-1.TRBJ1-2'	2
CASSTGGGVGYGYTF	1	0.0	0	'TRBV6-5.TRBJ1-2'	1
CASRVSSNEQFF	1	0.0	0	'TRBV12-3.TRBJ2-1'	1
CASSISSGGDPNTGELFF	1	0.0	0	'TRBV9-1.TRBJ2-2'	2
CASSPGQTQYF	1	0.0	0	'TRBV18-1.TRBJ2-5'	1
CASSSDRSTYEQYF	1	0.0	0	'TRBV5-8.TRBJ2-7'	1
CSAPQTASTEAFF	1	0.0	0	'TRBV20-1.TRBJ1-1'	1
CASSPPDSNEQYF	1	0.0	0	'TRBV5-1.TRBJ2-7'	2
CASSQQPGLAGVGVSGELFF	1	0.0	0	'TRBV3-1.TRBJ2-2'	1
CASSLRVDRGAEQYF	1	0.0	0	'TRBV5-1.TRBJ2-7'	3
CASFGGANVLTF	1	0.0	0	'TRBV6-5.TRBJ2-6'	1
CASSYSGGRGGYTF	1	0.0	0	'TRBV6-5.TRBJ1-2'	1
CASSRSGGLNTEAFF	1	0.0	0	'TRBV6-1.TRBJ1-1'	1
CASSYGGRDYGYTF	1	0.0	0	'TRBV6-5.TRBJ1-2'	1
CASSVGPSRSYNSPLHF	1	0.0	0	'TRBV9-1.TRBJ1-6'	3
CSALQGLTYNEQFF	1	0.0	0	'TRBV20-1.TRBJ2-1'	2
CSARALSNTGELFF	1	0.0	0	'TRBV20-1.TRBJ2-2'	1
CASSYSETSGETQYF	1	0.0	0	'TRBV6-2.TRBJ2-5'	4
CASCPGTGLTGELFF	1	0.0	0	'TRBV3-1.TRBJ2-2'	1
CATSYGNTGELFF	1	0.0	0	'TRBV24-1.TRBJ2-2'	1
CASSRDPQETQYF	1	0.0	0	'TRBV5-5.TRBJ2-5'	2
CASSAGQGYGYTF	1	0.0	0	'TRBV7-9.TRBJ1-2'	1
CASSPGQYELFF	1	0.0	0	'TRBV3-1.TRBJ1-4'	2
CSARQLAGANEQFF	1	0.0	0	'TRBV20-1.TRBJ2-1'	3
CASSTNYGYTF	1	0.0	0	'TRBV19-1.TRBJ1-2'	6
CSVDSFYGYTF	1	0.0	0	'TRBV29-1.TRBJ1-2'	1
CASSPTGAGNQPQHF	1	0.0	0	'TRBV7-9.TRBJ1-5'	1
CASSVAEGLNGYTF	1	0.0	0	'TRBV9-1.TRBJ1-2'	2
CSAGAGAITEAFF	1	0.0	0	'TRBV29-1.TRBJ1-1'	1
CASSPDRANYGYTF	1	0.0	0	'TRBV7-8.TRBJ1-2'	1
CAISDPNIPGGGETQYF	1	0.0	0	'TRBV10-3.TRBJ2-5'	1
CSARELGQARLEQYF	1	0.0	0	'TRBV20-1.TRBJ2-7'	2
CASSTEGQGYAGANVLTF	1	0.0	0	'TRBV7-9.TRBJ2-6'	1
CASSLDTSEQYF	1	0.0	0	'TRBV11-2.TRBJ2-7'	20
CASSPRRGPSYGYTF	1	0.0	0	'TRBV18-1.TRBJ1-2'	6
CASSGAWNTGELFF	2	0.0979405827182	0.0979405827182	'TRBV27-1.TRBJ2-2', 'TRBV6-1.TRBJ2-2'	78, 1
CASSLLVEAFF	1	0.0	0	'TRBV7-9.TRBJ1-1'	1
CASSLVGDLLYEQYF	1	0.0	0	'TRBV7-8.TRBJ2-7'	1
CASRDAGVQVTGELFF	1	0.0	0	'TRBV2-1.TRBJ2-2'	9
CASSLVARGTGELFF	1	0.0	0	'TRBV7-6.TRBJ2-2'	2
CASSPRGAAFRGYTF	1	0.0	0	'TRBV7-2.TRBJ1-2'	1
CASSPDTTLPGELFF	1	0.0	0	'TRBV5-1.TRBJ2-2'	5
CASRHRAIEAGELFF	1	0.0	0	'TRBV7-9.TRBJ2-2'	63
CASSSDMNTEAFF	1	0.0	0	'TRBV5-6.TRBJ1-1'	5
CASSESRFSQPQHF	1	0.0	0	'TRBV10-2.TRBJ1-5'	5
CASSSPASRGLNEQYF	1	0.0	0	'TRBV6-2.TRBJ2-7'	7
CASSLLGRGTEAFF	1	0.0	0	'TRBV6-5.TRBJ1-1'	1
CASSQLGTGPYEQYF	1	0.0	0	'TRBV4-3.TRBJ2-7'	1
CASSLAGSGGGEQYF	1	0.0	0	'TRBV4-1.TRBJ2-7'	8
CASSYSSGNTIYF	1	0.0	0	'TRBV6-5.TRBJ1-3'	1
CASSPGGNPRNEQFF	1	0.0	0	'TRBV2-1.TRBJ2-1'	3
CASSLAYYEQYF	1	0.0	0	'TRBV7-2.TRBJ2-7'	1
RASSQGQGSNTEAFF	1	0.0	0	'TRBV7-3.TRBJ1-1'	9
CASSSRTLTYEQYF	1	0.0	0	'TRBV5-8.TRBJ2-7'	1
CASSLTKGTEAFF	1	0.0	0	'TRBV13-1.TRBJ1-1'	2
CASSLLRRTGGYGYTF	1	0.0	0	'TRBV7-9.TRBJ1-2'	2
CASSLFPDTQYF	1	0.0	0	'TRBV5-1.TRBJ2-3'	1
CASSTAGGRNTGELFF	1	0.0	0	'TRBV5-6.TRBJ2-2'	1
CASRGSMNTEAFF	1	0.0	0	'TRBV6-6.TRBJ1-1'	1
CAWAPGRGSWTEAFF	1	0.0	0	'TRBV30-1.TRBJ1-1'	1
CASSLDRSVIEQYF	1	0.0	0	'TRBV18-1.TRBJ2-7'	1
CASRHTGGGYEQYF	1	0.0	0	'TRBV2-1.TRBJ2-7'	1
CASSLEDGLDTIYF	1	0.0	0	'TRBV7-9.TRBJ1-3'	6
CASSLDLGGVDAFF	1	0.0	0	'TRBV11-2.TRBJ1-1'	1
CASSTAGSGWYNEQFF	1	0.0	0	'TRBV12-3.TRBJ2-1'	1
CASSLGTGLGSYNEQFF	1	0.0	0	'TRBV11-3.TRBJ2-1'	1
CASSYSYEQYF	1	0.0	0	'TRBV6-6.TRBJ2-7'	1
CASSQLAGVHYNEQFF	1	0.0	0	'TRBV27-1.TRBJ2-1'	1
CASSLGTHYQPQHF	1	0.0	0	'TRBV5-5.TRBJ1-5'	1
CASRFGTDAAGQPQHF	1	0.0	0	'TRBV28-1.TRBJ1-5'	12
CASSQGEAAPYEQYF	1	0.0	0	'TRBV3-1.TRBJ2-7'	2
CASSSRDLGEKLFF	1	0.0	0	'TRBV5-6.TRBJ1-4'	2
CASSFVSSGRVEGTDTQYF	1	0.0	0	'TRBV5-1.TRBJ2-3'	3
CASSSPPQSTDTQYF	1	0.0	0	'TRBV28-1.TRBJ2-3'	1
CASILGPLAGEETQYF	1	0.0	0	'TRBV6-1.TRBJ2-5'	1
CASSLDQGVYGNTIYF	1	0.0	0	'TRBV5-1.TRBJ1-3'	1
CASSYGQGTEAFF	1	0.0	0	'TRBV6-5.TRBJ1-1'	2
CASSDLTSGGVKEQFF	1	0.0	0	'TRBV6-4.TRBJ2-1'	1
CASTLTNEADTQYF	1	0.0	0	'TRBV7-3.TRBJ2-3'	4
CASGKSGAGAGELFF	1	0.0	0	'TRBV12-3.TRBJ2-2'	1
CASSLLPRTENSPLHF	1	0.0	0	'TRBV27-1.TRBJ1-6'	1
CASSQDLLSSYNEQFF	1	0.0	0	'TRBV4-3.TRBJ2-1'	5
CASSLVIGGQTSPLHF	1	0.0	0	'TRBV7-8.TRBJ1-6'	2
CASSSTAWEEQYF	1	0.0	0	'TRBV27-1.TRBJ2-7'	1
CASSRMGRGDYEQYF	1	0.0	0	'TRBV7-8.TRBJ2-7'	1
CASGLYEQYF	2	0.591672778582	0.591672778582	'TRBV6-1.TRBJ2-7', 'TRBV6-2.TRBJ2-7'	6, 1
CATSRGLAGAGELFF	1	0.0	0	'TRBV15-1.TRBJ2-2'	1
CASSQDGAVEQYF	1	0.0	0	'TRBV4-3.TRBJ2-7'	1
CASSIGTGGYEQYF	1	0.0	0	'TRBV19-1.TRBJ2-7'	1
CASSQGPMDRGTEAFF	1	0.0	0	'TRBV3-1.TRBJ1-1'	1
CSVEDYGADGYTF	1	0.0	0	'TRBV29-1.TRBJ1-2'	5
CASSFNQGDYGYTF	1	0.0	0	'TRBV7-2.TRBJ1-2'	1
CASSQDGGQPQHF	1	0.0	0	'TRBV4-2.TRBJ1-5'	1
CASSQEGTGKYEQYF	1	0.0	0	'TRBV4-2.TRBJ2-7'	2
CASSWTIASYGYTF	1	0.0	0	'TRBV28-1.TRBJ1-2'	1
CASSIDRHEQYF	1	0.0	0	'TRBV28-1.TRBJ2-7'	2
CASSLAEGPIGQPQHF	1	0.0	0	'TRBV7-9.TRBJ1-5'	1
CASSLMGNEQFF	1	0.0	0	'TRBV7-9.TRBJ2-1'	17
CASSLIPDSHSPLHF	1	0.0	0	'TRBV28-1.TRBJ1-6'	2
RASSLEDRETTEAFF	1	0.0	0	'TRBV7-6.TRBJ1-1'	1
CASSLDRQSYEQYF	1	0.0	0	'TRBV11-2.TRBJ2-7'	2
CASSSNPSGTGATDTQYF	1	0.0	0	'TRBV5-1.TRBJ2-3'	1
CASSSGGGSNQPQHF	1	0.0	0	'TRBV5-1.TRBJ1-5'	3
CASSEVGVSPLHF	1	0.0	0	'TRBV6-1.TRBJ1-6'	3
CASSQEVLLSQGHAEQYF	1	0.0	0	'TRBV4-2.TRBJ2-7'	32
CASRENTEAFF	1	0.0	0	'TRBV2-1.TRBJ1-1'	1
CASSRVYYNSPLHF	1	0.0	0	'TRBV27-1.TRBJ1-6'	4
CASSMEAYKQYF	1	0.0	0	'TRBV19-1.TRBJ2-3'	1
CSASPGDGANVLTF	1	0.0	0	'TRBV20-1.TRBJ2-6'	1
CASSLSGAQMAFF	1	0.0	0	'TRBV7-2.TRBJ1-1'	2
CASSLGSGGAQFF	1	0.0	0	'TRBV7-7.TRBJ2-1'	1
CASRERGGVGNTQYF	1	0.0	0	'TRBV6-5.TRBJ2-3'	2
CASKKKELSSYNEQFF	1	0.0	0	'TRBV28-1.TRBJ2-1'	2
CASSDDTSGGAVDTQYF	1	0.0	0	'TRBV2-1.TRBJ2-3'	1
CASRTSGVSTEQYF	1	0.0	0	'TRBV2-1.TRBJ2-7'	2
CASSPSGSEQYF	1	0.0	0	'TRBV19-1.TRBJ2-7'	4
CASSLVAGGTRNEQFF	1	0.0	0	'TRBV7-2.TRBJ2-1'	1
CAGRGENEKLFF	1	0.0	0	'TRBV28-1.TRBJ1-4'	10
CAWSAGVGLNQPQHF	1	0.0	0	'TRBV30-1.TRBJ1-5'	2
CASSKRLGTVLSGANVLTF	1	0.0	0	'TRBV21-1.TRBJ2-6'	1
CASSPRGLSTDTQYF	1	0.0	0	'TRBV28-1.TRBJ2-3'	1
CASSTWGYHTDTQYF	1	0.0	0	'TRBV9-1.TRBJ2-3'	1
CSARDSYYGYTF	1	0.0	0	'TRBV20-1.TRBJ1-2'	1
CASRRRAAGGPTDTQYF	1	0.0	0	'TRBV2-1.TRBJ2-3'	1
CASSPPPSSGNYEQYF	1	0.0	0	'TRBV3-1.TRBJ2-7'	14
CSAGQANTEAFF	1	0.0	0	'TRBV20-1.TRBJ1-1'	4
CASSFQAGGHADTQYF	1	0.0	0	'TRBV7-2.TRBJ2-3'	1
CASSQGRAYEQYF	1	0.0	0	'TRBV14-1.TRBJ2-7'	24
CASRARDRVIQTIYF	1	0.0	0	'TRBV28-1.TRBJ1-3'	1
CASSFTGLGTEAFF	1	0.0	0	'TRBV13-1.TRBJ1-1'	1
CASSLEGGDQPQHF	1	0.0	0	'TRBV5-5.TRBJ1-5'	1
CATSDHDKSGTDTQYF	1	0.0	0	'TRBV24-1.TRBJ2-3'	1
CASSRFADMNTEAFF	1	0.0	0	'TRBV27-1.TRBJ1-1'	2
CSARVTGHLYNSPLHF	1	0.0	0	'TRBV20-1.TRBJ1-6'	2
CASSESSRDDEKLFF	1	0.0	0	'TRBV10-2.TRBJ1-4'	1
CASSLTGLDQPQHF	1	0.0	0	'TRBV5-4.TRBJ1-5'	1
CASSPGAGAQETQYF	1	0.0	0	'TRBV27-1.TRBJ2-5'	1
CASSPDTKRGGYTF	1	0.0	0	'TRBV7-9.TRBJ1-2'	1
CASSLGPGQYNSPLHF	1	0.0	0	'TRBV4-1.TRBJ1-6'	12
CASTLMGTTSYEQYF	1	0.0	0	'TRBV28-1.TRBJ2-7'	1
CASDSSGRFYGYTF	1	0.0	0	'TRBV28-1.TRBJ1-2'	1
CASSPSGSTGDTGELFF	1	0.0	0	'TRBV7-3.TRBJ2-2'	1
CAWSVDNSNQPQHF	1	0.0	0	'TRBV30-1.TRBJ1-5'	2
CASSSGVPNTGELFF	1	0.0	0	'TRBV7-7.TRBJ2-2'	1
CASSEYGGETQYF	1	0.0	0	'TRBV2-1.TRBJ2-5'	2
CASSQSGGTEAFF	1	0.0	0	'TRBV4-2.TRBJ1-1'	45
CATQTGTTGGTGELFF	1	0.0	0	'TRBV7-9.TRBJ2-2'	1
CASRVSLNTEAFF	1	0.0	0	'TRBV2-1.TRBJ1-1'	1
CASSYSGGYEQYF	1	0.0	0	'TRBV6-2.TRBJ2-7'	2
CATSRVFAGAGLHLSYEQYF	1	0.0	0	'TRBV15-1.TRBJ2-7'	1
CATSDRMMADEQFF	1	0.0	0	'TRBV24-1.TRBJ2-1'	1
CASSLDSAGGGGYGYTF	1	0.0	0	'TRBV5-1.TRBJ1-2'	7
CATSDWDRTGTGELFF	1	0.0	0	'TRBV24-1.TRBJ2-2'	1
CASSFRGLGELFF	1	0.0	0	'TRBV28-1.TRBJ2-2'	6
CASSSEEGSTEAFF	1	0.0	0	'TRBV7-9.TRBJ1-1'	1
CASSLTSGGGDTQYF	1	0.0	0	'TRBV7-2.TRBJ2-3'	1
CASASDRGNSYNEQFF	1	0.0	0	'TRBV25-1.TRBJ2-1'	1
CASSQGSRSGNTIYF	1	0.0	0	'TRBV3-1.TRBJ1-3'	4
CSVDPGAGGEEQYF	1	0.0	0	'TRBV20-1.TRBJ2-7'	2
CASSQEAGLFSPLHF	1	0.0	0	'TRBV3-1.TRBJ1-6'	2
CSARKSPGGYEQYF	1	0.0	0	'TRBV20-1.TRBJ2-7'	1
CASSLVGDSYNEQFF	1	0.0	0	'TRBV5-1.TRBJ2-1'	1
CASQLTGEETQYF	1	0.0	0	'TRBV5-1.TRBJ2-5'	1
CASSWDRGLTEAFF	1	0.0	0	'TRBV6-5.TRBJ1-1'	1
CASSLGQGSNQPQHF	1	0.0	0	'TRBV28-1.TRBJ1-5'	2
CASSADRLYGYTF	1	0.0	0	'TRBV9-1.TRBJ1-2'	3
CASSQSFTSGGGGKTQYF	1	0.0	0	'TRBV11-2.TRBJ2-5'	1
CASSQGIAQDGANYGYTF	1	0.0	0	'TRBV4-2.TRBJ1-2'	1
CASSEWRGKNNEQFF	1	0.0	0	'TRBV2-1.TRBJ2-1'	1
CASSEKGNEQYF	1	0.0	0	'TRBV6-1.TRBJ2-7'	1
CASSPKGPDYNEQFF	1	0.0	0	'TRBV9-1.TRBJ2-1'	1
CASSQEDLSAGELFF	1	0.0	0	'TRBV4-1.TRBJ2-2'	3
CAARGGGNEQFF	1	0.0	0	'TRBV19-1.TRBJ2-1'	3
CSAGLGGAMGQFF	1	0.0	0	'TRBV20-1.TRBJ2-1'	1
CASSVAAAQETQYF	1	0.0	0	'TRBV9-1.TRBJ2-5'	1
CASSNRVLGNQPQHF	1	0.0	0	'TRBV19-1.TRBJ1-5'	1
CASSLEAGGTDTQYF	1	0.0	0	'TRBV12-3.TRBJ2-3'	1
CASSQDPTNQNYGYTF	1	0.0	0	'TRBV4-3.TRBJ1-2'	1
CASSPQTGRNQPQHF	1	0.0	0	'TRBV27-1.TRBJ1-5'	2
CASSPAGTGDPSRYF	1	0.0	0	'TRBV7-2.TRBJ2-5'	1
CASSMRLDPPGSQETQYF	1	0.0	0	'TRBV19-1.TRBJ2-5'	2
CSAREAGQLANYGYTF	1	0.0	0	'TRBV20-1.TRBJ1-2'	1
CASGLNTGFSGYTF	1	0.0	0	'TRBV12-3.TRBJ1-2'	1
CASSQGTSGGQGYF	1	0.0	0	'TRBV4-2.TRBJ2-3'	11
CASSLAIGLSHEQYF	1	0.0	0	'TRBV7-9.TRBJ2-7'	2
CASSFTGGSPYNSPLHF	1	0.0	0	'TRBV5-1.TRBJ1-6'	1
CAIGLAGGNEQFF	1	0.0	0	'TRBV19-1.TRBJ2-1'	1
CASSLVGEGNTEAFF	1	0.0	0	'TRBV5-4.TRBJ1-1'	4
CASSPRVGGTGELFF	1	0.0	0	'TRBV19-1.TRBJ2-2'	1
CAISLPGLSYNEQFF	1	0.0	0	'TRBV10-3.TRBJ2-1'	1
CANGLYEQYF	1	0.0	0	'TRBV6-1.TRBJ2-7'	1
CTSSVRKTYGYTF	1	0.0	0	'TRBV1-1.TRBJ1-2'	1
CASSQDSGGANEQFF	1	0.0	0	'TRBV4-3.TRBJ2-1'	1
CASSQEWGVGQGAGEQFF	1	0.0	0	'TRBV14-1.TRBJ2-1'	1
CASSEGTGYEQYF	1	0.0	0	'TRBV2-1.TRBJ2-7'	1
CASSYTVQRNEQFF	1	0.0	0	'TRBV5-1.TRBJ2-1'	1
CASLTGRIGSWTEAFF	1	0.0	0	'TRBV28-1.TRBJ1-1'	5
CASTFGQAGTAEQYF	1	0.0	0	'TRBV11-1.TRBJ2-7'	2
CASSAQRGGQETQYF	1	0.0	0	'TRBV2-1.TRBJ2-5'	1
CASSDGTSGGPTQYF	1	0.0	0	'TRBV6-4.TRBJ2-4'	2
CASSPLDSNQPQHF	1	0.0	0	'TRBV6-6.TRBJ1-5'	2
CASSLRGGYEQYF	1	0.0	0	'TRBV7-9.TRBJ2-7'	4
CASRPTGLGQPQHF	1	0.0	0	'TRBV27-1.TRBJ1-5'	68
CASSLGTATYEQYF	1	0.0	0	'TRBV7-9.TRBJ2-7'	1
CASSYGLGAEAFF	1	0.0	0	'TRBV6-5.TRBJ1-1'	1
CASSQDGLAGAPGETQYF	1	0.0	0	'TRBV3-1.TRBJ2-5'	1
CASRASVYGYTF	1	0.0	0	'TRBV19-1.TRBJ1-2'	1
CSARDSYIQETQYF	1	0.0	0	'TRBV20-1.TRBJ2-5'	1
CSASPGQGISYGYTF	1	0.0	0	'TRBV20-1.TRBJ1-2'	1
CSAITPGQGFDQPQHF	1	0.0	0	'TRBV20-1.TRBJ1-5'	1
CASSQETGGVTEAFF	1	0.0	0	'TRBV4-2.TRBJ1-1'	1
CASSVPGNTIYF	1	0.0	0	'TRBV9-1.TRBJ1-3'	2
CASSQQYGTSTSPLHF	1	0.0	0	'TRBV7-9.TRBJ1-6'	6
CASSLASGTGGTGAFF	1	0.0	0	'TRBV12-3.TRBJ1-1'	2
CSGHSTGTYEQYF	1	0.0	0	'TRBV20-1.TRBJ2-7'	1
CASSQERLTLELFF	1	0.0	0	'TRBV4-2.TRBJ2-2'	1
CASSQSLAPDTQYF	1	0.0	0	'TRBV3-1.TRBJ2-3'	2
CASSPGTSGGTEQYF	1	0.0	0	'TRBV13-1.TRBJ2-7'	1
CASSPPRERGVSGTDTQYF	1	0.0	0	'TRBV7-9.TRBJ2-3'	1
CASSYSTSGSYEQYF	1	0.0	0	'TRBV6-5.TRBJ2-7'	1
CASSAKASGGLYQETQYF	1	0.0	0	'TRBV7-9.TRBJ2-5'	1
CASSFVQGAADTQYF	1	0.0	0	'TRBV7-9.TRBJ2-3'	1
CASSRRTGGIQPQHF	1	0.0	0	'TRBV7-2.TRBJ1-5'	1
CASSLGSNQPQHF	1	0.0	0	'TRBV6-2.TRBJ1-5'	13
CASSLGQGQPQHF	2	0.970950594455	0.970950594455	'TRBV28-1.TRBJ1-5', 'TRBV12-3.TRBJ1-5'	3, 2
CASSFGGVGYTF	1	0.0	0	'TRBV28-1.TRBJ1-2'	1
CASSYSGFPTNYGYTF	1	0.0	0	'TRBV6-5.TRBJ1-2'	2
CSASNSTHGYTF	1	0.0	0	'TRBV20-1.TRBJ1-2'	1
CASSSTPDRAAFF	1	0.0	0	'TRBV11-2.TRBJ1-1'	3
CASSDRRRNTDTQYF	1	0.0	0	'TRBV21-1.TRBJ2-3'	1
CASGLAGPLDEQFF	1	0.0	0	'TRBV6-6.TRBJ2-1'	1
CASSWGAGNTIYF	1	0.0	0	'TRBV27-1.TRBJ1-3'	8
CASSYRGPYEQYF	1	0.0	0	'TRBV6-2.TRBJ2-7'	2
CASSLDQGVWDEQFF	1	0.0	0	'TRBV5-4.TRBJ2-1'	2
CASTSGTAANEQFF	1	0.0	0	'TRBV27-1.TRBJ2-1'	2
CASSSRVGPSNQPQHF	1	0.0	0	'TRBV28-1.TRBJ1-5'	1
CATSRDIRGPHYEQYF	1	0.0	0	'TRBV15-1.TRBJ2-7'	1
CASSLSWSQPQHF	1	0.0	0	'TRBV19-1.TRBJ1-5'	1
CASSEPSPICRKNIQYF	1	0.0	0	'TRBV3-1.TRBJ2-4'	1
CASSVASRNEQFF	1	0.0	0	'TRBV7-3.TRBJ2-1'	1
CAWRDTSNTYGYTF	1	0.0	0	'TRBV30-1.TRBJ1-2'	9
CASSLPGNHNEKLFF	1	0.0	0	'TRBV11-2.TRBJ1-4'	3
RASSLEGLSTDTQYF	1	0.0	0	'TRBV7-3.TRBJ2-3'	1
CSARDHPRAYGYTF	1	0.0	0	'TRBV20-1.TRBJ1-2'	2
CASRPGSKNTEAFF	1	0.0	0	'TRBV6-2.TRBJ1-1'	1
CASSRRESGDYGYTF	1	0.0	0	'TRBV3-1.TRBJ1-2'	2
CASSQETHGMKAFF	1	0.0	0	'TRBV3-1.TRBJ1-1'	1
CSARVDREYSPLHF	1	0.0	0	'TRBV20-1.TRBJ1-6'	4
CASVPGPGSNQPQHF	1	0.0	0	'TRBV28-1.TRBJ1-5'	6
CASKDRGPLMNTEAFF	1	0.0	0	'TRBV6-1.TRBJ1-1'	5
CASSYSGGPQETQYF	1	0.0	0	'TRBV6-5.TRBJ2-5'	1
CASSLSAGVDEAFF	1	0.0	0	'TRBV28-1.TRBJ1-1'	2
CASSLAPLFTGELFF	1	0.0	0	'TRBV11-1.TRBJ2-2'	1
CASTGGIAGVHNEQFF	1	0.0	0	'TRBV6-1.TRBJ2-1'	1
CASSFRTGGRQPQHF	1	0.0	0	'TRBV7-2.TRBJ1-5'	4
CASSKTGYNEQFF	1	0.0	0	'TRBV12-3.TRBJ2-1'	1
CAISERWGAQDYGYTF	1	0.0	0	'TRBV10-3.TRBJ1-2'	2
CSARPLYEQYF	1	0.0	0	'TRBV20-1.TRBJ2-7'	1
CASRDGDRGYTF	1	0.0	0	'TRBV19-1.TRBJ1-2'	2
CASSMTPGDIQYF	1	0.0	0	'TRBV18-1.TRBJ2-4'	1
CASSLTTDYEQYF	1	0.0	0	'TRBV27-1.TRBJ2-7'	1
CASSLAGVRGLNTEAFF	1	0.0	0	'TRBV5-1.TRBJ1-1'	1
CASSDRTYNEKLFF	1	0.0	0	'TRBV19-1.TRBJ1-4'	1
CASSSPSGGGLRDTQYF	1	0.0	0	'TRBV19-1.TRBJ2-3'	1
CASSQEVGSKTDTQYF	1	0.0	0	'TRBV3-1.TRBJ2-3'	5
CASSLNLAGSYEQYF	1	0.0	0	'TRBV7-2.TRBJ2-7'	1
CASSPTSGGFTDTQYF	1	0.0	0	'TRBV6-2.TRBJ2-3'	1
CASRERGGLGNEQFF	1	0.0	0	'TRBV6-5.TRBJ2-1'	4
CASRDSRNSPLHF	1	0.0	0	'TRBV6-5.TRBJ1-6'	2
CASSPWDTDQPQHF	1	0.0	0	'TRBV18-1.TRBJ1-5'	2
CASSYGGALTEAFF	1	0.0	0	'TRBV6-2.TRBJ1-1'	1
CSAVPRGGAANEKLFF	1	0.0	0	'TRBV20-1.TRBJ1-4'	1
CASSEGGTGTDTQYF	1	0.0	0	'TRBV7-2.TRBJ2-3'	1
CSVGTGDILNNEQFF	1	0.0	0	'TRBV29-1.TRBJ2-1'	1
CASRPLWNEQGVETQYF	1	0.0	0	'TRBV6-2.TRBJ2-5'	2
CASSQYYGYTF	1	0.0	0	'TRBV3-1.TRBJ1-2'	2
CASFGGTGSIGELFF	1	0.0	0	'TRBV10-2.TRBJ2-2'	1
CASSFGARGGDTQYF	1	0.0	0	'TRBV5-6.TRBJ2-3'	1
CASSGTLELNYGYTF	1	0.0	0	'TRBV6-1.TRBJ1-2'	2
CASSRRGASSGYTF	1	0.0	0	'TRBV6-2.TRBJ1-2'	1
CASRATDSGANVLTF	1	0.0	0	'TRBV11-1.TRBJ2-6'	2
CSAMGAVGYEQYF	1	0.0	0	'TRBV20-1.TRBJ2-7'	2
CASSLTPASRGDTQYF	1	0.0	0	'TRBV3-1.TRBJ2-3'	1
CASSNTGLGQPQHF	1	0.0	0	'TRBV19-1.TRBJ1-5'	1
CASRQGQGNTEAFF	1	0.0	0	'TRBV5-1.TRBJ1-1'	2
CSVGTGSFTDTQYF	1	0.0	0	'TRBV29-1.TRBJ2-3'	1
CASNTKFQVLNYGYTF	1	0.0	0	'TRBV28-1.TRBJ1-2'	1
CASKSLAGGDYNEQFF	1	0.0	0	'TRBV21-1.TRBJ2-1'	1
CASSTRAYPQSRANVLTF	1	0.0	0	'TRBV7-8.TRBJ2-6'	1
CASSFLEGAYGNTIYF	1	0.0	0	'TRBV12-3.TRBJ1-3'	1
CASLRAPISGGELFF	1	0.0	0	'TRBV28-1.TRBJ2-2'	1
CASSEPLTGGTDTQYF	1	0.0	0	'TRBV28-1.TRBJ2-3'	1
CASSYQGQGNTEAFF	1	0.0	0	'TRBV7-9.TRBJ1-1'	1
CASSLSAGIANEQFF	1	0.0	0	'TRBV11-2.TRBJ2-1'	1
CAISDGLGNEKLFF	1	0.0	0	'TRBV10-3.TRBJ1-4'	1
CSALDSYNTEAFF	1	0.0	0	'TRBV20-1.TRBJ1-1'	6
CASSSRQGDPLKVHEQYF	1	0.0	0	'TRBV27-1.TRBJ2-7'	1
CASSRPGTGLMITEAFF	1	0.0	0	'TRBV5-8.TRBJ1-1'	6
CASSYSGGGTDTQYF	1	0.0	0	'TRBV6-6.TRBJ2-3'	1
CASSEFLAGGYNEQFF	1	0.0	0	'TRBV6-1.TRBJ2-1'	1
CASSSIRRRGTGELFF	1	0.0	0	'TRBV3-1.TRBJ2-2'	1
CASRTSSGGANEQFF	1	0.0	0	'TRBV12-2.TRBJ2-1'	1
CASSLSGLGGANVLTF	1	0.0	0	'TRBV12-3.TRBJ2-6'	2
CASSQDILLAGDNEQFF	1	0.0	0	'TRBV4-2.TRBJ2-1'	5
CASSLVLASVTYEQYF	1	0.0	0	'TRBV7-2.TRBJ2-7'	2
CASSEDSYGYTF	1	0.0	0	'TRBV2-1.TRBJ1-2'	2
CASSHVEVAKEAFF	1	0.0	0	'TRBV4-2.TRBJ1-1'	1
CASSHPTEYNYGYTF	1	0.0	0	'TRBV4-1.TRBJ1-2'	2
CASSQGTRSGNTIYF	1	0.0	0	'TRBV3-1.TRBJ1-3'	3
CASTLGQGNGYTF	2	0.391243563629	0.391243563629	'TRBV6-5.TRBJ1-2', 'TRBV6-2.TRBJ1-2'	12, 1
CSARGQDLGGWDTGELFF	1	0.0	0	'TRBV20-1.TRBJ2-2'	1
CASSLEGTYNEQFF	1	0.0	0	'TRBV5-1.TRBJ2-1'	1
CASSIPGNYGYTF	1	0.0	0	'TRBV19-1.TRBJ1-2'	2
CASSDPSGNTIYF	1	0.0	0	'TRBV25-1.TRBJ1-3'	3
CASGGRGTGELFF	1	0.0	0	'TRBV28-1.TRBJ2-2'	1
CATSDWSSGDNEQFF	1	0.0	0	'TRBV24-1.TRBJ2-1'	1
CASKTSGGPGNEQFF	1	0.0	0	'TRBV6-2.TRBJ2-1'	1
CASSAGTSGEYNEQFF	1	0.0	0	'TRBV7-9.TRBJ2-1'	1
CASEKTPGGSNEQFF	1	0.0	0	'TRBV3-1.TRBJ2-1'	1
CASSHGGPLEQYF	1	0.0	0	'TRBV3-1.TRBJ2-7'	2
CASSQAETEGNTEAFF	1	0.0	0	'TRBV4-1.TRBJ1-1'	1
CASTRTSGGARETQYF	1	0.0	0	'TRBV19-1.TRBJ2-5'	1
CSVDPGARGEEQYF	1	0.0	0	'TRBV20-1.TRBJ2-7'	1
CASSLTGGEQYF	1	0.0	0	'TRBV5-1.TRBJ2-7'	1
CASSSTGVGANVPTF	1	0.0	0	'TRBV12-3.TRBJ2-6'	1
CASRQGAGQPQHF	1	0.0	0	'TRBV28-1.TRBJ1-5'	1
CASSLEETQYF	1	0.0	0	'TRBV7-6.TRBJ2-5'	2
CASSFGVRNIQYF	1	0.0	0	'TRBV28-1.TRBJ2-4'	1
CATGGVGDTGELFF	1	0.0	0	'TRBV10-3.TRBJ2-2'	3
CAISESTGLAGRHEQFF	1	0.0	0	'TRBV10-3.TRBJ2-1'	4
CASSKKQGTWSSYNSPLHF	1	0.0	0	'TRBV27-1.TRBJ1-6'	1
CASSLGQVSTDTQYF	1	0.0	0	'TRBV7-8.TRBJ2-3'	1
CASSLAGGHTEAFF	1	0.0	0	'TRBV11-1.TRBJ1-1'	1
CASSLLQGNYGYTF	1	0.0	0	'TRBV7-9.TRBJ1-2'	1
CASSKSTGSSYNEQFF	1	0.0	0	'TRBV27-1.TRBJ2-1'	7
CASSPSSGSGTDTQYF	1	0.0	0	'TRBV5-1.TRBJ2-3'	2
CASSSDTQYF	1	0.0	0	'TRBV6-1.TRBJ2-3'	1
CASSLMGETEAFF	1	0.0	0	'TRBV5-1.TRBJ1-1'	1
CASSLEDRETTEAFF	1	0.0	0	'TRBV7-6.TRBJ1-1'	1
CASRENPSNTEAFF	1	0.0	0	'TRBV7-3.TRBJ1-1'	1
CASRYTDTQYF	1	0.0	0	'TRBV25-1.TRBJ2-3'	1
CASSLNMARGNTGELFF	1	0.0	0	'TRBV7-7.TRBJ2-2'	1
CATSSGGDNYGYTF	1	0.0	0	'TRBV15-1.TRBJ1-2'	1
CASSLQGNVEQYF	1	0.0	0	'TRBV5-1.TRBJ2-7'	1
CSANRQGANTGELFF	1	0.0	0	'TRBV20-1.TRBJ2-2'	1
CASSTRQGPYEQYF	1	0.0	0	'TRBV27-1.TRBJ2-7'	9
CASSLGHNQPQHF	1	0.0	0	'TRBV5-4.TRBJ1-5'	12
CASSPLGIESAFF	1	0.0	0	'TRBV6-1.TRBJ1-1'	2
CAAQGAGQPQHF	1	0.0	0	'TRBV10-3.TRBJ1-5'	3
CASSFQRGGQETQYF	1	0.0	0	'TRBV7-2.TRBJ2-5'	1
CASSAGRTGLMNTEAFF	1	0.0	0	'TRBV5-1.TRBJ1-1'	1
CAISEYRGSGNSPLHF	1	0.0	0	'TRBV10-3.TRBJ1-6'	2
CASSRQGTIQQYF	1	0.0	0	'TRBV6-2.TRBJ2-7'	1
CASSEGELAVYEQYF	1	0.0	0	'TRBV10-2.TRBJ2-7'	1
CSARLGSVYNEQFF	1	0.0	0	'TRBV20-1.TRBJ2-1'	1
CASSSGISSGNTIYF	1	0.0	0	'TRBV28-1.TRBJ1-3'	1
CSAPPGTGAFYEQYF	1	0.0	0	'TRBV20-1.TRBJ2-7'	1
CASSQAGFANTGELFF	1	0.0	0	'TRBV3-1.TRBJ2-2'	2
CASTSGGLGNEQFF	1	0.0	0	'TRBV28-1.TRBJ2-1'	1
CASSIGLAGDLNTGELFF	1	0.0	0	'TRBV5-8.TRBJ2-2'	1
CASNVQLAGPSNNEQFF	1	0.0	0	'TRBV11-3.TRBJ2-1'	2
CASSERGHQETQYF	1	0.0	0	'TRBV25-1.TRBJ2-5'	2
CASSWGQLAENEKLFF	1	0.0	0	'TRBV7-9.TRBJ1-4'	4
CASSPSGPHERGQYF	1	0.0	0	'TRBV6-5.TRBJ2-3'	2
CASSGQSLSYEQYF	1	0.0	0	'TRBV6-5.TRBJ2-7'	1
CASGPLGENTEAFF	1	0.0	0	'TRBV27-1.TRBJ1-1'	1
CASSLRTEAYNEQFF	1	0.0	0	'TRBV28-1.TRBJ2-1'	7
CASSFDYSYNEQFF	1	0.0	0	'TRBV7-3.TRBJ2-1'	1
CASSRAESPPYNEQFF	1	0.0	0	'TRBV6-1.TRBJ2-1'	1
CASSLLTEEAFF	1	0.0	0	'TRBV7-9.TRBJ1-1'	1
CATSRDRGIYEQYF	1	0.0	0	'TRBV15-1.TRBJ2-7'	9
CAWSVLWQGQSGNTIYF	1	0.0	0	'TRBV30-1.TRBJ1-3'	1
CAISLQGAGETQYF	1	0.0	0	'TRBV10-3.TRBJ2-5'	1
CSAGTGGLGGYTF	1	0.0	0	'TRBV29-1.TRBJ1-2'	1
CASSSGSGELFF	1	0.0	0	'TRBV7-9.TRBJ2-2'	1
CASSDAGTDTQYF	1	0.0	0	'TRBV6-4.TRBJ2-3'	1
CASSMGLAGGINEQFF	1	0.0	0	'TRBV7-9.TRBJ2-1'	1
CASSLEGLAGKGTQYF	1	0.0	0	'TRBV28-1.TRBJ2-5'	1
CAARQAGGYTF	1	0.0	0	'TRBV24-1.TRBJ1-2'	1
CASRINTGGYEQYF	1	0.0	0	'TRBV11-2.TRBJ2-7'	1
CSARQGNSEAFF	1	0.0	0	'TRBV20-1.TRBJ1-1'	1
CAWSRGNYGYTF	1	0.0	0	'TRBV30-1.TRBJ1-2'	1
CASIYQGGQGNNEQFF	1	0.0	0	'TRBV7-8.TRBJ2-1'	1
CASSPGTPTNYGYTF	1	0.0	0	'TRBV2-1.TRBJ1-2'	2
CSASRGLNTEAFF	1	0.0	0	'TRBV20-1.TRBJ1-1'	1
CASSASSGGWTDTQYF	1	0.0	0	'TRBV11-1.TRBJ2-3'	2
CATSRDGGQGGDGYTF	1	0.0	0	'TRBV15-1.TRBJ1-2'	1
CASSDRGDDEQYF	1	0.0	0	'TRBV19-1.TRBJ2-7'	2
CASSPGSPGDNSPLHF	1	0.0	0	'TRBV7-2.TRBJ1-6'	3
CASSYSTGIINQPQHF	1	0.0	0	'TRBV6-6.TRBJ1-5'	3
CSVAAGGSNQPQHF	1	0.0	0	'TRBV29-1.TRBJ1-5'	4
CASSRAQLGSTNEKLFF	1	0.0	0	'TRBV28-1.TRBJ1-4'	1
CAIRDEVAGEQYF	1	0.0	0	'TRBV2-1.TRBJ2-7'	2
CASSIFNTGELFF	1	0.0	0	'TRBV19-1.TRBJ2-2'	1
CASPKTAEAFF	1	0.0	0	'TRBV27-1.TRBJ1-1'	1
CASSVGATSNYGYTF	1	0.0	0	'TRBV7-2.TRBJ1-2'	1
CASSQLQSSSAGELFF	1	0.0	0	'TRBV4-3.TRBJ2-2'	1
CASSSGTGPQHF	1	0.0	0	'TRBV28-1.TRBJ1-5'	1
CASSRTGGAGTGELFF	1	0.0	0	'TRBV9-1.TRBJ2-2'	1
CASSQEAHPAYEQYF	1	0.0	0	'TRBV14-1.TRBJ2-7'	2
CASSLVGAGLQETQYF	1	0.0	0	'TRBV11-2.TRBJ2-5'	1
CATSRDALAHGYEQYF	1	0.0	0	'TRBV15-1.TRBJ2-7'	1
CSARGAYSGANVLTF	1	0.0	0	'TRBV20-1.TRBJ2-6'	1
CATSRDSGGADTQYF	1	0.0	0	'TRBV15-1.TRBJ2-3'	1
CASSSLAGGYNEQFF	1	0.0	0	'TRBV7-3.TRBJ2-1'	1
CASSVGPQGDEQYF	1	0.0	0	'TRBV9-1.TRBJ2-7'	2
CASSRTGGASTDTQYF	1	0.0	0	'TRBV5-1.TRBJ2-3'	1
CASSLILGQGYNEQFF	1	0.0	0	'TRBV7-2.TRBJ2-1'	1
CASSESPGWPQHF	1	0.0	0	'TRBV6-1.TRBJ1-5'	1
CASSRTAGGFYEQYF	1	0.0	0	'TRBV3-1.TRBJ2-7'	2
CASRWDRGQGNTEAFF	1	0.0	0	'TRBV6-2.TRBJ1-1'	1
CATSRGGSGSETQYF	1	0.0	0	'TRBV15-1.TRBJ2-5'	1
CASSIWGTGELFF	1	0.0	0	'TRBV5-1.TRBJ2-2'	1
CASSPMGGYQPQHF	1	0.0	0	'TRBV6-2.TRBJ1-5'	1
CSAFKTVGYTEAFF	1	0.0	0	'TRBV20-1.TRBJ1-1'	1
CSARLGLSEQYF	1	0.0	0	'TRBV20-1.TRBJ2-7'	3
CASSFYGDTSYEQYF	1	0.0	0	'TRBV5-1.TRBJ2-7'	1
RASSIRDICQPQHF	1	0.0	0	'TRBV7-3.TRBJ1-5'	1
CASSLSGQGGHNEQFF	1	0.0	0	'TRBV7-6.TRBJ2-1'	1
CASSLAGRDGNTIYF	1	0.0	0	'TRBV7-9.TRBJ1-3'	1
CASSSGGGSYEQYF	1	0.0	0	'TRBV28-1.TRBJ2-7'	1
CSARILAGVTGELFF	1	0.0	0	'TRBV20-1.TRBJ2-2'	2
CSARRVEAFF	1	0.0	0	'TRBV20-1.TRBJ1-1'	1
CASSPAAPRSSYNSPLHF	1	0.0	0	'TRBV18-1.TRBJ1-6'	1
CASSQVLPGELFF	1	0.0	0	'TRBV4-3.TRBJ2-2'	1
CASSSGLAGDGETQYF	1	0.0	0	'TRBV11-3.TRBJ2-5'	1
CASTLGRQETQYF	1	0.0	0	'TRBV7-2.TRBJ2-5'	1
CASSQVGYNEQFF	1	0.0	0	'TRBV7-9.TRBJ2-1'	1
CASSFRATQETQYF	1	0.0	0	'TRBV12-3.TRBJ2-5'	1
CASSSQGPPNEKLFF	1	0.0	0	'TRBV5-1.TRBJ1-4'	1
CASNRRGGVQHF	1	0.0	0	'TRBV19-1.TRBJ1-5'	1
CASSQRREGTEAFF	1	0.0	0	'TRBV5-5.TRBJ1-1'	2
CASSEFPRDRIFTEAFF	1	0.0	0	'TRBV10-1.TRBJ1-1'	2
CASSQEGLAGMYEQYF	1	0.0	0	'TRBV4-2.TRBJ2-7'	1
CASSYSGNYYEQYF	1	0.0	0	'TRBV6-2.TRBJ2-7'	1
CASSDRTDTRELFF	1	0.0	0	'TRBV19-1.TRBJ2-2'	1
CASSRRSGELFF	1	0.0	0	'TRBV28-1.TRBJ2-2'	1
CASSVGQGSPLHF	1	0.0	0	'TRBV9-1.TRBJ1-6'	2
CASSLMGGDQPQHF	1	0.0	0	'TRBV28-1.TRBJ1-5'	1
CASSQGWAAEQYF	1	0.0	0	'TRBV4-1.TRBJ2-7'	1
CASRATNTGELFF	1	0.0	0	'TRBV6-5.TRBJ2-2'	1
CASSLSRNNEQFF	1	0.0	0	'TRBV7-2.TRBJ2-1'	2
CASSAGQGSRNTEAFF	1	0.0	0	'TRBV5-1.TRBJ1-1'	1
CASSQDPRGTSSYNEQFF	1	0.0	0	'TRBV4-3.TRBJ2-1'	1
CASSPSLGVKFF	1	0.0	0	'TRBV27-1.TRBJ2-1'	94
CAPTRWGSYEQYF	1	0.0	0	'TRBV6-2.TRBJ2-7'	3
CASSFGHSPYNEQFF	1	0.0	0	'TRBV7-7.TRBJ2-1'	1
CSVGGGWTEAFF	1	0.0	0	'TRBV29-1.TRBJ1-1'	2
CASSYEGTSVYTDTQYF	1	0.0	0	'TRBV6-2.TRBJ2-3'	1
CASSPRQEGEQFF	1	0.0	0	'TRBV7-8.TRBJ2-1'	1
CATKGEGLGNSPLHF	1	0.0	0	'TRBV24-1.TRBJ1-6'	2
CASSARWGQGAEKLFF	1	0.0	0	'TRBV19-1.TRBJ1-4'	1
CASSLEVGSSGNTIYF	1	0.0	0	'TRBV5-1.TRBJ1-3'	1
CAISRRQANTGELFF	1	0.0	0	'TRBV10-3.TRBJ2-2'	1
CASSYSWAINNEQFF	1	0.0	0	'TRBV6-5.TRBJ2-1'	1
CASRVEIREETQYF	1	0.0	0	'TRBV6-1.TRBJ2-5'	1
CASSLWGVAQGNQPQHF	1	0.0	0	'TRBV28-1.TRBJ1-5'	1
CATGHPDYGYTF	1	0.0	0	'TRBV6-5.TRBJ1-2'	1
CASSHRVSGRETQYF	1	0.0	0	'TRBV9-1.TRBJ2-5'	1
CASSVPGGNNEQFF	1	0.0	0	'TRBV9-1.TRBJ2-1'	2
CASSPYQTADTQYF	1	0.0	0	'TRBV7-2.TRBJ2-3'	2
CASSHSSPISLTGELFF	1	0.0	0	'TRBV3-1.TRBJ2-2'	1
CASSPQTNYGYTF	1	0.0	0	'TRBV7-2.TRBJ1-2'	2
CSASRGTSGASYEQYF	1	0.0	0	'TRBV20-1.TRBJ2-7'	2
CASSFLGSAYEQYF	1	0.0	0	'TRBV27-1.TRBJ2-7'	5
CASSVGSGNTIYF	1	0.0	0	'TRBV9-1.TRBJ1-3'	5
CASSDAGGENTIYF	1	0.0	0	'TRBV25-1.TRBJ1-3'	1
CASSEGARYEQYF	1	0.0	0	'TRBV25-1.TRBJ2-7'	2
CASSFKTGDYNEQFF	1	0.0	0	'TRBV9-1.TRBJ2-1'	1
CASSQNRGGTYNEQFF	1	0.0	0	'TRBV11-3.TRBJ2-1'	1
CAISEGIEKLFF	1	0.0	0	'TRBV10-3.TRBJ1-4'	1
CASSSPESNQPQHF	1	0.0	0	'TRBV6-5.TRBJ1-5'	1
CASSLWTPADTQYF	1	0.0	0	'TRBV12-3.TRBJ2-3'	1
CASSPGPYGYTF	1	0.0	0	'TRBV12-3.TRBJ1-2'	2
CASSPQLGHEQFF	1	0.0	0	'TRBV7-2.TRBJ2-1'	1
CASSQDPSGFVEAFF	1	0.0	0	'TRBV4-3.TRBJ1-1'	1
CSAREQGQGKGYGYTF	1	0.0	0	'TRBV20-1.TRBJ1-2'	2
CASSPPAPSSYNEQFF	1	0.0	0	'TRBV18-1.TRBJ2-1'	1
CASSGRVGEGGNTEAFF	1	0.0	0	'TRBV7-9.TRBJ1-1'	1
CASSLPGEGSYEQYF	1	0.0	0	'TRBV5-4.TRBJ2-7'	1
CASSLRGTSGGETQYF	1	0.0	0	'TRBV7-9.TRBJ2-5'	1
CASSLGGSASGGGYTF	1	0.0	0	'TRBV7-8.TRBJ1-2'	2
CSASPPGGGGKDTQYF	1	0.0	0	'TRBV20-1.TRBJ2-3'	2
CASSLRQGGVTEAFF	1	0.0	0	'TRBV12-3.TRBJ1-1'	1
CASSFLDSPYEQYF	1	0.0	0	'TRBV28-1.TRBJ2-7'	2
CASSEGNYGYTF	1	0.0	0	'TRBV10-2.TRBJ1-2'	6
CASSSYPGALYEQYF	1	0.0	0	'TRBV5-1.TRBJ2-7'	1
CASSVGYGTGSNYGYTF	1	0.0	0	'TRBV9-1.TRBJ1-2'	2
CASSYGLQGGEAFF	1	0.0	0	'TRBV6-5.TRBJ1-1'	1
CASSKGQGEGTGELFF	1	0.0	0	'TRBV21-1.TRBJ2-2'	29
CASSFGGGYTF	1	0.0	0	'TRBV12-3.TRBJ1-2'	1
CSARDGGFTTKSGPLHF	1	0.0	0	'TRBV20-1.TRBJ1-6'	2
CASGRAGVGDTEAFF	1	0.0	0	'TRBV5-1.TRBJ1-1'	1
CSARDVQGNKNLYSNQPQHF	1	0.0	0	'TRBV20-1.TRBJ1-5'	1
CASSQRGSGELFF	1	0.0	0	'TRBV28-1.TRBJ2-2'	3
CSVETGGTEAFF	1	0.0	0	'TRBV29-1.TRBJ1-1'	1
CASSFPNGGYTF	1	0.0	0	'TRBV7-9.TRBJ1-2'	3
CASSSTGFGELFF	1	0.0	0	'TRBV7-3.TRBJ2-2'	1
CASSLSGGAGGSEQFF	1	0.0	0	'TRBV28-1.TRBJ2-1'	1
CASSLQEQGLDYGYTF	1	0.0	0	'TRBV7-2.TRBJ1-2'	1
CASRGGRDTGELFF	1	0.0	0	'TRBV10-2.TRBJ2-2'	1
CASSLGTATLEQYF	1	0.0	0	'TRBV5-1.TRBJ2-7'	1
CATTGQVNQPQHF	1	0.0	0	'TRBV24-1.TRBJ1-5'	7
CASSMTETLNEKLFF	1	0.0	0	'TRBV28-1.TRBJ1-4'	1
CASGKANTGELFF	1	0.0	0	'TRBV4-1.TRBJ2-2'	72
CASRNGQGAYTEAFF	1	0.0	0	'TRBV2-1.TRBJ1-1'	3
CASSPGTGEGYEQYF	1	0.0	0	'TRBV4-1.TRBJ2-7'	10
CASSQGILASSTDTQYF	1	0.0	0	'TRBV4-2.TRBJ2-3'	7
CASSLGYAGYNEQFF	1	0.0	0	'TRBV11-1.TRBJ2-1'	1
CASSLVPNSPLHF	1	0.0	0	'TRBV14-1.TRBJ1-6'	2
CASTVDRVSHEQYF	1	0.0	0	'TRBV6-2.TRBJ2-7'	1
CASATGILSNQPQHF	1	0.0	0	'TRBV19-1.TRBJ1-5'	12
AP	1	0.0	0	'TRBV12-2.TRBJ2-3'	1
CASSPSGGANSYEQYF	1	0.0	0	'TRBV27-1.TRBJ2-7'	1
CASINHYRVKNTEAFF	1	0.0	0	'TRBV6-6.TRBJ1-1'	1
CSAREKRGGYNEQFF	1	0.0	0	'TRBV20-1.TRBJ2-1'	1
CASSPERGTEAFF	1	0.0	0	'TRBV18-1.TRBJ1-1'	1
CASSYAGGDTQYF	1	0.0	0	'TRBV12-3.TRBJ2-3'	3
CASKWTGYEQYF	2	0.5435644432	0.5435644432	'TRBV10-1.TRBJ2-7', 'TRBV10-1.TRBJ2-5'	7, 1
CASRSTGGLAKNIQYF	1	0.0	0	'TRBV5-6.TRBJ2-4'	1
CASSVQNSFNEQFF	1	0.0	0	'TRBV9-1.TRBJ2-1'	1
CASSLTGGSYNSPLHF	1	0.0	0	'TRBV7-3.TRBJ1-6'	8
CATSGNLNTEAFF	1	0.0	0	'TRBV19-1.TRBJ1-1'	1
CATLLAGVDGYTF	1	0.0	0	'TRBV7-9.TRBJ1-2'	1
CSARSGGGHQETQYF	1	0.0	0	'TRBV20-1.TRBJ2-5'	1
CASSLTGGTEAFF	1	0.0	0	'TRBV5-1.TRBJ1-1'	1
CSASPNGGNTGELFF	1	0.0	0	'TRBV20-1.TRBJ2-2'	1
CASSTGTSGGNEQFF	1	0.0	0	'TRBV5-1.TRBJ2-1'	1
CASSQVYVRQGAEQFF	1	0.0	0	'TRBV3-1.TRBJ2-1'	1
CSARKPGQGSYNEQFF	1	0.0	0	'TRBV20-1.TRBJ2-1'	1
CASSESGVLAGDEQFF	1	0.0	0	'TRBV10-2.TRBJ2-1'	1
CASSPPYTGTDTQYF	1	0.0	0	'TRBV28-1.TRBJ2-3'	1
CASSESSYNSPLHF	1	0.0	0	'TRBV6-1.TRBJ1-6'	4
CASSYSRQNEQYF	1	0.0	0	'TRBV6-2.TRBJ2-7'	2
CASTGTASTDTQYF	1	0.0	0	'TRBV19-1.TRBJ2-3'	1
CASSPNRVTEAFF	1	0.0	0	'TRBV18-1.TRBJ1-1'	1
CATSRDASGGNNEQFF	1	0.0	0	'TRBV15-1.TRBJ2-1'	1
CASSLSSLDGETQYF	1	0.0	0	'TRBV11-2.TRBJ2-5'	6
CASSYSRPNYGYTF	1	0.0	0	'TRBV6-5.TRBJ1-2'	2
CASSAQTGFNEKLFF	1	0.0	0	'TRBV7-2.TRBJ1-4'	1
CASSLEGQGAWEAFF	1	0.0	0	'TRBV4-1.TRBJ1-1'	1
CASSAGQIAYEQYF	1	0.0	0	'TRBV9-1.TRBJ2-7'	1
CSARDPGQGAQGETQYF	1	0.0	0	'TRBV20-1.TRBJ2-5'	4
CASSVALGGRSGNTIYF	1	0.0	0	'TRBV9-1.TRBJ1-3'	1
CATVSPYNEQFF	1	0.0	0	'TRBV19-1.TRBJ2-1'	2
CAWVEGRFGLADKETQYF	1	0.0	0	'TRBV30-1.TRBJ2-5'	1
CASSDWAGLNTGELFF	1	0.0	0	'TRBV9-1.TRBJ2-2'	1
CASSLDGSYGAYEQYF	1	0.0	0	'TRBV5-4.TRBJ2-7'	1
CASSYTPASGVHNEQFF	1	0.0	0	'TRBV6-5.TRBJ2-1'	1
CASSFTSAGEQYF	1	0.0	0	'TRBV27-1.TRBJ2-3'	1
CASSLPPLAGEETQYF	1	0.0	0	'TRBV28-1.TRBJ2-5'	1
CASSLSSGYRNTIYF	1	0.0	0	'TRBV28-1.TRBJ1-3'	1
CASSLSAGGDYEQYF	1	0.0	0	'TRBV11-2.TRBJ2-7'	2
CASSGELAGERYF	1	0.0	0	'TRBV10-2.TRBJ2-7'	3
CASSAGLGETQYF	1	0.0	0	'TRBV10-2.TRBJ2-5'	1
CASSPPIGQPQHF	1	0.0	0	'TRBV18-1.TRBJ1-5'	2
CASSVGTSGRDTQYF	1	0.0	0	'TRBV6-1.TRBJ2-3'	1
CASSQGWGIQPQHF	1	0.0	0	'TRBV4-1.TRBJ1-5'	2
CASRPSLVGGELFF	1	0.0	0	'TRBV10-1.TRBJ2-2'	3
CASSLLAGSNQPQHF	1	0.0	0	'TRBV28-1.TRBJ1-5'	2
CASWERGGNNEQFF	1	0.0	0	'TRBV6-2.TRBJ2-1'	1
CASSPGGDTLMEQYF	1	0.0	0	'TRBV9-1.TRBJ2-7'	1
CASRFTGTGTYEQYF	1	0.0	0	'TRBV28-1.TRBJ2-7'	1
CASSPRSYEQYF	1	0.0	0	'TRBV11-1.TRBJ2-7'	1
CASSPGLGFHGYTF	1	0.0	0	'TRBV18-1.TRBJ1-2'	1
CASSQEPGHPLVDSPLHF	1	0.0	0	'TRBV4-2.TRBJ1-6'	2
CASREAGTAYEQYF	1	0.0	0	'TRBV10-2.TRBJ2-7'	74
CASSYDAQSTDTQYF	1	0.0	0	'TRBV6-2.TRBJ2-3'	1
CASSLTDRGSPLHF	1	0.0	0	'TRBV28-1.TRBJ1-6'	1
CASSLGTGLGIHF	1	0.0	0	'TRBV4-1.TRBJ1-6'	2
CASSRNGGAGEKLFF	1	0.0	0	'TRBV7-9.TRBJ1-4'	1
CSARGWTVETQYF	1	0.0	0	'TRBV20-1.TRBJ2-5'	1
CASSPLAAGHTDTQYF	1	0.0	0	'TRBV7-9.TRBJ2-3'	1
CASSLGLAGGEQYF	1	0.0	0	'TRBV9-1.TRBJ2-7'	1
CATSSLGGLAGGETQYF	1	0.0	0	'TRBV11-2.TRBJ2-5'	6
CASSLEFGGSKNIQYF	1	0.0	0	'TRBV7-6.TRBJ2-4'	1
CASSDTGASTDTQYF	1	0.0	0	'TRBV4-1.TRBJ2-3'	2
CASSFLGLAEETQYF	1	0.0	0	'TRBV7-3.TRBJ2-5'	1
CASSYKGADYGYTF	2	0.721928094887	0.721928094887	'TRBV6-6.TRBJ1-2', 'TRBV6-5.TRBJ1-2'	4, 1
CASSESSRGLNTGELFF	1	0.0	0	'TRBV9-1.TRBJ2-2'	1
CASSLVGSGGPHNEQFF	1	0.0	0	'TRBV5-1.TRBJ2-1'	1
CASSLAGLVAIQYF	1	0.0	0	'TRBV5-5.TRBJ2-4'	17
CASSLGGPNSPLHF	1	0.0	0	'TRBV12-3.TRBJ1-6'	1
CASSEGSRVGTEAFF	1	0.0	0	'TRBV2-1.TRBJ1-1'	1
CASSPRPSSEYEQYF	1	0.0	0	'TRBV3-1.TRBJ2-7'	4
CASSYTEAFF	1	0.0	0	'TRBV6-6.TRBJ1-1'	1
CASSLSADTQYF	1	0.0	0	'TRBV7-2.TRBJ2-3'	1
CASSLGGHLQETQYF	1	0.0	0	'TRBV5-5.TRBJ2-5'	1
CASSSRMGTPGRGSYNEQFF	1	0.0	0	'TRBV28-1.TRBJ2-1'	1
CATSDLGGPGTGELFF	1	0.0	0	'TRBV24-1.TRBJ2-2'	1
CASGQNAGELFF	1	0.0	0	'TRBV7-2.TRBJ2-2'	2
CATSRAVAALATNEKLFF	1	0.0	0	'TRBV15-1.TRBJ1-4'	1
CASSLFHLANYGYTF	1	0.0	0	'TRBV28-1.TRBJ1-2'	1
CASRERGGLSNEQFF	1	0.0	0	'TRBV6-5.TRBJ2-1'	1
CSAAGLATDTQYF	1	0.0	0	'TRBV29-1.TRBJ2-3'	1
CATSRDRGHPNTEAFF	1	0.0	0	'TRBV15-1.TRBJ1-1'	1
CSASGGGTDTQYF	1	0.0	0	'TRBV20-1.TRBJ2-3'	1
CASSLRGVYNEQFF	1	0.0	0	'TRBV5-6.TRBJ2-1'	1
CASSQDGSGGTSYEQYF	1	0.0	0	'TRBV4-1.TRBJ2-7'	1
CASSPRGGGLYNEQFF	1	0.0	0	'TRBV7-2.TRBJ2-1'	1
CASSIVAADTIYF	1	0.0	0	'TRBV19-1.TRBJ1-3'	1
CASSQGGGYSNQPQHF	1	0.0	0	'TRBV4-1.TRBJ1-5'	2
CASSLMASPVEQFF	1	0.0	0	'TRBV27-1.TRBJ2-1'	1
CASSQQETQYF	1	0.0	0	'TRBV18-1.TRBJ2-5'	2
CASSYSTQLNTGELFF	1	0.0	0	'TRBV6-5.TRBJ2-2'	1
CASTSLRAGGRGANVLTF	1	0.0	0	'TRBV6-2.TRBJ2-6'	1
CASSYGQGYEQYF	1	0.0	0	'TRBV6-5.TRBJ2-7'	1
CASSWTSGNEQFF	1	0.0	0	'TRBV27-1.TRBJ2-1'	80
CASSLGEHDTNSF	1	0.0	0	'TRBV7-2.TRBJ2-1'	1
CASSLSAPTDTQYF	1	0.0	0	'TRBV5-1.TRBJ2-3'	1
CTRQSRANVLTF	1	0.0	0	'TRBV1-1.TRBJ2-6'	1
CASSEETGNEQYF	1	0.0	0	'TRBV28-1.TRBJ2-7'	1
CASSSTSGVAREQFF	1	0.0	0	'TRBV3-1.TRBJ2-1'	1
CASSSTSEDTQYF	1	0.0	0	'TRBV27-1.TRBJ2-3'	1
CASSLKVKEAGNTIYF	1	0.0	0	'TRBV28-1.TRBJ1-3'	1
CASTSDFYGNSPLHF	1	0.0	0	'TRBV2-1.TRBJ1-6'	2
CASRLGTGIYNEQFF	1	0.0	0	'TRBV10-2.TRBJ2-1'	1
CASSQGLFDTDTQYF	1	0.0	0	'TRBV3-1.TRBJ2-3'	1
CSASLPPGQVTDTQYF	1	0.0	0	'TRBV20-1.TRBJ2-3'	1
CASSYWRTPDTQYF	1	0.0	0	'TRBV6-5.TRBJ2-3'	1
CASSQYTGGRNEQFF	1	0.0	0	'TRBV4-3.TRBJ2-1'	1
CAISESQETQYF	1	0.0	0	'TRBV10-3.TRBJ2-5'	1
CASSLIGSGNTIYF	1	0.0	0	'TRBV11-2.TRBJ1-3'	2
CASSFPGTSEGEQFF	1	0.0	0	'TRBV5-1.TRBJ2-1'	1
CASSFGLLMNTEAFF	1	0.0	0	'TRBV28-1.TRBJ1-1'	1
CASRSTSGGAGELFF	1	0.0	0	'TRBV6-1.TRBJ2-2'	1
SGELSYNEQFF	1	0.0	0	'TRBV19-1.TRBJ2-1'	1
CASSLAASGGWEFF	1	0.0	0	'TRBV27-1.TRBJ2-1'	3
CASSTGVNNEQFF	1	0.0	0	'TRBV7-3.TRBJ2-1'	2
CASSQAPGSPALF	1	0.0	0	'TRBV4-1.TRBJ1-2'	9
CASSKEGVPFSYEQYF	1	0.0	0	'TRBV21-1.TRBJ2-7'	1
CASSIQTGAHNEQFF	1	0.0	0	'TRBV19-1.TRBJ2-1'	1
CASSEGGESQPQHF	1	0.0	0	'TRBV19-1.TRBJ1-5'	1
CASSSIPDVGTDEQYF	1	0.0	0	'TRBV7-6.TRBJ2-7'	1
CASTRTWGYNEQFF	1	0.0	0	'TRBV12-3.TRBJ2-1'	1
CASSFPGLQETQYF	1	0.0	0	'TRBV7-6.TRBJ2-5'	2
CASSQTGTGINIQSYEQYF	1	0.0	0	'TRBV4-1.TRBJ2-7'	4
CASSQTTGLHSPLHF	1	0.0	0	'TRBV27-1.TRBJ1-6'	13
CASSQVLLRATGELFF	1	0.0	0	'TRBV4-3.TRBJ2-2'	1
CASSIIGNEQFF	1	0.0	0	'TRBV27-1.TRBJ2-1'	1
CASRLGPGYGYTF	1	0.0	0	'TRBV19-1.TRBJ1-2'	1
CASSLGRELTGELFF	1	0.0	0	'TRBV11-1.TRBJ2-2'	1
CASSISNREAFF	1	0.0	0	'TRBV19-1.TRBJ1-1'	1
CASSDPGGELFF	1	0.0	0	'TRBV3-1.TRBJ2-2'	13
CASSLDRGLGGYTF	1	0.0	0	'TRBV11-2.TRBJ1-2'	2
CASSIDRDRVNTEAFF	1	0.0	0	'TRBV19-1.TRBJ1-1'	1
CASSLGGGFDNEQFF	1	0.0	0	'TRBV5-6.TRBJ2-1'	1
CASYRQGTETQYF	1	0.0	0	'TRBV28-1.TRBJ2-5'	1
CASSPGHQNEKLFF	1	0.0	0	'TRBV6-2.TRBJ1-4'	1
CAISESGDGYGYTF	1	0.0	0	'TRBV10-3.TRBJ1-2'	2
CATGTGEGQPQHF	1	0.0	0	'TRBV2-1.TRBJ1-5'	1
CASSLILRGGEQYF	1	0.0	0	'TRBV28-1.TRBJ2-7'	2
CASSYVFENTEAFF	1	0.0	0	'TRBV7-9.TRBJ1-1'	2
CRPTGQTSNYGYTF	1	0.0	0	'TRBV20-1.TRBJ1-2'	1
CASRGAGLVVSEQYF	1	0.0	0	'TRBV27-1.TRBJ2-7'	18
CASSSGGVDQPQHF	1	0.0	0	'TRBV19-1.TRBJ1-5'	1
CATSGGVGETQYF	1	0.0	0	'TRBV10-2.TRBJ2-5'	1
CASSPGSGTTDTQYF	1	0.0	0	'TRBV4-2.TRBJ2-3'	2
CASSQDRFQGGTEAFF	1	0.0	0	'TRBV4-3.TRBJ1-1'	1
CASSDGQDTQYF	1	0.0	0	'TRBV10-1.TRBJ2-3'	1
CASSLSAGWEQPQHF	1	0.0	0	'TRBV28-1.TRBJ1-5'	2
CASSHSGGAGNQPQHF	1	0.0	0	'TRBV6-6.TRBJ1-5'	1
CASSLRGLLWAGELFF	1	0.0	0	'TRBV27-1.TRBJ2-2'	2
CASSLGLGNEQFF	1	0.0	0	'TRBV7-9.TRBJ2-1'	2
CSANNRGGKTQYF	1	0.0	0	'TRBV20-1.TRBJ2-5'	1
CASSEGIGDTQYF	1	0.0	0	'TRBV6-1.TRBJ2-3'	2
CASSASPSPLYEQYF	1	0.0	0	'TRBV5-5.TRBJ2-7'	1
CASSEIGSGTSEEGYF	1	0.0	0	'TRBV7-9.TRBJ2-4'	1
CASSFGGGRSEAFF	1	0.0	0	'TRBV7-9.TRBJ1-1'	1
CASSEFLNEQFF	1	0.0	0	'TRBV25-1.TRBJ2-1'	1
CASSSKIAGGYNEQFF	1	0.0	0	'TRBV7-3.TRBJ2-1'	2
CASSFEGGTDEQFF	1	0.0	0	'TRBV7-6.TRBJ2-1'	1
CASSLGGTGYTDTQYF	1	0.0	0	'TRBV5-4.TRBJ2-3'	2
CAWRDPQGGGYTF	1	0.0	0	'TRBV30-1.TRBJ1-2'	8
CASSFSGADEQYF	1	0.0	0	'TRBV12-3.TRBJ2-7'	2
CATSSGLAGAWETQYF	1	0.0	0	'TRBV24-1.TRBJ2-5'	1
CAIEPSGTLYNEQFF	1	0.0	0	'TRBV10-3.TRBJ2-1'	1
CASGPGSSYNSPLHF	1	0.0	0	'TRBV28-1.TRBJ1-6'	1
CASSLEREWETQYF	1	0.0	0	'TRBV5-4.TRBJ2-5'	1
CASSPTVGFAGELFF	1	0.0	0	'TRBV4-3.TRBJ2-2'	6
CASSPQDYYGYTF	1	0.0	0	'TRBV19-1.TRBJ1-2'	2
CASSFSQGHSPLHF	1	0.0	0	'TRBV7-9.TRBJ1-6'	1
CASSEVGPGGTQYF	1	0.0	0	'TRBV6-1.TRBJ2-3'	5
CSALLGQLTYEQYF	1	0.0	0	'TRBV20-1.TRBJ2-7'	1
CASSLALTGTTYEQYF	1	0.0	0	'TRBV5-1.TRBJ2-7'	1
CASSRRTGGNNEQFF	1	0.0	0	'TRBV6-2.TRBJ2-1'	1
CSARGGWDTEAFF	1	0.0	0	'TRBV20-1.TRBJ1-1'	12
CASSVENSRVYNEQFF	1	0.0	0	'TRBV2-1.TRBJ2-1'	1
CASSLVGGGNIHEQFF	1	0.0	0	'TRBV7-2.TRBJ2-1'	1
CASSSRLPQETQYF	1	0.0	0	'TRBV13-1.TRBJ2-5'	1
CASSHWGAAGNTIYF	1	0.0	0	'TRBV3-1.TRBJ1-3'	11
CASSLDDRGRGEAFF	1	0.0	0	'TRBV7-6.TRBJ1-1'	1
CASSRTESNSPLHF	1	0.0	0	'TRBV6-2.TRBJ1-6'	2
CASSPWDRRENTIYF	1	0.0	0	'TRBV5-5.TRBJ1-3'	6
CASRGQRDRGTEAFF	1	0.0	0	'TRBV7-2.TRBJ1-1'	2
CASSSSGTGVIWQETQYF	1	0.0	0	'TRBV18-1.TRBJ2-5'	1
CASSRGGLTGETQYF	1	0.0	0	'TRBV3-1.TRBJ2-5'	1
CSATTGGLENTEAFF	1	0.0	0	'TRBV20-1.TRBJ1-1'	1
CATGTGFHEQYF	1	0.0	0	'TRBV28-1.TRBJ2-7'	1
CASEAQGLATGTGELFF	1	0.0	0	'TRBV9-1.TRBJ2-2'	1
CSARDLLAVSSYEQYF	1	0.0	0	'TRBV20-1.TRBJ2-7'	1
CASRQTGGISPLHF	1	0.0	0	'TRBV14-1.TRBJ1-6'	7
CSVEGADLYNEQFF	1	0.0	0	'TRBV29-1.TRBJ2-1'	1
CASIRGQAGQPQHF	1	0.0	0	'TRBV6-9.TRBJ1-5'	1
CASSLDRGGTEAFF	1	0.0	0	'TRBV11-2.TRBJ1-1'	1
CAIKGNPSSGNTIYF	1	0.0	0	'TRBV10-3.TRBJ1-3'	1
CASTIGTGWYEQYF	1	0.0	0	'TRBV2-1.TRBJ2-7'	2
CASGRPYTYEQYF	1	0.0	0	'TRBV19-1.TRBJ2-7'	1
CASSGTSRPNTF	1	0.0	0	'TRBV2-1.TRBJ1-2'	2
CASSIGLAPNEQFF	1	0.0	0	'TRBV27-1.TRBJ2-1'	1
CASSLSWGYEQYF	1	0.0	0	'TRBV27-1.TRBJ2-7'	5
CASSARQGALGEQYF	1	0.0	0	'TRBV2-1.TRBJ2-7'	2
CASSSGQGYGYTF	1	0.0	0	'TRBV12-3.TRBJ1-2'	1
CASRRTGGADNEQFF	1	0.0	0	'TRBV11-2.TRBJ2-1'	1
CASSRSGGGNSPLHF	1	0.0	0	'TRBV18-1.TRBJ1-6'	1
CATSCYQQSRANVLTF	1	0.0	0	'TRBV24-1.TRBJ2-6'	1
CASRGRGYTF	1	0.0	0	'TRBV6-1.TRBJ1-2'	2
CASSQGGTVEKLFF	1	0.0	0	'TRBV4-3.TRBJ1-4'	2
CASSSTAAGGYTF	1	0.0	0	'TRBV27-1.TRBJ1-2'	6
CASSYRGMRGEQYF	1	0.0	0	'TRBV2-1.TRBJ2-7'	1
CASSPRTGSGEQYF	1	0.0	0	'TRBV7-2.TRBJ2-7'	1
CASSRGTGGLTDTQYF	1	0.0	0	'TRBV19-1.TRBJ2-3'	1
CASSWGGADGELFF	1	0.0	0	'TRBV14-1.TRBJ2-2'	1
CASSDRTGNYGYTF	1	0.0	0	'TRBV11-2.TRBJ1-2'	3
CASIPGDSLEAFF	1	0.0	0	'TRBV27-1.TRBJ1-1'	1
CATSRAGAISEQYF	1	0.0	0	'TRBV24-1.TRBJ2-7'	9
CASSLTATTEDLHF	1	0.0	0	'TRBV7-3.TRBJ1-6'	1
CASEGDSYEQYF	1	0.0	0	'TRBV6-2.TRBJ2-7'	3
CASSSTPPGQGYTGELFF	1	0.0	0	'TRBV5-1.TRBJ2-2'	5
CASSYSTQSSYEQYF	1	0.0	0	'TRBV6-6.TRBJ2-7'	1
CSAYPGQGGYTF	1	0.0	0	'TRBV20-1.TRBJ1-2'	1
CASSQDGFSTDTQYF	1	0.0	0	'TRBV4-1.TRBJ2-3'	1
CATSRDRGLHQPQHF	1	0.0	0	'TRBV15-1.TRBJ1-5'	1
CASSPGTGSNQPQHF	1	0.0	0	'TRBV28-1.TRBJ1-5'	3
CASSLNHFTDTQYF	1	0.0	0	'TRBV5-1.TRBJ2-3'	1
CASSSTSEDEQFF	1	0.0	0	'TRBV27-1.TRBJ2-1'	1
CSAEGGTVSGYTF	1	0.0	0	'TRBV29-1.TRBJ1-2'	1
CASSPRERYVPGEQFF	1	0.0	0	'TRBV18-1.TRBJ2-1'	10
CASSYSTGGEAFF	2	0.297472248919	0.297472248919	'TRBV6-2.TRBJ1-1', 'TRBV6-5.TRBJ1-1'	36, 2
CASTSRDRGVPEAFF	1	0.0	0	'TRBV19-1.TRBJ1-1'	2
CASSSAGDNTDTQYF	1	0.0	0	'TRBV28-1.TRBJ2-3'	1
CASSWWGQSTDTQYF	1	0.0	0	'TRBV5-1.TRBJ2-3'	2
CASSYGGQPYGYTF	1	0.0	0	'TRBV6-5.TRBJ1-2'	2
CASSLGGPEAFF	1	0.0	0	'TRBV7-9.TRBJ1-1'	1
CASSQVVAGLGETQYF	1	0.0	0	'TRBV3-1.TRBJ2-5'	9
CASSSYPDALAGPTDTQYF	1	0.0	0	'TRBV11-1.TRBJ2-3'	1
CASSYIEGTDTQYF	1	0.0	0	'TRBV6-2.TRBJ2-3'	1
CASSSGPNYEQYF	1	0.0	0	'TRBV7-6.TRBJ2-7'	2
CATRSGTGATEAFF	1	0.0	0	'TRBV24-1.TRBJ1-1'	1
CASSFMRDSYSPLHF	1	0.0	0	'TRBV27-1.TRBJ1-6'	5
CASSGAGGLNTGELFF	1	0.0	0	'TRBV7-9.TRBJ2-2'	1
CSARVAGVNTGELFF	1	0.0	0	'TRBV20-1.TRBJ2-2'	1
CASSYSWEQFF	1	0.0	0	'TRBV6-6.TRBJ2-1'	2
CASSPLGTDTQYF	1	0.0	0	'TRBV3-1.TRBJ2-3'	1
CASSPTSGSSYNEQFF	1	0.0	0	'TRBV7-9.TRBJ2-1'	3
CASSFGDRGQETQYF	1	0.0	0	'TRBV12-1.TRBJ2-5'	2
RASSFPTVRGGNQPQHF	1	0.0	0	'TRBV7-3.TRBJ1-5'	1
CASSIERLNTGELFF	1	0.0	0	'TRBV19-1.TRBJ2-2'	1
CASSELAGYWETQYF	1	0.0	0	'TRBV2-1.TRBJ2-5'	1
CASSDTIGTLAGELFF	1	0.0	0	'TRBV6-2.TRBJ2-2'	1
CASSLDTSGGPDTQYF	1	0.0	0	'TRBV7-9.TRBJ2-3'	1
CASSQDQGGSGRYTF	1	0.0	0	'TRBV4-3.TRBJ1-2'	1
CASSPQGKSNGYTF	1	0.0	0	'TRBV6-2.TRBJ1-2'	5
CATSDGGLSLGAFF	1	0.0	0	'TRBV24-1.TRBJ1-1'	1
CASSLGIMGGEKLFF	1	0.0	0	'TRBV7-9.TRBJ1-4'	1
CASSLAGGGKTEAFF	1	0.0	0	'TRBV13-1.TRBJ1-1'	1
CASSGRTNTGELFF	1	0.0	0	'TRBV6-1.TRBJ2-2'	1
CASSPPTSGSETQYF	1	0.0	0	'TRBV18-1.TRBJ2-5'	5
CASAPGTLSNQPQHF	1	0.0	0	'TRBV28-1.TRBJ1-5'	1
CASSVTTASTNEKLFF	1	0.0	0	'TRBV9-1.TRBJ1-4'	2
CASSSGASGPYEQYF	1	0.0	0	'TRBV6-5.TRBJ2-7'	1
CASSPLLAVGDNEQFF	1	0.0	0	'TRBV13-1.TRBJ2-1'	2
CASSATGGPYEQYF	1	0.0	0	'TRBV9-1.TRBJ2-7'	3
CASSVSGSYNEQFF	1	0.0	0	'TRBV9-1.TRBJ2-1'	2
CASSRPGQFEAFF	1	0.0	0	'TRBV19-1.TRBJ1-1'	1
CASSQGLVSTEQFF	1	0.0	0	'TRBV19-1.TRBJ2-1'	1
CASSSSGGNQETQYF	1	0.0	0	'TRBV10-2.TRBJ2-5'	1
CASSVVGTDTQYF	1	0.0	0	'TRBV9-1.TRBJ2-3'	2
CASSYPAGPSSGANVLTF	1	0.0	0	'TRBV6-5.TRBJ2-6'	1
CASSQDRAGPQHF	1	0.0	0	'TRBV3-1.TRBJ1-5'	1
CASSQGPGDNYGYTF	1	0.0	0	'TRBV4-3.TRBJ1-2'	1
CASSRGPASNEQFF	1	0.0	0	'TRBV5-6.TRBJ2-1'	1
CASSPTVEAPLCF	1	0.0	0	'TRBV27-1.TRBJ2-7'	2
CASSTDLPFYEQYF	1	0.0	0	'TRBV19-1.TRBJ2-7'	1
CASSQAPADTQYF	1	0.0	0	'TRBV14-1.TRBJ2-3'	1
CASTSSVTEAFF	1	0.0	0	'TRBV7-9.TRBJ1-1'	10
CASSIDLASGYTDTQYF	1	0.0	0	'TRBV19-1.TRBJ2-3'	5
CASSVGGWETQYF	1	0.0	0	'TRBV9-1.TRBJ2-5'	9
CASSPAGLGGGYTF	1	0.0	0	'TRBV28-1.TRBJ1-2'	25
CASSREGMSEQFF	1	0.0	0	'TRBV6-6.TRBJ2-1'	1
CSARGTEYRLNSPLHF	1	0.0	0	'TRBV20-1.TRBJ1-6'	1
CASSSSLTPYTEAFF	2	1.0	1.0	'TRBV6-5.TRBJ1-1', 'TRBV6-6.TRBJ1-1'	1, 1
CASSPTLAKNIQYF	1	0.0	0	'TRBV27-1.TRBJ2-4'	29
CASSIAPLSAGYTF	1	0.0	0	'TRBV19-1.TRBJ1-2'	3
CASRAQGSGNTIYF	1	0.0	0	'TRBV28-1.TRBJ1-3'	2
CASSSQHGGTGELFF	1	0.0	0	'TRBV19-1.TRBJ2-2'	3
CSARFHGYTF	1	0.0	0	'TRBV20-1.TRBJ1-2'	1
CASSLGTGVGGQPQHF	1	0.0	0	'TRBV28-1.TRBJ1-5'	3
CASSFGHSYEQYF	1	0.0	0	'TRBV27-1.TRBJ2-7'	3
CASSLTMQTLEGGVTGELFF	1	0.0	0	'TRBV7-3.TRBJ2-2'	1
CASSWAGTGQETQYF	1	0.0	0	'TRBV5-4.TRBJ2-5'	1
CASSQDLGGLMNTEAFF	1	0.0	0	'TRBV14-1.TRBJ1-1'	1
CASSERTFELAKNIQYF	1	0.0	0	'TRBV6-1.TRBJ2-4'	1
CASSLGLDNEQFF	1	0.0	0	'TRBV7-3.TRBJ2-1'	1
CASSLEQGAYEQYF	1	0.0	0	'TRBV18-1.TRBJ2-7'	1
CASSLVSVGRSGNTIYF	1	0.0	0	'TRBV5-1.TRBJ1-3'	2
CASSSTGGNEQFF	1	0.0	0	'TRBV7-3.TRBJ2-1'	2
CASSAQEVGGQPQHF	1	0.0	0	'TRBV28-1.TRBJ1-5'	3
CASSFRTGNNNSPLHF	1	0.0	0	'TRBV28-1.TRBJ1-6'	2
CASSQQAGTGAYGYTF	1	0.0	0	'TRBV7-9.TRBJ1-2'	2
CASSLGGPGGANVLTF	1	0.0	0	'TRBV11-2.TRBJ2-6'	1
CASSFKTSAGEQYF	1	0.0	0	'TRBV7-2.TRBJ2-7'	2
CASNHYPGQVGTEAFF	1	0.0	0	'TRBV27-1.TRBJ1-1'	5
CASSQDWGGLQETQYF	1	0.0	0	'TRBV4-3.TRBJ2-5'	10
CASSTPGTKRSPEAFF	1	0.0	0	'TRBV6-1.TRBJ1-1'	1
CASKQRGQETQYF	1	0.0	0	'TRBV2-1.TRBJ2-5'	1
CASSLNLRTQYF	1	0.0	0	'TRBV11-2.TRBJ2-5'	1
CASSPDTSYGYTF	1	0.0	0	'TRBV5-6.TRBJ1-2'	2
CASTPGRGVSTDTQYF	1	0.0	0	'TRBV19-1.TRBJ2-3'	1
CAISEGQVNTEAFF	1	0.0	0	'TRBV10-3.TRBJ1-1'	2
CSVKGGPYGYTF	1	0.0	0	'TRBV29-1.TRBJ1-2'	1
CASSSRTPYGPNRNYGYTF	1	0.0	0	'TRBV19-1.TRBJ1-2'	2
CASSLEGAGYNEQFF	1	0.0	0	'TRBV7-8.TRBJ2-1'	5
CASSHGLQGAGGYEQYF	1	0.0	0	'TRBV3-1.TRBJ2-7'	2
CASRGGTNYGYTF	1	0.0	0	'TRBV28-1.TRBJ1-2'	1
CASRMSQGARGYTF	1	0.0	0	'TRBV27-1.TRBJ1-2'	1
CASSPQQTVRSNYGYTF	1	0.0	0	'TRBV6-1.TRBJ1-2'	1
CASSKVGSGGQGSNEQFF	1	0.0	0	'TRBV21-1.TRBJ2-1'	1
CASSYRETAPLHF	1	0.0	0	'TRBV6-5.TRBJ1-6'	2
CSAREGTDGNTIYF	1	0.0	0	'TRBV20-1.TRBJ1-3'	1
CASSSRTGGMDEQYF	1	0.0	0	'TRBV5-1.TRBJ2-7'	2
CASSEDVSADTQYF	1	0.0	0	'TRBV2-1.TRBJ2-3'	1
CASSQGRNGYTF	1	0.0	0	'TRBV16-1.TRBJ1-2'	1
CASSRGDTQYF	1	0.0	0	'TRBV7-8.TRBJ2-3'	1
CASSLSGQTREKLFF	1	0.0	0	'TRBV28-1.TRBJ1-4'	1
CASSAGTGEGYEQYF	1	0.0	0	'TRBV7-3.TRBJ2-7'	4
CASSYEQGMKFF	1	0.0	0	'TRBV27-1.TRBJ2-1'	1
CASSRERQGNYGYTF	1	0.0	0	'TRBV19-1.TRBJ1-2'	1
CASSPGLAGTDTQYF	1	0.0	0	'TRBV27-1.TRBJ2-3'	2
CASSHVAGFYGYTF	1	0.0	0	'TRBV3-1.TRBJ1-2'	2
CASSPRQGDQPQHF	1	0.0	0	'TRBV7-2.TRBJ1-5'	1
CSARIMNTEAFF	1	0.0	0	'TRBV20-1.TRBJ1-1'	1
CASSSPQGAPNQPQHF	1	0.0	0	'TRBV28-1.TRBJ1-5'	1
CASSPAGTGGGGYTF	1	0.0	0	'TRBV14-1.TRBJ1-2'	1
CASSLGAGGSYEQYF	1	0.0	0	'TRBV13-1.TRBJ2-7'	12
CASSLQAGDSPLHF	1	0.0	0	'TRBV5-1.TRBJ1-6'	1
CASSPVGFHEQYF	1	0.0	0	'TRBV7-2.TRBJ2-7'	5
CASSSDSNTEAFF	1	0.0	0	'TRBV5-6.TRBJ1-1'	1
CASSQGLLTDTQYF	1	0.0	0	'TRBV4-2.TRBJ2-3'	28
CASRQGAGELFF	1	0.0	0	'TRBV6-5.TRBJ2-2'	2
CASSQDRLAITDTQYF	1	0.0	0	'TRBV4-1.TRBJ2-3'	1
CASSLPGTDTQYF	1	0.0	0	'TRBV7-6.TRBJ2-3'	3
CASSQDMTVFSYEQYF	1	0.0	0	'TRBV4-1.TRBJ2-7'	1
CASSQDVASGGLGDTQYF	1	0.0	0	'TRBV4-3.TRBJ2-3'	1
CASSPQSGGTEAFF	1	0.0	0	'TRBV9-1.TRBJ1-1'	1
CASSVGIFYEQYF	1	0.0	0	'TRBV7-9.TRBJ2-7'	2
CASSARGDYGYTF	1	0.0	0	'TRBV19-1.TRBJ1-2'	2
CASSELLGYTGELFF	1	0.0	0	'TRBV6-1.TRBJ2-2'	3
CASSLSGTTNYGYTF	1	0.0	0	'TRBV7-2.TRBJ1-2'	1
CAISVRDRGEALTYEQYF	1	0.0	0	'TRBV10-3.TRBJ2-7'	2
CASSVSPGLFYEQYF	1	0.0	0	'TRBV7-9.TRBJ2-7'	2
CASSRSFGGTDTQYF	1	0.0	0	'TRBV6-1.TRBJ2-3'	1
CASSVGQGYGYTF	1	0.0	0	'TRBV12-3.TRBJ1-2'	1
CSARFPNTGELFF	1	0.0	0	'TRBV20-1.TRBJ2-2'	1
CASSYTGGDEQYF	1	0.0	0	'TRBV27-1.TRBJ2-7'	2
CASSQPTGDSNQPQHF	1	0.0	0	'TRBV4-2.TRBJ1-5'	1
CASSISLAGAAYNEQFF	1	0.0	0	'TRBV4-1.TRBJ2-1'	1
CASSLSTNYGYTF	1	0.0	0	'TRBV27-1.TRBJ1-2'	1
CSARDVGQLSNYGYTF	1	0.0	0	'TRBV20-1.TRBJ1-2'	15
CASSWTVSGNTIYF	1	0.0	0	'TRBV7-6.TRBJ1-3'	1
CASSLDVTGGDGYTF	1	0.0	0	'TRBV11-2.TRBJ1-2'	1
CASRGPGLAVEKLFF	1	0.0	0	'TRBV12-3.TRBJ1-4'	1
CASSQGLAGGEQFF	1	0.0	0	'TRBV4-1.TRBJ2-1'	1
CSARLAGEQFF	1	0.0	0	'TRBV29-1.TRBJ2-1'	26
CASSQEGRGGGETQYF	1	0.0	0	'TRBV4-1.TRBJ2-5'	1
CASSLMETEQYF	1	0.0	0	'TRBV7-2.TRBJ2-7'	1
CASSVVPDRGYDGYTF	1	0.0	0	'TRBV9-1.TRBJ1-2'	1
CASSLTLLASSTDTQYF	1	0.0	0	'TRBV7-3.TRBJ2-3'	1
CSARDRKVTEAFF	1	0.0	0	'TRBV20-1.TRBJ1-1'	1
CASSDRPEQYF	1	0.0	0	'TRBV2-1.TRBJ2-7'	4
CASSQGTGPGETQYF	1	0.0	0	'TRBV4-1.TRBJ2-5'	1
CASSPLRGVDEQFF	1	0.0	0	'TRBV18-1.TRBJ2-1'	2
CASSEGVANEKLFF	1	0.0	0	'TRBV2-1.TRBJ1-4'	1
CASSQEKGWGLQNEQFF	1	0.0	0	'TRBV4-2.TRBJ2-1'	1
CASSPIGTSGDEQYF	1	0.0	0	'TRBV7-9.TRBJ2-7'	1
CASSEEGTGGLEAFF	1	0.0	0	'TRBV6-1.TRBJ1-1'	1
CSVSPGTDTEAFF	1	0.0	0	'TRBV29-1.TRBJ1-1'	1
CASSIQLYNEQFF	1	0.0	0	'TRBV19-1.TRBJ2-1'	1
CASSQDIRGNTEAFF	1	0.0	0	'TRBV4-3.TRBJ1-1'	2
CASSADRNRNSPLHF	1	0.0	0	'TRBV5-4.TRBJ1-6'	2
CASSEAAGNTIYF	1	0.0	0	'TRBV25-1.TRBJ1-3'	1
CASSFAVNTGELFF	1	0.0	0	'TRBV11-3.TRBJ2-2'	1
CASSPTSGGWEQYF	1	0.0	0	'TRBV7-8.TRBJ2-7'	1
CASSVVGLAGGRDTQYF	1	0.0	0	'TRBV9-1.TRBJ2-3'	1
CASSLFGGWGYTF	1	0.0	0	'TRBV27-1.TRBJ1-2'	8
CASSVGQTNEKLFF	1	0.0	0	'TRBV9-1.TRBJ1-4'	1
CSATGYGTEAFF	1	0.0	0	'TRBV29-1.TRBJ1-1'	2
CASSLSEISGNTIYF	1	0.0	0	'TRBV3-1.TRBJ1-3'	1
CASSLRGTYSYEQYF	1	0.0	0	'TRBV27-1.TRBJ2-7'	1
CASSEGFSGGEQYF	1	0.0	0	'TRBV19-1.TRBJ2-7'	2
CSANQGGGRLGEAFF	1	0.0	0	'TRBV20-1.TRBJ1-1'	1
CASSGTSGEDTQYF	1	0.0	0	'TRBV5-1.TRBJ2-3'	1
CASSPGTGEVTQYF	1	0.0	0	'TRBV7-9.TRBJ2-5'	2
CATSRGVGYPYEQYF	1	0.0	0	'TRBV15-1.TRBJ2-7'	2
CASSKGSYNEQFF	1	0.0	0	'TRBV21-1.TRBJ2-1'	1
CASSWTVGGEQYF	1	0.0	0	'TRBV27-1.TRBJ2-7'	2
CASSQGAISGEQYF	1	0.0	0	'TRBV4-1.TRBJ2-7'	1
