Pt9_pre_AA	Number_VJ	H_VJ	Hnorm_VJ	VJ	Reads_VJ
CASSLEGGPYEQYF	1	0.0	0	'TRBV5-4.TRBJ2-7'	2
CASSPTLGQNQETQYF	1	0.0	0	'TRBV5-1.TRBJ2-5'	1
CASSAGFYNSPLHF	1	0.0	0	'TRBV2-1.TRBJ1-6'	2
CSVVQGYGYTF	1	0.0	0	'TRBV29-1.TRBJ1-2'	1
CASSRAQLGSTNEKLFF	1	0.0	0	'TRBV28-1.TRBJ1-4'	2
CASRRTSGGAGATQYF	1	0.0	0	'TRBV6-1.TRBJ2-3'	1
CSAGTGGRQPQHF	1	0.0	0	'TRBV20-1.TRBJ1-5'	1
CASSLGRTDTQYF	1	0.0	0	'TRBV7-8.TRBJ2-3'	4
CASSGGTDTQYF	1	0.0	0	'TRBV5-1.TRBJ2-3'	1
CASRETAVNTEAFF	1	0.0	0	'TRBV6-5.TRBJ1-1'	1
CASSLDRLNNSPLHF	1	0.0	0	'TRBV7-2.TRBJ1-6'	1
CASRLAGGNEQYF	1	0.0	0	'TRBV30-1.TRBJ2-7'	1
CAISAGTSGGVVETQYF	1	0.0	0	'TRBV10-3.TRBJ2-5'	1
CASSRNRYRGSSYNEQFF	1	0.0	0	'TRBV12-3.TRBJ2-1'	1
CATSRGASNEQFF	1	0.0	0	'TRBV15-1.TRBJ2-1'	1
CATSSTQGSNYGYTF	1	0.0	0	'TRBV15-1.TRBJ1-2'	1
CASSDYGTGGYTF	1	0.0	0	'TRBV6-1.TRBJ1-2'	1
CASSLRGNTEAFF	1	0.0	0	'TRBV12-3.TRBJ1-1'	1
CASSILAGDNPGELFF	1	0.0	0	'TRBV12-3.TRBJ2-2'	1
CASSAWSGGTDTQYF	1	0.0	0	'TRBV2-1.TRBJ2-3'	3
CASSFYSGGAGEQYF	1	0.0	0	'TRBV7-2.TRBJ2-7'	5
CASSHMIGNEQFF	1	0.0	0	'TRBV4-1.TRBJ2-1'	1
CASSKGGGAPSYNSPLHF	1	0.0	0	'TRBV25-1.TRBJ1-6'	1
CASSASGRQDEQFF	1	0.0	0	'TRBV9-1.TRBJ2-1'	1
CASSLGSGGAGAYNEQFF	1	0.0	0	'TRBV7-6.TRBJ2-1'	1
CASSRGLNQPQHF	1	0.0	0	'TRBV7-2.TRBJ1-5'	1
CASSYYSNQPQHF	1	0.0	0	'TRBV6-6.TRBJ1-5'	2
CASSSGFNSYNEQFF	1	0.0	0	'TRBV6-5.TRBJ2-1'	1
CASSLVWGEAFF	1	0.0	0	'TRBV7-8.TRBJ1-1'	2
CASSLGGVIGTDTQYF	1	0.0	0	'TRBV5-6.TRBJ2-3'	1
CASSHRGTTEAFF	1	0.0	0	'TRBV28-1.TRBJ1-1'	1
CASTRGGYSNQPQHF	1	0.0	0	'TRBV28-1.TRBJ1-5'	4
CASSQVGGSEKLFF	1	0.0	0	'TRBV4-3.TRBJ1-4'	1
CSASSGAYQPQHF	1	0.0	0	'TRBV20-1.TRBJ1-5'	8
CASRVLAGVTDTQYF	1	0.0	0	'TRBV5-1.TRBJ2-3'	3
CASSAGTGGSYEQYF	1	0.0	0	'TRBV4-3.TRBJ2-7'	1
CSARGFRLAGADAQYF	1	0.0	0	'TRBV20-1.TRBJ2-3'	1
CASSLAIGEQGRGSGELFF	1	0.0	0	'TRBV5-1.TRBJ2-2'	1
CASSAIRQETQYF	1	0.0	0	'TRBV2-1.TRBJ2-5'	1
CSAADLRNYEQYF	1	0.0	0	'TRBV20-1.TRBJ2-7'	1
CASQGTFGQPQHF	1	0.0	0	'TRBV6-6.TRBJ1-5'	1
CATSSRDTTGNTIYF	1	0.0	0	'TRBV15-1.TRBJ1-3'	1
CASSIVWNQPQHF	1	0.0	0	'TRBV19-1.TRBJ1-5'	2
CASRPSLGENTEAFF	1	0.0	0	'TRBV6-1.TRBJ1-1'	1
CASTYGDSSNQPQHF	1	0.0	0	'TRBV12-3.TRBJ1-5'	1
CASSHSGGAGNQPQHF	1	0.0	0	'TRBV6-6.TRBJ1-5'	5
CAILHEGGGGYTF	1	0.0	0	'TRBV6-6.TRBJ1-2'	3
CASSSPSRNEQYF	1	0.0	0	'TRBV7-8.TRBJ2-7'	2
CASRGQGFPNEAFF	1	0.0	0	'TRBV5-6.TRBJ1-1'	2
CASSPKTPDGKNIQYF	1	0.0	0	'TRBV3-1.TRBJ2-4'	1
CASSFTSAGEQFF	1	0.0	0	'TRBV27-1.TRBJ2-1'	1
CASSFRGAYNEQFF	1	0.0	0	'TRBV12-3.TRBJ2-1'	1
CASSLAQGEGYTF	1	0.0	0	'TRBV5-4.TRBJ1-2'	1
CASSWNSRGDLNTEAFF	1	0.0	0	'TRBV28-1.TRBJ1-1'	10
CASSVLSGGTTGELFF	1	0.0	0	'TRBV9-1.TRBJ2-2'	1
CSALSGDQETQYF	1	0.0	0	'TRBV20-1.TRBJ2-5'	1
CASSLAGISGANVLTF	1	0.0	0	'TRBV5-1.TRBJ2-6'	2
CASSPGRGREAFF	1	0.0	0	'TRBV5-4.TRBJ1-1'	1
CASSQDRRNYGYTF	1	0.0	0	'TRBV4-3.TRBJ1-2'	1
CASSLAGGKTQYF	1	0.0	0	'TRBV11-2.TRBJ2-5'	1
CASSLRDKQGYTF	1	0.0	0	'TRBV18-1.TRBJ1-2'	1
CASSEHPRGNQPQHF	1	0.0	0	'TRBV6-1.TRBJ1-5'	1
CASSSWGQNYNSPLHF	1	0.0	0	'TRBV6-2.TRBJ1-6'	11
CSGGAANTEAFF	1	0.0	0	'TRBV20-1.TRBJ1-1'	2
CASRLQGADTQYF	1	0.0	0	'TRBV28-1.TRBJ2-3'	33
CASSQNTGGKLFF	1	0.0	0	'TRBV6-6.TRBJ1-4'	1
CASTPASSYNEQFF	1	0.0	0	'TRBV28-1.TRBJ2-1'	1
CASSRGISYNEQFF	1	0.0	0	'TRBV28-1.TRBJ2-1'	1
CASSEAGGRIDTQYF	1	0.0	0	'TRBV3-1.TRBJ2-3'	1
CASRAWAGGPHEQFF	1	0.0	0	'TRBV28-1.TRBJ2-1'	1
CASSQAGASGGLTYEQYF	1	0.0	0	'TRBV14-1.TRBJ2-7'	1
CASSFRTGGFNEQYF	1	0.0	0	'TRBV5-1.TRBJ2-7'	3
CAWSGDGTGAYNEQFF	1	0.0	0	'TRBV30-1.TRBJ2-1'	2
CATSRGIRARRSYNEQFF	1	0.0	0	'TRBV15-1.TRBJ2-1'	1
CASSFTKGRGNTEAFF	1	0.0	0	'TRBV7-8.TRBJ1-1'	2
CASSLNGRTQYF	1	0.0	0	'TRBV7-3.TRBJ2-5'	1
CSAEGLAGAYEQYF	1	0.0	0	'TRBV20-1.TRBJ2-7'	1
CSVVSGENTEAFF	1	0.0	0	'TRBV29-1.TRBJ1-1'	1
CAWSGNRGVNTEAFF	1	0.0	0	'TRBV30-1.TRBJ1-1'	1
CASSRGQGFNQPQHF	1	0.0	0	'TRBV6-2.TRBJ1-5'	1
CSARDGDTGVVEQFF	1	0.0	0	'TRBV20-1.TRBJ2-1'	1
CASSFRQNTEAFF	1	0.0	0	'TRBV7-2.TRBJ1-1'	1
CASSGSGQNQPQHF	1	0.0	0	'TRBV6-1.TRBJ1-5'	1
CASSRTGQGNPGNTIYF	1	0.0	0	'TRBV5-1.TRBJ1-3'	1
CASSVIQTNYGYTF	1	0.0	0	'TRBV6-6.TRBJ1-2'	3
CASSSPMRGGGTEAFF	1	0.0	0	'TRBV7-6.TRBJ1-1'	2
CASSGVTGANVLTF	1	0.0	0	'TRBV2-1.TRBJ2-6'	1
CASSLKRWAMGNTIYF	1	0.0	0	'TRBV28-1.TRBJ1-3'	1
CASSLAAGDYNEQFF	1	0.0	0	'TRBV7-2.TRBJ2-1'	1
CASSVDSGGTGNTIYF	1	0.0	0	'TRBV9-1.TRBJ1-3'	1
CSARVGGQETQYF	1	0.0	0	'TRBV20-1.TRBJ2-5'	1
CAISESLDTGEQYF	1	0.0	0	'TRBV10-3.TRBJ2-7'	2
CASSYGTGANSPLHF	1	0.0	0	'TRBV6-6.TRBJ1-6'	1
CASTRGPGSVEAFF	1	0.0	0	'TRBV19-1.TRBJ1-1'	1
CASSSGLDTGELFF	1	0.0	0	'TRBV7-9.TRBJ2-2'	5
CASSPPSGSTDTQYF	1	0.0	0	'TRBV18-1.TRBJ2-3'	4
PRR	1	0.0	0	'TRBV18-1.TRBJ2-1'	1
CASSLGGPVKSEAFF	1	0.0	0	'TRBV11-1.TRBJ1-1'	2
CASRGGSGANNEQFF	1	0.0	0	'TRBV6-5.TRBJ2-1'	1
CASSSWGTDYGYTF	1	0.0	0	'TRBV11-2.TRBJ1-2'	2
CASSLIAGGGTDTQYF	1	0.0	0	'TRBV7-3.TRBJ2-3'	1
CASSLAGPPETQYF	1	0.0	0	'TRBV5-4.TRBJ2-5'	1
CASSIWVSNQPQHF	1	0.0	0	'TRBV19-1.TRBJ1-5'	1
CASSFARFEAFF	1	0.0	0	'TRBV28-1.TRBJ1-1'	1
CASSLSIRDGQGTQYF	1	0.0	0	'TRBV28-1.TRBJ2-5'	1
CSAGGQGSPNEKLFF	1	0.0	0	'TRBV20-1.TRBJ1-4'	1
RASSLCPPGAANEQFF	1	0.0	0	'TRBV7-3.TRBJ2-1'	3
CASSSRLAGAGAQYF	1	0.0	0	'TRBV7-2.TRBJ2-5'	1
CASSWDRGETQYF	1	0.0	0	'TRBV7-9.TRBJ2-5'	1
CASSVGRDSSYEQYF	1	0.0	0	'TRBV19-1.TRBJ2-7'	1
CASREDRAYEQYF	1	0.0	0	'TRBV5-4.TRBJ2-7'	1
CASSFRHPQETQYF	1	0.0	0	'TRBV5-1.TRBJ2-5'	1
CSVVSSQGFYGYTF	1	0.0	0	'TRBV29-1.TRBJ1-2'	1
CASSARGPYEQYF	1	0.0	0	'TRBV28-1.TRBJ2-7'	1
CSARVQGNNSPLHF	1	0.0	0	'TRBV20-1.TRBJ1-6'	2
CASSNPGQANTEAFF	1	0.0	0	'TRBV6-6.TRBJ1-1'	1
CASSGQGETQYF	1	0.0	0	'TRBV6-5.TRBJ2-5'	1
CASSDRSDLTGGYTF	1	0.0	0	'TRBV5-4.TRBJ1-2'	2
CASGPGDTQYF	1	0.0	0	'TRBV11-2.TRBJ2-3'	3
CASSLGPAGAGGNTIYF	1	0.0	0	'TRBV7-3.TRBJ1-3'	1
CASSWTGAYEQYF	1	0.0	0	'TRBV10-1.TRBJ2-7'	2
CASSPGGNRWSYEQYF	1	0.0	0	'TRBV6-6.TRBJ2-7'	1
CASSPTGNLRNQPQHF	1	0.0	0	'TRBV18-1.TRBJ1-5'	3
CASSQGIQGSQYF	1	0.0	0	'TRBV6-2.TRBJ2-3'	2
CASSAGTSPATQYF	1	0.0	0	'TRBV9-1.TRBJ2-3'	1
CASSSGQGLEAFF	1	0.0	0	'TRBV7-3.TRBJ1-1'	1
CASSDRGHGYEQFF	1	0.0	0	'TRBV19-1.TRBJ2-1'	1
CASSSTGNPYNEQFF	1	0.0	0	'TRBV7-9.TRBJ2-1'	2
CASAASGGQSRFF	1	0.0	0	'TRBV6-5.TRBJ2-1'	1
CASLGGNTIYF	1	0.0	0	'TRBV28-1.TRBJ1-3'	4
CASSPQERGPPYNEQFF	1	0.0	0	'TRBV3-1.TRBJ2-1'	1
CASSEALAGGWEGQFF	1	0.0	0	'TRBV2-1.TRBJ2-1'	1
CASSYSLDTEAFF	1	0.0	0	'TRBV19-1.TRBJ1-1'	1
CASSIPGQGLTFSGANVLTF	1	0.0	0	'TRBV19-1.TRBJ2-6'	2
CAWSPPGGGLGETQYF	1	0.0	0	'TRBV30-1.TRBJ2-5'	1
CASSPDYRATNEQFF	1	0.0	0	'TRBV6-6.TRBJ2-1'	1
CASSLAPGGVYNEQFF	1	0.0	0	'TRBV5-1.TRBJ2-1'	1
CASSLGVSAVNQPQHF	1	0.0	0	'TRBV5-5.TRBJ1-5'	1
CASSYETSPTDTQYF	1	0.0	0	'TRBV5-1.TRBJ2-3'	1
CASSVRQGFEETQYF	1	0.0	0	'TRBV7-9.TRBJ2-5'	1
CASKWDRGGNEQFF	1	0.0	0	'TRBV27-1.TRBJ2-1'	2
CASSPQGTDQPQHF	1	0.0	0	'TRBV28-1.TRBJ1-5'	1
CATSRKSGNPVNEQFF	1	0.0	0	'TRBV15-1.TRBJ2-1'	5
CASSQLWGGSYEQYF	1	0.0	0	'TRBV4-1.TRBJ2-7'	1
CASQVVNTEAFF	1	0.0	0	'TRBV12-3.TRBJ1-1'	1
CASSNGNTIYF	1	0.0	0	'TRBV6-5.TRBJ1-3'	1
CASSEWTGSKGRTEAFF	1	0.0	0	'TRBV25-1.TRBJ1-1'	1
CASSFLPPHTEAFF	1	0.0	0	'TRBV5-5.TRBJ1-1'	1
CASSYWRTEAFF	1	0.0	0	'TRBV6-2.TRBJ1-1'	2
CASTPNLFEAFF	1	0.0	0	'TRBV6-6.TRBJ1-1'	1
CASSSASPIWHHQPQHF	1	0.0	0	'TRBV3-1.TRBJ1-5'	1
CASSLGYNSPLHF	1	0.0	0	'TRBV5-6.TRBJ1-6'	1
CASKEILGNQPQHF	1	0.0	0	'TRBV19-1.TRBJ1-5'	1
CASSDVGTGGGWNQPQHF	1	0.0	0	'TRBV6-1.TRBJ1-5'	2
CASSPGQAYNEQFF	1	0.0	0	'TRBV6-5.TRBJ2-1'	1
CASSVGLAGGYNEQFF	1	0.0	0	'TRBV9-1.TRBJ2-1'	1
CASSLRDGYEQYF	1	0.0	0	'TRBV3-1.TRBJ2-7'	1
CSAYTSADTQYF	1	0.0	0	'TRBV20-1.TRBJ2-3'	1
CASSQAGTVETQYF	1	0.0	0	'TRBV4-2.TRBJ2-5'	1
CASQLTGEETQYF	1	0.0	0	'TRBV5-1.TRBJ2-5'	1
CATSFDRALDYEQYF	1	0.0	0	'TRBV15-1.TRBJ2-7'	2
CASSIHLSGRAEAFF	1	0.0	0	'TRBV19-1.TRBJ1-1'	1
CASSLETGGANMKVYEQYF	1	0.0	0	'TRBV7-9.TRBJ2-7'	1
CASRTGTTTDTQYF	1	0.0	0	'TRBV19-1.TRBJ2-3'	1
CASSLDSPTGLGANVLTF	1	0.0	0	'TRBV5-1.TRBJ2-6'	1
CASRSEREAEQYF	1	0.0	0	'TRBV28-1.TRBJ2-7'	3
CASRIAGSDNEQFF	1	0.0	0	'TRBV5-1.TRBJ2-1'	3
CSAPWSNTEAFF	1	0.0	0	'TRBV20-1.TRBJ1-1'	1
CASSLNLRGTAFF	1	0.0	0	'TRBV7-2.TRBJ1-1'	2
CASSDRTGTYEQYF	1	0.0	0	'TRBV2-1.TRBJ2-7'	3
CASSRHSFNTEAFF	1	0.0	0	'TRBV5-8.TRBJ1-1'	1
CASSSSPDSFLGLFF	1	0.0	0	'TRBV11-2.TRBJ1-4'	1
CASSSTPRAETQYF	1	0.0	0	'TRBV21-1.TRBJ2-5'	1
CASSRDRQTQYF	1	0.0	0	'TRBV3-1.TRBJ2-7'	2
CASSLGGASGGGNEQFF	1	0.0	0	'TRBV13-1.TRBJ2-1'	1
CASTSSRGRGRNTEAFF	1	0.0	0	'TRBV6-1.TRBJ1-1'	2
CASSAGPNYEQYF	1	0.0	0	'TRBV7-6.TRBJ2-7'	1
CASSVEGTLYSSGNTIYF	1	0.0	0	'TRBV9-1.TRBJ1-3'	1
CASSSPDLNNYGYTF	1	0.0	0	'TRBV28-1.TRBJ1-2'	1
CASSPQGVSYEQYF	1	0.0	0	'TRBV5-6.TRBJ2-7'	2
CASSLIQGGTDTQYF	1	0.0	0	'TRBV7-2.TRBJ2-3'	1
CANSGELAGERYF	1	0.0	0	'TRBV10-2.TRBJ2-7'	1
CASSLVRWWGGGHLYEQYF	1	0.0	0	'TRBV11-2.TRBJ2-7'	1
CASSLAGTGLVTEAFF	1	0.0	0	'TRBV5-1.TRBJ1-1'	1
CASSYTVGSTEAFF	1	0.0	0	'TRBV6-6.TRBJ1-1'	1
CASSLTGQGGYGYTF	1	0.0	0	'TRBV7-2.TRBJ1-2'	2
CASSFFAAGGTDTQYF	1	0.0	0	'TRBV19-1.TRBJ2-3'	1
CSARDSSGADTQYF	1	0.0	0	'TRBV20-1.TRBJ2-3'	1
CASSLGTTRNSPLHF	1	0.0	0	'TRBV7-2.TRBJ1-6'	2
CASSLNGGGAETQYF	1	0.0	0	'TRBV7-2.TRBJ2-5'	1
CSTVTGVSNQPQHF	1	0.0	0	'TRBV20-1.TRBJ1-5'	1
CASSRASGGAGYGYTF	1	0.0	0	'TRBV7-9.TRBJ1-2'	4
CASSLNSGGGTDTQYF	1	0.0	0	'TRBV5-1.TRBJ2-3'	2
CSARDRRRLSTDTQYF	1	0.0	0	'TRBV20-1.TRBJ2-3'	1
CASSLDRGRYEQYF	1	0.0	0	'TRBV5-1.TRBJ2-7'	3
CASTEGGSLNSPLHF	1	0.0	0	'TRBV28-1.TRBJ1-6'	2
CATSIGEPTSGGAEETQYF	1	0.0	0	'TRBV15-1.TRBJ2-5'	1
CASSSRGGEQQPQHF	1	0.0	0	'TRBV7-2.TRBJ1-5'	3
CASSPTGPNTEAFF	1	0.0	0	'TRBV12-3.TRBJ1-1'	1
CASREAGTAYEQYF	2	0.0857426825355	0.0857426825355	'TRBV10-2.TRBJ2-7', 'TRBV3-1.TRBJ2-7'	92, 1
CASSFPTGGETNTEAFF	1	0.0	0	'TRBV12-3.TRBJ1-1'	1
CASIPGQDPRGYGYTF	1	0.0	0	'TRBV9-1.TRBJ1-2'	1
CASSRDRPSDTQYF	1	0.0	0	'TRBV5-6.TRBJ2-3'	1
CASSHNYRGSSGNTIYF	1	0.0	0	'TRBV4-3.TRBJ1-3'	1
CASSRDTSYEQYF	1	0.0	0	'TRBV12-3.TRBJ2-7'	1
CASSYYKGPGELFF	1	0.0	0	'TRBV6-5.TRBJ2-2'	2
CASSLMGGPNEQFF	1	0.0	0	'TRBV7-3.TRBJ2-1'	1
CASSLGGMTYEQYF	1	0.0	0	'TRBV3-1.TRBJ2-7'	2
CASSLDTAPYEQYF	1	0.0	0	'TRBV7-8.TRBJ2-7'	4
CASRQSSGNTIYF	1	0.0	0	'TRBV12-3.TRBJ1-3'	2
CSAGGLGLNYGYTF	1	0.0	0	'TRBV20-1.TRBJ1-2'	1
CATSGPEYGYTF	1	0.0	0	'TRBV24-1.TRBJ1-2'	1
CASSTYHLGQPLTYEQYF	1	0.0	0	'TRBV19-1.TRBJ2-7'	1
CASSYFTPGQGSYGYTF	1	0.0	0	'TRBV6-5.TRBJ1-2'	1
CASIGGAYEQYF	1	0.0	0	'TRBV2-1.TRBJ2-7'	7
CASSLDGVIGELFF	1	0.0	0	'TRBV11-2.TRBJ2-2'	1
CASSPWTGPSSYEQYF	1	0.0	0	'TRBV7-2.TRBJ2-7'	1
CSVGDGSYEQYF	1	0.0	0	'TRBV29-1.TRBJ2-7'	1
CASSPRGGSNQPQHF	1	0.0	0	'TRBV7-9.TRBJ1-5'	1
CASSFSVGGTDTQYF	1	0.0	0	'TRBV7-2.TRBJ2-3'	1
CSARDQQGLNEQFF	1	0.0	0	'TRBV20-1.TRBJ2-1'	1
CASSLWGTGGEETQYF	1	0.0	0	'TRBV7-2.TRBJ2-5'	1
CASSLDRGIVNEQFF	1	0.0	0	'TRBV6-5.TRBJ2-1'	1
CSARDRGDSSGNTIYF	1	0.0	0	'TRBV20-1.TRBJ1-3'	1
CAINPGQGQETQYF	1	0.0	0	'TRBV10-3.TRBJ2-5'	2
CASSPKSAGEIYQETQYF	1	0.0	0	'TRBV7-9.TRBJ2-5'	1
CASSLNQYTDTQYF	1	0.0	0	'TRBV5-1.TRBJ2-3'	7
CAISEGNYGYTF	1	0.0	0	'TRBV10-3.TRBJ1-2'	1
CSARGTTGNTIYF	1	0.0	0	'TRBV20-1.TRBJ1-3'	1
CASSLTPGHNEQFF	1	0.0	0	'TRBV7-3.TRBJ2-1'	1
CASSLTGVGDTEAFF	1	0.0	0	'TRBV5-4.TRBJ1-1'	1
CASSVDGGSYNEQFF	1	0.0	0	'TRBV9-1.TRBJ2-1'	6
CASSSGPNYEQYF	1	0.0	0	'TRBV7-6.TRBJ2-7'	1
CASSTGTQNTEAFF	1	0.0	0	'TRBV12-3.TRBJ1-1'	7
CASSSLAGGPHEQFF	1	0.0	0	'TRBV27-1.TRBJ2-1'	1
CASSSQGPSTEAFF	1	0.0	0	'TRBV6-2.TRBJ1-1'	1
CTKSRANVLTF	1	0.0	0	'TRBV1-1.TRBJ2-6'	1
CASSYPTQPQHF	1	0.0	0	'TRBV6-2.TRBJ1-5'	1
CASSPLTQGAGGGAYNEQFF	1	0.0	0	'TRBV14-1.TRBJ2-1'	1
CASSETGRMAVYGYTF	1	0.0	0	'TRBV25-1.TRBJ1-2'	1
CASSLTGVKNGYTF	1	0.0	0	'TRBV7-3.TRBJ1-2'	1
CASSQDRSSGGHEQYF	1	0.0	0	'TRBV3-1.TRBJ2-7'	4
CASSSAQRGTGELFF	1	0.0	0	'TRBV3-1.TRBJ2-2'	1
CASSYHSSDTQYF	1	0.0	0	'TRBV6-6.TRBJ2-3'	1
CASSQALLAGTAYEQYF	1	0.0	0	'TRBV4-1.TRBJ2-7'	1
CASSSGGQDEQFF	1	0.0	0	'TRBV7-3.TRBJ2-1'	1
CSASERPRAGELFF	1	0.0	0	'TRBV20-1.TRBJ2-2'	1
CASSSRTGGFDTQYF	1	0.0	0	'TRBV5-1.TRBJ2-3'	1
CASSSMVGGETQYF	1	0.0	0	'TRBV5-6.TRBJ2-5'	1
CASSDYEQYF	1	0.0	0	'TRBV2-1.TRBJ2-7'	4
CASSFSGGAETQYF	1	0.0	0	'TRBV9-1.TRBJ2-5'	2
CASSKTTGMGQPQHF	1	0.0	0	'TRBV6-2.TRBJ1-5'	1
CASSYSATSYEQYF	1	0.0	0	'TRBV6-2.TRBJ2-7'	1
CASSDRGAGELFF	1	0.0	0	'TRBV10-2.TRBJ2-2'	3
CSSLDGDGYTF	1	0.0	0	'TRBV29-1.TRBJ1-2'	2
CASSSNLIIQYF	1	0.0	0	'TRBV27-1.TRBJ2-4'	1
CASSGRASYEQYF	1	0.0	0	'TRBV7-8.TRBJ2-7'	1
CASSEPSGRIYEQYF	1	0.0	0	'TRBV10-2.TRBJ2-7'	2
CASSRTSGGSSEQYF	1	0.0	0	'TRBV6-1.TRBJ2-7'	1
CASSFGVGENTEAFF	1	0.0	0	'TRBV5-1.TRBJ1-1'	2
CASSLAGVNYEQYF	1	0.0	0	'TRBV7-9.TRBJ2-7'	1
CASSEVLWDGYTF	1	0.0	0	'TRBV6-1.TRBJ1-2'	2
CASSGRGGQYF	1	0.0	0	'TRBV2-1.TRBJ2-7'	2
CAISPGGRYEQYF	1	0.0	0	'TRBV10-3.TRBJ2-7'	2
CASSPPPPGEVTEAFF	1	0.0	0	'TRBV23-1.TRBJ1-1'	2
CSAQGQGETEAFF	1	0.0	0	'TRBV20-1.TRBJ1-1'	1
CASSLEGASSYNSPLHF	1	0.0	0	'TRBV18-1.TRBJ1-6'	2
CASRGQQLGQGPYTDTQYF	1	0.0	0	'TRBV7-2.TRBJ2-3'	1
CASSSGQSPNEKLFF	1	0.0	0	'TRBV5-1.TRBJ1-4'	1
CASSPEQGYTEAFF	1	0.0	0	'TRBV18-1.TRBJ1-1'	1
CASSATGYEQYF	1	0.0	0	'TRBV9-1.TRBJ2-7'	1
CAISESQASGDNNEQFF	1	0.0	0	'TRBV10-3.TRBJ2-1'	1
CATVTGNTEAFF	1	0.0	0	'TRBV6-2.TRBJ1-1'	3
CASSHPEPLGYGYTF	1	0.0	0	'TRBV18-1.TRBJ1-2'	2
CASSRRSGELFF	1	0.0	0	'TRBV28-1.TRBJ2-2'	1
CASSYLARGGAKTQYF	1	0.0	0	'TRBV6-5.TRBJ2-5'	1
CASSKVTGCGLAGVPPSTDTQYF	1	0.0	0	'TRBV21-1.TRBJ2-3'	1
CASSPSRHKKETQYF	1	0.0	0	'TRBV28-1.TRBJ2-5'	1
CASSKMEDTEAFF	1	0.0	0	'TRBV7-9.TRBJ1-1'	1
CASSLGGSSGDQETQYF	1	0.0	0	'TRBV5-1.TRBJ2-5'	1
CSAMGLNSYNEQFF	1	0.0	0	'TRBV20-1.TRBJ2-1'	1
CASSTQGANYGYTF	1	0.0	0	'TRBV9-1.TRBJ1-2'	1
CASTGGTAPGDTQYF	1	0.0	0	'TRBV19-1.TRBJ2-3'	1
CASSRGARTDTQYF	1	0.0	0	'TRBV10-2.TRBJ2-3'	1
CASSLVQGYNEQFF	1	0.0	0	'TRBV12-3.TRBJ2-1'	2
CASSLEGSSPLHF	1	0.0	0	'TRBV7-2.TRBJ1-6'	2
CASSRGRIEQYF	1	0.0	0	'TRBV14-1.TRBJ2-7'	13
CASSPTPGQAYEQYF	1	0.0	0	'TRBV7-9.TRBJ2-7'	4
CASSEALGAHEKLFF	1	0.0	0	'TRBV6-1.TRBJ1-4'	1
CAIGGGPEAFF	1	0.0	0	'TRBV10-3.TRBJ1-1'	1
CASSPPSAGTDTQYF	1	0.0	0	'TRBV18-1.TRBJ2-3'	1
CASSLRGARNSPLHF	1	0.0	0	'TRBV28-1.TRBJ1-6'	6
CASSLPRGPQHF	1	0.0	0	'TRBV28-1.TRBJ1-5'	1
CSASPRGGARTDTQYF	1	0.0	0	'TRBV20-1.TRBJ2-3'	1
CASSQKDNSPLHF	1	0.0	0	'TRBV6-2.TRBJ1-6'	1
CASSLGQRQETQYF	1	0.0	0	'TRBV11-1.TRBJ2-5'	1
CASSVNYRGSSGNTIYF	1	0.0	0	'TRBV4-3.TRBJ1-3'	1
CSARSGSRGNQPQHF	1	0.0	0	'TRBV20-1.TRBJ1-5'	1
CAFAWRNTGELFF	1	0.0	0	'TRBV28-1.TRBJ2-2'	1
CASSPGTGMRANEKLFF	1	0.0	0	'TRBV18-1.TRBJ1-4'	1
CASSYSQIWDEKLFF	1	0.0	0	'TRBV6-2.TRBJ1-4'	1
CASSQERRLAGLGYEQYF	1	0.0	0	'TRBV3-1.TRBJ2-7'	2
CASSPRGLGTGELFF	1	0.0	0	'TRBV28-1.TRBJ2-2'	4
CASSLASGGISEQYF	1	0.0	0	'TRBV12-3.TRBJ2-7'	1
CASSQEPSEGRLSSPLHF	1	0.0	0	'TRBV4-1.TRBJ1-6'	1
CASSVWTGKAYNEQFF	1	0.0	0	'TRBV5-1.TRBJ2-1'	1
CAWSRGSVRNTEAFF	1	0.0	0	'TRBV30-1.TRBJ1-1'	1
CASSVEDNYGYTF	1	0.0	0	'TRBV9-1.TRBJ1-2'	1
CASSGRYTSIGNEQFF	1	0.0	0	'TRBV6-1.TRBJ2-1'	1
CASTDRGYNEQFF	1	0.0	0	'TRBV6-1.TRBJ2-1'	1
CAISSGKSSGNTIYF	1	0.0	0	'TRBV10-3.TRBJ1-3'	1
CASAGPGETQYF	1	0.0	0	'TRBV3-1.TRBJ2-5'	1
CATSDPTRYEQYF	1	0.0	0	'TRBV24-1.TRBJ2-7'	11
CASSSQGSYEQYF	1	0.0	0	'TRBV7-6.TRBJ2-7'	1
CASSFRGTGELFF	1	0.0	0	'TRBV28-1.TRBJ2-2'	15
CASSQAGTLTREQYF	1	0.0	0	'TRBV4-1.TRBJ2-7'	2
CASSWGRGGVEAFF	1	0.0	0	'TRBV27-1.TRBJ1-1'	1
CASSPVGASGGDVRYEQYF	1	0.0	0	'TRBV3-1.TRBJ2-7'	4
CASSRRGVTEAFF	1	0.0	0	'TRBV28-1.TRBJ1-1'	7
CASSFAGTGNEQFF	1	0.0	0	'TRBV12-3.TRBJ2-1'	1
CASSRDPEVYYNSPLHF	1	0.0	0	'TRBV19-1.TRBJ1-6'	1
CASSVGTIGHNEQFF	1	0.0	0	'TRBV9-1.TRBJ2-1'	1
CASSLRTQAYGYTF	1	0.0	0	'TRBV6-5.TRBJ1-2'	1
CASSTRTGARSPLHF	1	0.0	0	'TRBV7-2.TRBJ1-6'	1
CASSGTGGIPQQYF	1	0.0	0	'TRBV9-1.TRBJ2-7'	2
CASSLMGNPTFF	1	0.0	0	'TRBV10-1.TRBJ1-1'	2
CASSLRTSGGTQDTQYF	1	0.0	0	'TRBV28-1.TRBJ2-3'	1
CASSSTVTGTGSIEQYF	1	0.0	0	'TRBV7-9.TRBJ2-7'	2
CAISESRGNTEAFF	1	0.0	0	'TRBV10-3.TRBJ1-1'	2
CASSYSLTGPSTDTQYF	1	0.0	0	'TRBV6-5.TRBJ2-3'	1
CSAEESGLYEQYF	1	0.0	0	'TRBV20-1.TRBJ2-7'	1
CASSLGGATLEQFF	1	0.0	0	'TRBV27-1.TRBJ2-1'	1
CASSPTGINGYTF	1	0.0	0	'TRBV7-2.TRBJ1-2'	2
CASSYGIGKTQYF	1	0.0	0	'TRBV27-1.TRBJ2-5'	2
CSVRLPTSGGVQQQFF	1	0.0	0	'TRBV29-1.TRBJ2-1'	1
CASSLVASGGAEQYF	1	0.0	0	'TRBV7-8.TRBJ2-7'	3
CASSPGGLAGGPLGEQYF	1	0.0	0	'TRBV5-1.TRBJ2-7'	1
CASNRQGKSYGYTF	1	0.0	0	'TRBV6-2.TRBJ1-2'	1
CASSPPYEQYF	1	0.0	0	'TRBV5-1.TRBJ2-7'	1
CSARYTGLPTANTGELFF	1	0.0	0	'TRBV20-1.TRBJ2-2'	1
CASSLVLQYGPRSGANVLTF	1	0.0	0	'TRBV7-9.TRBJ2-6'	4
CAISEEWGNNQPQHF	1	0.0	0	'TRBV10-3.TRBJ1-5'	1
CASGSTGRRQPQHF	1	0.0	0	'TRBV19-1.TRBJ1-5'	3
CASKGQYNEQFF	1	0.0	0	'TRBV19-1.TRBJ2-1'	1
CASSTLEGADSPLHF	1	0.0	0	'TRBV19-1.TRBJ1-6'	3
CSARDLTGGSKNIQYF	1	0.0	0	'TRBV20-1.TRBJ2-4'	1
CASSAGRGKDEQYF	1	0.0	0	'TRBV25-1.TRBJ2-7'	2
CASSIFPRTLNTEAFF	1	0.0	0	'TRBV19-1.TRBJ1-1'	1
CSVEEDEGIYGYTF	1	0.0	0	'TRBV29-1.TRBJ1-2'	4
CASSAQRGGQETQYF	1	0.0	0	'TRBV2-1.TRBJ2-5'	1
CASSLPSSTNEQFF	1	0.0	0	'TRBV4-2.TRBJ2-1'	1
CASSQNNSPLHF	1	0.0	0	'TRBV13-1.TRBJ1-6'	1
CASTSGGPGELFF	1	0.0	0	'TRBV25-1.TRBJ2-2'	1
CASSPGVGSGDEQYF	1	0.0	0	'TRBV5-6.TRBJ2-7'	1
CASSFLAKGDGQPQHF	1	0.0	0	'TRBV28-1.TRBJ1-5'	1
CSARVGTEKLFF	1	0.0	0	'TRBV20-1.TRBJ1-4'	1
CASSLLAAGGHTYEQYF	1	0.0	0	'TRBV27-1.TRBJ2-7'	1
CAISEVGQGAYEQYF	1	0.0	0	'TRBV10-3.TRBJ2-7'	1
CASRYPTSTLPDTQYF	1	0.0	0	'TRBV2-1.TRBJ2-3'	1
CASSLGEIYEQYF	1	0.0	0	'TRBV28-1.TRBJ2-7'	1
CASSSTGIATNEKLFF	1	0.0	0	'TRBV19-1.TRBJ1-4'	1
RASSPRTGGDQPQHF	1	0.0	0	'TRBV7-3.TRBJ1-5'	3
CASSSDPSYEQYF	1	0.0	0	'TRBV5-1.TRBJ2-7'	3
CASSPTVAAEAFF	2	0.047624942129	0.047624942129	'TRBV27-1.TRBJ1-1', 'TRBV28-1.TRBJ1-1'	188, 1
CASSLASYEQYF	1	0.0	0	'TRBV7-9.TRBJ2-7'	1
CASSNQGRSGYTF	1	0.0	0	'TRBV12-3.TRBJ1-2'	1
CAPRKGHWENIQYF	1	0.0	0	'TRBV6-8.TRBJ2-4'	1
CASRTGQGVSNEQFF	1	0.0	0	'TRBV19-1.TRBJ2-1'	1
CASSVGQTPTDTQYF	1	0.0	0	'TRBV19-1.TRBJ2-3'	1
CSVLPTGGYTF	1	0.0	0	'TRBV20-1.TRBJ1-2'	2
CASSLQGTGFNYGYTF	1	0.0	0	'TRBV28-1.TRBJ1-2'	2
CASSLRGVYGYTF	1	0.0	0	'TRBV28-1.TRBJ1-2'	1
CASSPRPSGPDTQYF	1	0.0	0	'TRBV9-1.TRBJ2-3'	1
CASSLRGGYEQYF	1	0.0	0	'TRBV7-9.TRBJ2-7'	2
CASSWAQTGYTF	1	0.0	0	'TRBV5-8.TRBJ1-2'	1
CSARGRLDNQPQHF	1	0.0	0	'TRBV20-1.TRBJ1-5'	2
CASSLGIPLLGEQFF	1	0.0	0	'TRBV28-1.TRBJ2-1'	1
CASGTGGKSIQYF	2	0.439496986922	0.439496986922	'TRBV6-5.TRBJ2-4', 'TRBV6-2.TRBJ2-4'	10, 1
CSARGLSNQPQHF	1	0.0	0	'TRBV20-1.TRBJ1-5'	1
CASSEELNQPQHF	1	0.0	0	'TRBV7-2.TRBJ1-5'	8
CSVDKGNGNTIYF	1	0.0	0	'TRBV29-1.TRBJ1-3'	1
CATSGQGRETQYF	1	0.0	0	'TRBV19-1.TRBJ2-5'	1
CASSRATGSEQFF	1	0.0	0	'TRBV7-8.TRBJ2-1'	1
CASSSNRDGLNSPLHF	1	0.0	0	'TRBV13-1.TRBJ1-6'	1
CSASRGGLDTEAFF	1	0.0	0	'TRBV20-1.TRBJ1-1'	1
CASSLEQSNYGYTF	1	0.0	0	'TRBV7-9.TRBJ1-2'	2
CASSHMWVLQSRANVLTF	1	0.0	0	'TRBV6-2.TRBJ2-6'	1
CASSIQLREAFF	1	0.0	0	'TRBV6-1.TRBJ1-1'	1
CASSPTGQLNTEAFF	1	0.0	0	'TRBV12-3.TRBJ1-1'	1
CASSVNTGGALEQFF	1	0.0	0	'TRBV9-1.TRBJ2-1'	1
CASSLVQGAATNEKLFF	1	0.0	0	'TRBV7-9.TRBJ1-4'	1
CSASQDRAESSYNSPLHF	1	0.0	0	'TRBV20-1.TRBJ1-6'	1
CASSYTPGRKSSYEQYF	1	0.0	0	'TRBV6-2.TRBJ2-7'	1
CSVLAGRQVGVSYEQYF	1	0.0	0	'TRBV29-1.TRBJ2-7'	1
CASSPKTGTNEKLFF	1	0.0	0	'TRBV7-2.TRBJ1-4'	1
CASRDPGGADTQYF	1	0.0	0	'TRBV6-1.TRBJ2-3'	2
CASSTRFGTLQEAQYF	1	0.0	0	'TRBV12-3.TRBJ2-5'	2
CASSLGQGVYGYTF	1	0.0	0	'TRBV5-6.TRBJ1-2'	1
CASSITYGDYEQYF	1	0.0	0	'TRBV19-1.TRBJ2-7'	4
CASSVVGGIHQPQHF	1	0.0	0	'TRBV27-1.TRBJ1-5'	1
CASSPSVGGQAGYTF	1	0.0	0	'TRBV7-9.TRBJ1-2'	1
CASTETGFTEAFF	1	0.0	0	'TRBV6-5.TRBJ1-1'	2
CSLRTSVYEQYF	1	0.0	0	'TRBV20-1.TRBJ2-7'	1
CASSREFPTGELFF	1	0.0	0	'TRBV7-9.TRBJ2-2'	1
CASSYWGVKANEQFF	1	0.0	0	'TRBV6-5.TRBJ2-1'	2
CASSPGGQGKSSYNEQFF	1	0.0	0	'TRBV18-1.TRBJ2-1'	1
CAISDPGQGTTEAFF	1	0.0	0	'TRBV10-3.TRBJ1-1'	1
CASSQAPRTSYEQYF	1	0.0	0	'TRBV3-1.TRBJ2-7'	3
CASSFTSGGGDTQYF	1	0.0	0	'TRBV6-6.TRBJ2-3'	1
CASSLELAGGRDTQYF	1	0.0	0	'TRBV5-5.TRBJ2-3'	1
CASSVGGPNQPQHF	1	0.0	0	'TRBV9-1.TRBJ1-5'	4
CASSPPTGSYEQYF	2	0.133039648611	0.133039648611	'TRBV7-9.TRBJ2-7', 'TRBV7-5.TRBJ2-7'	53, 1
CASSQDRGQGETQYF	1	0.0	0	'TRBV4-1.TRBJ2-5'	1
CASRKGGTGELFF	1	0.0	0	'TRBV7-9.TRBJ2-2'	1
CASSFQTLQYF	1	0.0	0	'TRBV27-1.TRBJ2-3'	1
CASSVFLLPGLAGAGELFF	1	0.0	0	'TRBV7-8.TRBJ2-2'	1
CASSLAVTDIFEQYF	1	0.0	0	'TRBV5-5.TRBJ2-7'	2
CASTRDTYGEQYF	1	0.0	0	'TRBV28-1.TRBJ2-7'	1
CASSEVGGGNQPQHF	1	0.0	0	'TRBV6-1.TRBJ1-5'	2
CASSLEPYRGRPATNEKLFF	1	0.0	0	'TRBV7-2.TRBJ1-4'	1
CAWSVSLGGGSYNEQFF	1	0.0	0	'TRBV30-1.TRBJ2-1'	1
CASSQDGGNTEAFF	1	0.0	0	'TRBV3-1.TRBJ1-1'	3
CATSRDRGGTNEKLFF	1	0.0	0	'TRBV15-1.TRBJ1-4'	1
CASSTGTGPGGQPQHF	1	0.0	0	'TRBV19-1.TRBJ1-5'	5
CASSLTDSKETQYF	1	0.0	0	'TRBV28-1.TRBJ2-5'	1
CASSEDGLGPQHF	1	0.0	0	'TRBV7-3.TRBJ1-5'	1
CASSLMLIGSYNEQFF	1	0.0	0	'TRBV7-8.TRBJ2-1'	1
CASSLSGKTEAFF	1	0.0	0	'TRBV5-1.TRBJ1-1'	1
CASSLNTGDTGELFF	1	0.0	0	'TRBV11-2.TRBJ2-2'	1
CASSTGNGETQYF	1	0.0	0	'TRBV5-1.TRBJ2-5'	1
CSPIRGKETQYF	1	0.0	0	'TRBV20-1.TRBJ2-5'	1
CASSPRGADLYEQYF	1	0.0	0	'TRBV9-1.TRBJ2-7'	2
CASCDVGTGGGWNQPQHF	1	0.0	0	'TRBV6-1.TRBJ1-5'	1
CASRLGQGRADTQYF	1	0.0	0	'TRBV28-1.TRBJ2-3'	1
CASSIGQSTDTQYF	1	0.0	0	'TRBV19-1.TRBJ2-3'	1
CASSFQRGVGREQYF	1	0.0	0	'TRBV5-4.TRBJ2-7'	1
CASSLGGTGNTGELFF	1	0.0	0	'TRBV12-3.TRBJ2-2'	1
CASSPWLAGGLPWGNEQFF	1	0.0	0	'TRBV3-1.TRBJ2-1'	1
CASSPQHTGVAKNIQYF	1	0.0	0	'TRBV5-1.TRBJ2-4'	3
CASSEGAVRTGELFF	1	0.0	0	'TRBV10-1.TRBJ2-2'	1
CASSYSTQGVPHNEQFF	1	0.0	0	'TRBV6-5.TRBJ2-1'	2
CASSPTGQTSSYEQYF	1	0.0	0	'TRBV19-1.TRBJ2-7'	2
CASNLHQGSYNEQFF	1	0.0	0	'TRBV2-1.TRBJ2-1'	1
CASSDSPGNSPLHF	1	0.0	0	'TRBV6-4.TRBJ1-6'	6
CASSEQGRNTGELFF	1	0.0	0	'TRBV6-1.TRBJ2-2'	1
CASSLRQGDEKLFF	1	0.0	0	'TRBV28-1.TRBJ1-4'	1
CASSESPPSGANVLTF	1	0.0	0	'TRBV10-2.TRBJ2-6'	5
CASSRTGAYSGANVLTF	1	0.0	0	'TRBV28-1.TRBJ2-6'	1
CASSVGGAVNTEAFF	1	0.0	0	'TRBV9-1.TRBJ1-1'	1
CASSQEVRGNSPLHF	1	0.0	0	'TRBV3-1.TRBJ1-6'	3
CASSQDVLGSPQHF	1	0.0	0	'TRBV4-1.TRBJ1-5'	2
CSAGRAGPHGEQYF	1	0.0	0	'TRBV20-1.TRBJ2-7'	1
CASSDLGGGEGHDTEAFF	1	0.0	0	'TRBV6-4.TRBJ1-1'	1
CASKKYSNQPQHF	1	0.0	0	'TRBV25-1.TRBJ1-5'	2
CASSPTGGSNYGYTF	1	0.0	0	'TRBV3-1.TRBJ1-2'	2
CASSPLERGSTDTQYF	1	0.0	0	'TRBV18-1.TRBJ2-3'	1
CASSAGTGEGYEQYF	1	0.0	0	'TRBV7-3.TRBJ2-7'	2
CASSLEGMRELFF	1	0.0	0	'TRBV5-6.TRBJ2-2'	1
CASSPQSWGSEAFF	1	0.0	0	'TRBV28-1.TRBJ1-1'	1
CASSYRGGNTIYF	1	0.0	0	'TRBV27-1.TRBJ1-3'	11
CASSLSGANTEAFF	1	0.0	0	'TRBV5-1.TRBJ1-1'	1
CASSTGTGPEQYF	1	0.0	0	'TRBV12-3.TRBJ2-7'	1
CASSYPYGGLGTEAFF	1	0.0	0	'TRBV6-2.TRBJ1-1'	1
CASSSDTGGDEQYF	1	0.0	0	'TRBV7-9.TRBJ2-7'	1
CASSLTGANTEAFF	1	0.0	0	'TRBV6-1.TRBJ1-1'	1
CAISESGASGDHNEQFF	1	0.0	0	'TRBV10-3.TRBJ2-1'	1
CATAPYSTGGGMGYTF	1	0.0	0	'TRBV10-2.TRBJ1-2'	1
CASTSLDTQYF	1	0.0	0	'TRBV7-9.TRBJ2-3'	1
CSASKSSRGGEQYF	1	0.0	0	'TRBV20-1.TRBJ2-7'	1
CSAFGSGGLRETQYF	1	0.0	0	'TRBV20-1.TRBJ2-5'	1
CASGVKNSTGAYGYTF	1	0.0	0	'TRBV3-1.TRBJ1-2'	1
CASSSVMGGDAPYEQYF	1	0.0	0	'TRBV11-2.TRBJ2-7'	1
CASSRGGGEQYF	1	0.0	0	'TRBV3-1.TRBJ2-7'	1
CASSSRTGGSTDTQYF	1	0.0	0	'TRBV7-2.TRBJ2-3'	1
CASSFYGQMNTEAFF	1	0.0	0	'TRBV7-9.TRBJ1-1'	1
CASSQGPQVGSYEQYF	1	0.0	0	'TRBV3-1.TRBJ2-7'	2
CASRKTGLAVQETQYF	1	0.0	0	'TRBV6-6.TRBJ2-5'	1
CASSPGTGTYNEQFF	1	0.0	0	'TRBV18-1.TRBJ2-1'	3
CASSESTGPYGYTF	1	0.0	0	'TRBV2-1.TRBJ1-2'	2
CASSLEAENEQFF	1	0.0	0	'TRBV7-2.TRBJ2-1'	2
CASSQGASGLAALDEQFF	1	0.0	0	'TRBV14-1.TRBJ2-1'	1
CASSVGTRRGSSYNEQFF	1	0.0	0	'TRBV2-1.TRBJ2-1'	1
CASRWGATNEKLFF	1	0.0	0	'TRBV12-3.TRBJ1-4'	1
CASSLEGGASNEQFF	1	0.0	0	'TRBV5-4.TRBJ2-1'	2
CASSPRRVAGGLKQETQYF	1	0.0	0	'TRBV7-9.TRBJ2-5'	3
CASSRRTNEKLFF	1	0.0	0	'TRBV19-1.TRBJ1-4'	1
CASSFDRGDQPQHF	1	0.0	0	'TRBV6-1.TRBJ1-5'	1
CASTKPTGRTYEQYF	1	0.0	0	'TRBV7-9.TRBJ2-7'	1
CASSYRRTGESTDTQYF	1	0.0	0	'TRBV28-1.TRBJ2-3'	1
CASSINPSNQPQHF	1	0.0	0	'TRBV19-1.TRBJ1-5'	6
CASSSPSVSGGATSYNEQFF	1	0.0	0	'TRBV12-3.TRBJ2-1'	1
CASSEMGTQSGDTQYF	1	0.0	0	'TRBV2-1.TRBJ2-3'	1
CASSQDELGGNHEQYF	1	0.0	0	'TRBV4-3.TRBJ2-7'	1
CASSFRGTAPLHF	1	0.0	0	'TRBV28-1.TRBJ1-6'	117
CSARDGDSGGDSGEQFF	1	0.0	0	'TRBV20-1.TRBJ2-1'	2
CASSLYAGGTQETQYF	1	0.0	0	'TRBV7-9.TRBJ2-5'	2
CAWSVHWGKETQYF	1	0.0	0	'TRBV30-1.TRBJ2-5'	3
CASSYTGATETQYF	1	0.0	0	'TRBV6-6.TRBJ2-5'	1
CAWGDFKNIQYF	1	0.0	0	'TRBV30-1.TRBJ2-4'	1
CAWSTEGYFGYTF	1	0.0	0	'TRBV30-1.TRBJ1-2'	1
CASSSGQKLGLSAYEQYF	1	0.0	0	'TRBV12-3.TRBJ2-7'	5
CASSLSGQGSTEAFF	1	0.0	0	'TRBV7-2.TRBJ1-1'	1
CASSQNPPSGPQHF	1	0.0	0	'TRBV28-1.TRBJ1-5'	2
CASSEQDQETQYF	1	0.0	0	'TRBV5-1.TRBJ2-5'	4
CASSVGTSQPQHF	1	0.0	0	'TRBV11-2.TRBJ1-5'	1
CASSQDQTIQYF	1	0.0	0	'TRBV4-1.TRBJ2-4'	1
CASSLDGSDTQYF	1	0.0	0	'TRBV5-1.TRBJ2-3'	1
CASSPPLGSPLHF	1	0.0	0	'TRBV6-2.TRBJ1-6'	1
CASSLQLSGAGELFF	1	0.0	0	'TRBV11-2.TRBJ2-2'	1
CASREAGVDYGYTF	1	0.0	0	'TRBV19-1.TRBJ1-2'	14
CASSSSGGRQETQYF	1	0.0	0	'TRBV5-1.TRBJ2-5'	1
CSVKGQVISTEAFF	1	0.0	0	'TRBV20-1.TRBJ1-1'	1
CSAMTSANNEQFF	1	0.0	0	'TRBV20-1.TRBJ2-1'	1
CASSPKALPGQNHNEQFF	1	0.0	0	'TRBV6-1.TRBJ2-1'	1
CASKVPRDTGELFF	1	0.0	0	'TRBV6-2.TRBJ2-2'	2
CASSFGSYGYTF	1	0.0	0	'TRBV28-1.TRBJ1-2'	1
CASSVAVEGEAFF	1	0.0	0	'TRBV9-1.TRBJ1-1'	1
CASNPTTDNYGYTF	1	0.0	0	'TRBV19-1.TRBJ1-2'	4
CSARAPAEPPGTQYF	1	0.0	0	'TRBV20-1.TRBJ2-5'	2
CSARGPGIRSYEQYF	1	0.0	0	'TRBV20-1.TRBJ2-7'	4
CASSYDLQASPRELFF	1	0.0	0	'TRBV6-5.TRBJ2-2'	1
CASGISGSGYTF	1	0.0	0	'TRBV12-5.TRBJ1-2'	1
CASSLSTRRDTQYF	1	0.0	0	'TRBV2-1.TRBJ2-3'	1
CASRWAQTRSYEQYF	1	0.0	0	'TRBV6-2.TRBJ2-7'	4
CSARDENLGAEAFF	1	0.0	0	'TRBV20-1.TRBJ1-1'	9
CSVETTTTQFF	1	0.0	0	'TRBV29-1.TRBJ2-1'	1
CASSEALWGSGWYTEAFF	1	0.0	0	'TRBV2-1.TRBJ1-1'	1
CASSPSPGGPGEQYF	1	0.0	0	'TRBV5-1.TRBJ2-7'	1
CASSLGDLAYEQYF	1	0.0	0	'TRBV5-6.TRBJ2-7'	9
CASSLGVFQPQHF	1	0.0	0	'TRBV7-6.TRBJ1-5'	9
CASSSHFGAAGTQYF	1	0.0	0	'TRBV6-8.TRBJ2-5'	1
CASSWFSSGQGNTGELFF	1	0.0	0	'TRBV7-9.TRBJ2-2'	1
CASSLGTEYNSPLHF	1	0.0	0	'TRBV7-9.TRBJ1-6'	2
CASSADRTGFYEQYF	1	0.0	0	'TRBV2-1.TRBJ2-7'	2
CASSLGGPDTGELFF	1	0.0	0	'TRBV5-4.TRBJ2-2'	1
CASSQDEQGVSPLHF	1	0.0	0	'TRBV4-1.TRBJ1-6'	2
CASSPLQGYEQYF	1	0.0	0	'TRBV3-1.TRBJ2-7'	3
CASSLGQGLTLARAFF	1	0.0	0	'TRBV11-2.TRBJ1-1'	1
CASSPTSAGEQFF	1	0.0	0	'TRBV27-1.TRBJ2-1'	2
CAWSPQGGEKLFF	1	0.0	0	'TRBV30-1.TRBJ1-4'	1
CASSLNRDSRQETQYF	1	0.0	0	'TRBV27-1.TRBJ2-5'	2
CASSNPGRLNTEAFF	1	0.0	0	'TRBV3-1.TRBJ1-1'	2
CASSPQNTEAFF	1	0.0	0	'TRBV7-9.TRBJ1-1'	1
CSAYPGQGGGNQPQHF	1	0.0	0	'TRBV20-1.TRBJ1-5'	1
CASSFLAGGRVPYEQYF	1	0.0	0	'TRBV13-1.TRBJ2-7'	1
CASSFKLGTPYEQYF	1	0.0	0	'TRBV7-6.TRBJ2-7'	1
CASSLGTNTQYF	1	0.0	0	'TRBV3-1.TRBJ2-3'	1
CASSQDRARSYEQYF	1	0.0	0	'TRBV4-3.TRBJ2-7'	2
CASSSHGHPNSNQPQHF	1	0.0	0	'TRBV21-1.TRBJ1-5'	1
CASSLAGLANTGELFF	1	0.0	0	'TRBV2-1.TRBJ2-2'	1
CASSEQPSGTEAFF	1	0.0	0	'TRBV6-1.TRBJ1-1'	3
CASEAQDGGESYNEQFF	1	0.0	0	'TRBV27-1.TRBJ2-1'	1
CASSLSDQGMGTEAFF	1	0.0	0	'TRBV18-1.TRBJ1-1'	2
CASSQQAGIANYGYTF	1	0.0	0	'TRBV7-9.TRBJ1-2'	1
CASSVAGTGNTIYF	1	0.0	0	'TRBV9-1.TRBJ1-3'	1
CASRGDPRGGELFF	1	0.0	0	'TRBV11-2.TRBJ2-2'	1
CASSVVGGIYQPQHF	1	0.0	0	'TRBV27-1.TRBJ1-5'	1
CASSWGQGGWEQFF	1	0.0	0	'TRBV19-1.TRBJ2-1'	1
CASSFGGESPLHF	1	0.0	0	'TRBV6-6.TRBJ1-6'	1
CASSTGTSGARTDTQYF	1	0.0	0	'TRBV5-1.TRBJ2-3'	3
CSALTGARGSNGEQYF	1	0.0	0	'TRBV20-1.TRBJ2-7'	1
CSARDIRAGGRLGEDIQYF	1	0.0	0	'TRBV20-1.TRBJ2-4'	1
CASSVATRFNSPLHF	1	0.0	0	'TRBV9-1.TRBJ1-6'	1
CASSRDRGPNTEAFF	1	0.0	0	'TRBV18-1.TRBJ1-1'	26
CASSLANSGANVLTF	1	0.0	0	'TRBV5-1.TRBJ2-6'	2
CASSSPRDRGYEQYF	1	0.0	0	'TRBV12-3.TRBJ2-7'	6
CASRSGGASTDTQYF	1	0.0	0	'TRBV19-1.TRBJ2-3'	2
CSALAGGNIQYF	1	0.0	0	'TRBV20-1.TRBJ2-4'	1
CASSFRSRQASGRGTDTQYF	1	0.0	0	'TRBV12-3.TRBJ2-3'	1
CASSLVFNYEQYF	1	0.0	0	'TRBV12-3.TRBJ2-7'	1
CASSVKGGTEAFF	1	0.0	0	'TRBV2-1.TRBJ1-1'	3
CASSLGEYNSPLHF	1	0.0	0	'TRBV9-1.TRBJ1-6'	2
CASSIDSQQSYEQYF	1	0.0	0	'TRBV19-1.TRBJ2-7'	2
CAISESTGPYEQYF	1	0.0	0	'TRBV10-3.TRBJ2-7'	1
CSAYNSKPGYGYTF	1	0.0	0	'TRBV20-1.TRBJ1-2'	1
CASSPQTTLVKETQYF	1	0.0	0	'TRBV18-1.TRBJ2-5'	1
CASSQGPGAGGYEQYF	1	0.0	0	'TRBV4-1.TRBJ2-7'	1
CASSSAPSGGSTDTQYF	1	0.0	0	'TRBV5-1.TRBJ2-3'	1
CASSPPGQPQHF	1	0.0	0	'TRBV18-1.TRBJ1-5'	1
CASSLDFTEQFF	1	0.0	0	'TRBV7-2.TRBJ2-1'	2
CASSPRGDGNTIYF	1	0.0	0	'TRBV19-1.TRBJ1-3'	3
CASRGLLNTEAFF	1	0.0	0	'TRBV27-1.TRBJ1-1'	1
CASSLEFDIRPYEQYF	1	0.0	0	'TRBV7-9.TRBJ2-7'	1
CASSWDSSSTDTQYF	1	0.0	0	'TRBV28-1.TRBJ2-3'	1
CASSQDRRHQYF	1	0.0	0	'TRBV14-1.TRBJ2-5'	62
CAVRQGVVTEAFF	1	0.0	0	'TRBV6-2.TRBJ1-1'	1
CASSSEGTTNEKLFF	1	0.0	0	'TRBV12-3.TRBJ1-4'	1
CASRGGAGYGYTF	1	0.0	0	'TRBV4-2.TRBJ1-2'	1
CASIGRDPQGDYEQYF	1	0.0	0	'TRBV6-2.TRBJ2-7'	85
CASSLARTYNEQFF	1	0.0	0	'TRBV5-6.TRBJ2-1'	1
CASSLGGAGDQPQHF	1	0.0	0	'TRBV7-8.TRBJ1-5'	1
CATSRVGPQHF	1	0.0	0	'TRBV15-1.TRBJ1-5'	1
CASSLSGIETQYF	1	0.0	0	'TRBV5-6.TRBJ2-5'	1
CASSSLGQLDSNQPQHF	1	0.0	0	'TRBV28-1.TRBJ1-5'	1
CSVGRTEAFF	1	0.0	0	'TRBV29-1.TRBJ1-1'	1
CASREQGAATEAFF	1	0.0	0	'TRBV27-1.TRBJ1-1'	1
CASSESMGTEAFF	1	0.0	0	'TRBV10-2.TRBJ1-1'	1
CASSPPPGTGELFF	1	0.0	0	'TRBV7-2.TRBJ2-2'	1
CSANPGLAGARTDTQYF	1	0.0	0	'TRBV20-1.TRBJ2-3'	1
CASSQGGTEAFF	1	0.0	0	'TRBV3-1.TRBJ1-1'	2
CASSLGQGAINGYTF	1	0.0	0	'TRBV12-3.TRBJ1-2'	3
CASSVAVDSTDTQYF	1	0.0	0	'TRBV9-1.TRBJ2-3'	1
CSVENTGELFF	1	0.0	0	'TRBV29-1.TRBJ2-2'	1
CASAQEYSNQPQHF	1	0.0	0	'TRBV19-1.TRBJ1-5'	7
CASSPGGLGETYEQYF	1	0.0	0	'TRBV7-9.TRBJ2-7'	1
CASSFVGANIQYF	1	0.0	0	'TRBV5-1.TRBJ2-4'	1
CATSRDSRTGQPQHF	1	0.0	0	'TRBV15-1.TRBJ1-5'	2
CASSLRGQSTDTQYF	1	0.0	0	'TRBV27-1.TRBJ2-3'	4
CASSSLRRTRSYEQYF	1	0.0	0	'TRBV28-1.TRBJ2-7'	3
CASSSGNTEAFF	1	0.0	0	'TRBV10-1.TRBJ1-1'	2
CSASSNTNTGELFF	1	0.0	0	'TRBV20-1.TRBJ2-2'	1
CASSVDGVPSYEQYF	1	0.0	0	'TRBV9-1.TRBJ2-7'	1
CASSTTGAPIYF	1	0.0	0	'TRBV27-1.TRBJ1-3'	1
CASSLVEDREAFF	1	0.0	0	'TRBV7-8.TRBJ1-1'	1
CSASRLAGGGQYF	1	0.0	0	'TRBV20-1.TRBJ2-7'	2
CASTSQKRYSNQPQHF	1	0.0	0	'TRBV6-4.TRBJ1-5'	1
CASGPIEVEDGAFF	1	0.0	0	'TRBV12-5.TRBJ1-1'	2
CASSPGQASGANVLTF	1	0.0	0	'TRBV19-1.TRBJ2-6'	8
CASSIKTGELFF	1	0.0	0	'TRBV5-4.TRBJ2-2'	1
CASSQEGSNEKLFF	1	0.0	0	'TRBV4-3.TRBJ1-4'	1
CASSFTLAGEQYF	1	0.0	0	'TRBV27-1.TRBJ2-7'	2
CASSLSGAEETQYF	1	0.0	0	'TRBV5-4.TRBJ2-5'	1
CASSFVIGQGTIHEQYF	1	0.0	0	'TRBV27-1.TRBJ2-7'	1
CATSRGITGAGDTQYF	1	0.0	0	'TRBV15-1.TRBJ2-3'	2
CASSRAGGPYNEQFF	1	0.0	0	'TRBV2-1.TRBJ2-1'	1
CASGQGGGYTF	1	0.0	0	'TRBV7-2.TRBJ1-2'	1
CASSLGGNLDEQFF	1	0.0	0	'TRBV7-8.TRBJ2-1'	1
CASSPFNPGVGETQYF	1	0.0	0	'TRBV7-7.TRBJ2-5'	3
CASSLITGKGGDTQYF	1	0.0	0	'TRBV7-3.TRBJ2-3'	1
CATSGGQGWETQYF	1	0.0	0	'TRBV15-1.TRBJ2-5'	1
CASSFISGGRTDTQYF	1	0.0	0	'TRBV7-3.TRBJ2-3'	1
CASKYGVSTEAFF	1	0.0	0	'TRBV12-3.TRBJ1-1'	2
CASSPLRGGVDGNLAKNIQYF	1	0.0	0	'TRBV23-1.TRBJ2-4'	1
CASSQDQGPYEQYF	1	0.0	0	'TRBV4-3.TRBJ2-7'	1
CAWSLGYTEAFF	1	0.0	0	'TRBV30-1.TRBJ1-1'	2
CSASAGNYGYTF	1	0.0	0	'TRBV20-1.TRBJ1-2'	1
CASSFDRVEQYF	1	0.0	0	'TRBV7-2.TRBJ2-7'	2
CASSLESGQTPYEQYF	1	0.0	0	'TRBV7-9.TRBJ2-7'	7
CASSLSGGDYGYTF	1	0.0	0	'TRBV7-2.TRBJ1-2'	1
CASSSAGGPVLETQYF	1	0.0	0	'TRBV28-1.TRBJ2-5'	1
CASSSDTGNEQYF	1	0.0	0	'TRBV7-2.TRBJ2-7'	1
CASSLNDRVGETQYF	1	0.0	0	'TRBV27-1.TRBJ2-5'	4
CASSDASGGANEQFF	1	0.0	0	'TRBV2-1.TRBJ2-1'	1
CASSQGTGTYNEQFF	1	0.0	0	'TRBV4-1.TRBJ2-1'	1
CASSDRGHRETQYF	1	0.0	0	'TRBV25-1.TRBJ2-5'	3
CASSLGRTATNEKLFF	1	0.0	0	'TRBV12-3.TRBJ1-4'	1
CATSRAVLGTTYYEQYF	1	0.0	0	'TRBV15-1.TRBJ2-7'	1
CASSRLGQGGGGELFF	1	0.0	0	'TRBV5-1.TRBJ2-2'	2
CSAGTPQHF	1	0.0	0	'TRBV29-1.TRBJ1-5'	2
CASRPGQGIGEQYF	1	0.0	0	'TRBV19-1.TRBJ2-7'	2
CASSAGLAGGAYSYEQYF	1	0.0	0	'TRBV2-1.TRBJ2-7'	1
CASSSQGGETQYF	1	0.0	0	'TRBV5-1.TRBJ2-5'	1
CSARVSGGGPTDTQYF	1	0.0	0	'TRBV20-1.TRBJ2-3'	1
CAWSGGRLATNEKLFF	1	0.0	0	'TRBV30-1.TRBJ1-4'	1
CASSQVVSEKLFF	1	0.0	0	'TRBV18-1.TRBJ1-4'	3
CSVEIPGLKDTQYF	1	0.0	0	'TRBV29-1.TRBJ2-3'	1
CSVRGGANTGELFF	1	0.0	0	'TRBV29-1.TRBJ2-2'	1
CSSVPGPPRNEQFF	1	0.0	0	'TRBV20-1.TRBJ2-1'	1
CASSIELGAEAFF	1	0.0	0	'TRBV19-1.TRBJ1-1'	2
CASSFRRLAGEQFF	1	0.0	0	'TRBV12-3.TRBJ2-1'	1
CASSQERYSTDTQYF	1	0.0	0	'TRBV5-6.TRBJ2-3'	1
CASSFNRDSLYGYTF	1	0.0	0	'TRBV12-3.TRBJ1-2'	1
CSAREHKSFSGNTIYF	1	0.0	0	'TRBV20-1.TRBJ1-3'	1
CASSPGTGTYGYAF	1	0.0	0	'TRBV10-2.TRBJ1-2'	1
CASSFGTVNLYEQYF	1	0.0	0	'TRBV5-1.TRBJ2-7'	2
CASSLDVGGEQYF	1	0.0	0	'TRBV7-2.TRBJ2-7'	2
CASRRTGGGAGATQYF	1	0.0	0	'TRBV6-1.TRBJ2-3'	1
CAIKPRGRYEQYF	1	0.0	0	'TRBV10-3.TRBJ2-7'	1
CSFSPHLNTEAFF	1	0.0	0	'TRBV29-1.TRBJ1-1'	1
CASSYVGGGNEKLFF	1	0.0	0	'TRBV6-5.TRBJ1-4'	1
CASSLLGTSYEQYF	1	0.0	0	'TRBV13-1.TRBJ2-7'	1
CASSVYSGGASETQYF	1	0.0	0	'TRBV9-1.TRBJ2-5'	1
CASSKGGRISYEQYF	1	0.0	0	'TRBV21-1.TRBJ2-7'	2
CASSQLTSGGSTDTQYF	1	0.0	0	'TRBV5-1.TRBJ2-3'	1
CASSQEQGRSNEKLFF	1	0.0	0	'TRBV4-2.TRBJ1-4'	1
CASSIQGPIQYF	1	0.0	0	'TRBV19-1.TRBJ2-4'	1
CASRPGARSYNEQFF	1	0.0	0	'TRBV2-1.TRBJ2-1'	1
CASSFRRGEGTNEKLFF	1	0.0	0	'TRBV11-2.TRBJ1-4'	1
CASSPLAGGDTQYF	1	0.0	0	'TRBV14-1.TRBJ2-3'	1
CAWSRARLAGGIYNEQFF	1	0.0	0	'TRBV30-1.TRBJ2-1'	1
CASRVSSNEQFF	1	0.0	0	'TRBV12-3.TRBJ2-1'	2
CASSISSGGDPNTGELFF	1	0.0	0	'TRBV9-1.TRBJ2-2'	1
CASSPGQTQYF	1	0.0	0	'TRBV18-1.TRBJ2-5'	1
CASSSDRSTYEQYF	1	0.0	0	'TRBV5-8.TRBJ2-7'	1
CASSLYRESFF	1	0.0	0	'TRBV7-2.TRBJ1-1'	1
CASSYPRGGENSPLHF	1	0.0	0	'TRBV6-5.TRBJ1-6'	2
CASSFDTPETQYF	1	0.0	0	'TRBV5-1.TRBJ2-5'	2
CSAREDRGYSPLHF	1	0.0	0	'TRBV20-1.TRBJ1-6'	1
CASSFPRQGAKGELFF	1	0.0	0	'TRBV5-1.TRBJ2-2'	1
CASSFIGAHTGELFF	1	0.0	0	'TRBV12-3.TRBJ2-2'	1
CSAGQANTEAFF	1	0.0	0	'TRBV20-1.TRBJ1-1'	4
CASSVGPSRSYNSPLHF	1	0.0	0	'TRBV9-1.TRBJ1-6'	1
CSARSQRGVTDTQYF	1	0.0	0	'TRBV20-1.TRBJ2-3'	1
CACPTPGSAYEQYF	1	0.0	0	'TRBV30-1.TRBJ2-7'	2
CASSPDWGPYNLALHF	1	0.0	0	'TRBV6-1.TRBJ1-6'	1
CASSLEGPSGGANVLTF	1	0.0	0	'TRBV7-9.TRBJ2-6'	1
CATSYGNTGELFF	1	0.0	0	'TRBV24-1.TRBJ2-2'	2
CASSEDRSPGNTIYF	1	0.0	0	'TRBV2-1.TRBJ1-3'	1
CSARDHEGTGELFF	1	0.0	0	'TRBV20-1.TRBJ2-2'	2
CASSKLITGVNYGYTF	1	0.0	0	'TRBV28-1.TRBJ1-2'	1
CASSSGTSFIGLESVLAFF	1	0.0	0	'TRBV12-3.TRBJ1-1'	1
CASSEKGVTEAFF	1	0.0	0	'TRBV27-1.TRBJ1-1'	1
CASSSALGTGELFF	1	0.0	0	'TRBV5-1.TRBJ2-2'	1
CASSPPTGVSYNEQFF	1	0.0	0	'TRBV3-1.TRBJ2-1'	1
CSARQLAGANEQFF	1	0.0	0	'TRBV20-1.TRBJ2-1'	2
CASSQQYGTSTSPLHF	1	0.0	0	'TRBV7-9.TRBJ1-6'	1
CASSQEEGLHTDTQYF	1	0.0	0	'TRBV4-3.TRBJ2-3'	2
CSATQRVGVEQFF	1	0.0	0	'TRBV20-1.TRBJ2-1'	3
CATTGQVNQPQHF	1	0.0	0	'TRBV24-1.TRBJ1-5'	1
CASRTLGGTTTGYGYTF	1	0.0	0	'TRBV19-1.TRBJ1-2'	3
CASSLSGSQETQYF	1	0.0	0	'TRBV12-3.TRBJ2-5'	2
CASSLSSAGQGSYEQYF	2	1.0	1.0	'TRBV11-2.TRBJ2-5', 'TRBV11-2.TRBJ2-7'	1, 1
CASTQDYNEQFF	1	0.0	0	'TRBV19-1.TRBJ2-1'	1
CASSTRLVGLETQYF	1	0.0	0	'TRBV6-2.TRBJ2-5'	1
CSAPSANLDQETQYF	1	0.0	0	'TRBV20-1.TRBJ2-5'	1
CSAENRGYTDTQYF	1	0.0	0	'TRBV20-1.TRBJ2-3'	1
CASSPTSEYEQYF	1	0.0	0	'TRBV27-1.TRBJ2-7'	1
CASRPGTGIVDLRSPLHF	1	0.0	0	'TRBV2-1.TRBJ1-6'	1
CASSFGGEGEQYF	1	0.0	0	'TRBV5-1.TRBJ2-7'	1
CASSWGADTQYF	1	0.0	0	'TRBV19-1.TRBJ2-3'	3
CASSPRRGPSYGYTF	1	0.0	0	'TRBV18-1.TRBJ1-2'	22
CASSINRGGIEQYF	1	0.0	0	'TRBV3-1.TRBJ2-7'	2
CASSLVGNHEQYF	1	0.0	0	'TRBV5-1.TRBJ2-7'	17
CASRDAGVQVTGELFF	1	0.0	0	'TRBV2-1.TRBJ2-2'	5
CASSEPQAGGRREQYF	1	0.0	0	'TRBV6-1.TRBJ2-7'	6
CASSPDTTLPGELFF	1	0.0	0	'TRBV5-1.TRBJ2-2'	1
CASRHRAIEAGELFF	1	0.0	0	'TRBV7-9.TRBJ2-2'	42
CASRREGALTEAFF	1	0.0	0	'TRBV5-1.TRBJ1-1'	1
CSAPQTGGAENEQYF	1	0.0	0	'TRBV20-1.TRBJ2-7'	1
CASSGDTGADTQYF	1	0.0	0	'TRBV2-1.TRBJ2-3'	1
CASSDDRGAEQFF	1	0.0	0	'TRBV6-1.TRBJ2-1'	1
CASSWTVQETQYF	1	0.0	0	'TRBV19-1.TRBJ2-5'	1
RASSQGQGSNTEAFF	1	0.0	0	'TRBV7-3.TRBJ1-1'	3
CASSPMGGGDSTDTQYF	1	0.0	0	'TRBV18-1.TRBJ2-3'	1
CASSFSGPLHF	1	0.0	0	'TRBV7-2.TRBJ1-6'	1
CASSEERGSTDTQYF	1	0.0	0	'TRBV6-4.TRBJ2-3'	1
CASIVKYSRKNSPLHF	1	0.0	0	'TRBV28-1.TRBJ1-6'	1
CASRGSMNTEAFF	1	0.0	0	'TRBV6-6.TRBJ1-1'	1
CASSQWTSGAFTGEQYF	1	0.0	0	'TRBV5-6.TRBJ2-7'	1
CASRRPPGEGHTGELFF	1	0.0	0	'TRBV6-1.TRBJ2-2'	1
CAIMAGVDKNIQYF	1	0.0	0	'TRBV10-3.TRBJ2-4'	1
CSARVIGILTSSTDTQYF	1	0.0	0	'TRBV20-1.TRBJ2-3'	1
CASSYGSSGANVLTF	1	0.0	0	'TRBV6-2.TRBJ2-6'	1
CASSFGDRGQETQYF	1	0.0	0	'TRBV12-1.TRBJ2-5'	2
CASSLDRSVIEQYF	1	0.0	0	'TRBV18-1.TRBJ2-7'	1
CASRHTGGGYEQYF	1	0.0	0	'TRBV2-1.TRBJ2-7'	1
CASSLADRTDSPLHF	1	0.0	0	'TRBV7-6.TRBJ1-6'	1
CASSDFRSSSGWSSYNEQFF	1	0.0	0	'TRBV3-1.TRBJ2-1'	2
CASSPPGFWSEAFF	1	0.0	0	'TRBV27-1.TRBJ1-1'	1
CASSSPGFGNEQFF	1	0.0	0	'TRBV7-2.TRBJ2-1'	1
CASTTRDSNEQYF	1	0.0	0	'TRBV28-1.TRBJ2-7'	3
CASSPGTGEGYEQYF	1	0.0	0	'TRBV4-1.TRBJ2-7'	2
CASSQLAGVHYNEQFF	1	0.0	0	'TRBV27-1.TRBJ2-1'	1
CASQISTDTQYF	1	0.0	0	'TRBV25-1.TRBJ2-3'	1
CASSSRDLGEKLFF	1	0.0	0	'TRBV5-6.TRBJ1-4'	3
CASSYGQLNTGELFF	1	0.0	0	'TRBV28-1.TRBJ2-2'	1
CASSDLTSGGVKEQFF	1	0.0	0	'TRBV6-4.TRBJ2-1'	1
CASSSLGGYAYNQPQHF	1	0.0	0	'TRBV28-1.TRBJ1-5'	1
CASRLTGTARYNEQFF	1	0.0	0	'TRBV6-1.TRBJ2-1'	1
CASSFDDRGKTQYF	1	0.0	0	'TRBV7-6.TRBJ2-3'	1
CASSESTGLSDTQYF	1	0.0	0	'TRBV10-2.TRBJ2-3'	1
CASSLQGSFEQYF	1	0.0	0	'TRBV10-2.TRBJ2-7'	4
CASSPEQTSQEQFF	1	0.0	0	'TRBV18-1.TRBJ2-1'	1
CASSLSVRGTPLHF	1	0.0	0	'TRBV9-1.TRBJ1-6'	2
CASSVSGANTGELFF	1	0.0	0	'TRBV9-1.TRBJ2-2'	1
CATPDSEGYGYTF	1	0.0	0	'TRBV28-1.TRBJ1-2'	1
CASSQSGSQGETQYF	1	0.0	0	'TRBV5-1.TRBJ2-5'	2
CASTLGGTGGETQYF	1	0.0	0	'TRBV12-3.TRBJ2-5'	1
CASSESAGNSPLHF	1	0.0	0	'TRBV25-1.TRBJ1-6'	2
CAISDGPGAGYGYTF	1	0.0	0	'TRBV10-3.TRBJ1-2'	1
CASSLRQGGSNQPQHF	1	0.0	0	'TRBV6-5.TRBJ1-5'	1
CASSLEGIGLPEAFF	1	0.0	0	'TRBV5-1.TRBJ1-1'	2
CAISVTGELFF	1	0.0	0	'TRBV10-3.TRBJ2-2'	3
CASSYGTSGGSAYNEQFF	1	0.0	0	'TRBV5-1.TRBJ2-1'	1
CASSRLQGTNEKLFF	1	0.0	0	'TRBV6-6.TRBJ1-4'	1
CASGWDSSMNTEAFF	1	0.0	0	'TRBV12-5.TRBJ1-1'	2
CASSQEGTGKYEQYF	1	0.0	0	'TRBV4-2.TRBJ2-7'	3
CASSPSTSGARNEQFF	1	0.0	0	'TRBV7-9.TRBJ2-1'	1
CAINPGTSSNEQFF	1	0.0	0	'TRBV10-3.TRBJ2-1'	1
CASSLAEGPIGQPQHF	1	0.0	0	'TRBV7-9.TRBJ1-5'	2
CASSLIKERVWSKTQYF	1	0.0	0	'TRBV3-1.TRBJ2-5'	1
CSVDRAQETQYF	1	0.0	0	'TRBV29-1.TRBJ2-5'	1
CASSPQGKSNGYTF	1	0.0	0	'TRBV6-2.TRBJ1-2'	8
CASSSGGGSNQPQHF	1	0.0	0	'TRBV5-1.TRBJ1-5'	1
CASSPSGPHEGGQYF	1	0.0	0	'TRBV6-5.TRBJ2-3'	1
CASSPSSGGGEQFF	1	0.0	0	'TRBV5-1.TRBJ2-1'	2
CASSLRTSGDSNEQFF	1	0.0	0	'TRBV5-1.TRBJ2-1'	1
CASSHAGTVQETQYF	1	0.0	0	'TRBV6-2.TRBJ2-5'	1
CASSPGLSGGHTGELFF	1	0.0	0	'TRBV7-6.TRBJ2-2'	1
CASRERGGVGNTQYF	1	0.0	0	'TRBV6-5.TRBJ2-3'	2
CASSLVGATEAFF	1	0.0	0	'TRBV7-9.TRBJ1-1'	1
CASSPHPTSGGPEETQYF	1	0.0	0	'TRBV12-3.TRBJ2-5'	1
CASSLVAGGTRNEQFF	1	0.0	0	'TRBV7-2.TRBJ2-1'	1
CSARDQRQGFNGYTF	1	0.0	0	'TRBV20-1.TRBJ1-2'	1
CASSRDRGQLNTEAFF	1	0.0	0	'TRBV7-9.TRBJ1-1'	1
CASQGSYGYTF	1	0.0	0	'TRBV4-2.TRBJ1-2'	2
CASSPRGLSTDTQYF	1	0.0	0	'TRBV28-1.TRBJ2-3'	1
CASSTWGYHTDTQYF	1	0.0	0	'TRBV9-1.TRBJ2-3'	2
CASWERGGYNEQFF	1	0.0	0	'TRBV6-5.TRBJ2-1'	8
CAWRRTGGYGYTF	1	0.0	0	'TRBV30-1.TRBJ1-2'	1
CASRVWTSGAGEQYF	1	0.0	0	'TRBV2-1.TRBJ2-7'	2
CASRGLLRGEQYF	1	0.0	0	'TRBV6-5.TRBJ2-7'	3
CASRRRAAGGPTDTQYF	1	0.0	0	'TRBV2-1.TRBJ2-3'	1
CASSSRVSGERGNQPQHF	1	0.0	0	'TRBV6-5.TRBJ1-5'	1
CASSDRDRVIVYGYTF	1	0.0	0	'TRBV2-1.TRBJ1-2'	1
CASSEQGGRISGANVLTF	1	0.0	0	'TRBV6-1.TRBJ2-6'	1
CASSLESALEQYF	1	0.0	0	'TRBV5-1.TRBJ2-7'	1
CASTGEREKLFF	1	0.0	0	'TRBV2-1.TRBJ1-4'	2
CASSEVGTGGGWNQPQHF	1	0.0	0	'TRBV6-1.TRBJ1-5'	2
CASRVSGSGTDTQYF	1	0.0	0	'TRBV5-1.TRBJ2-3'	1
CASSLGRGLSHEQYF	1	0.0	0	'TRBV7-8.TRBJ2-7'	1
CASSFQAGGHADTQYF	1	0.0	0	'TRBV7-2.TRBJ2-3'	1
CASSQGRAYEQYF	1	0.0	0	'TRBV14-1.TRBJ2-7'	47
CASRRIGEQFF	1	0.0	0	'TRBV12-3.TRBJ2-1'	1
CASRARDRVIQTIYF	1	0.0	0	'TRBV28-1.TRBJ1-3'	1
CATSLGLAGGYEQYF	1	0.0	0	'TRBV15-1.TRBJ2-7'	1
CASSSYREGHYGYTF	1	0.0	0	'TRBV5-5.TRBJ1-2'	1
CASSLEGGDQPQHF	1	0.0	0	'TRBV5-5.TRBJ1-5'	4
CSVEKLAGVGGTQYF	1	0.0	0	'TRBV29-1.TRBJ2-3'	2
CASSGPGTGAGELFF	1	0.0	0	'TRBV6-1.TRBJ2-2'	2
CSARVTGHLYNSPLHF	1	0.0	0	'TRBV20-1.TRBJ1-6'	1
CASSFGGATNEKLFF	1	0.0	0	'TRBV27-1.TRBJ1-4'	1
CASSPRDYYYEQYF	1	0.0	0	'TRBV18-1.TRBJ2-7'	1
CATTAGTFYNEQFF	1	0.0	0	'TRBV2-1.TRBJ2-1'	1
CASSLFAAQKMYF	1	0.0	0	'TRBV28-1.TRBJ2-3'	1
CASSFWRGDFETQYF	1	0.0	0	'TRBV11-1.TRBJ2-5'	1
CASSLGPGQYNSPLHF	1	0.0	0	'TRBV4-1.TRBJ1-6'	19
CSVVGNGKLFF	1	0.0	0	'TRBV29-1.TRBJ1-4'	2
CASTLAGGAGANVLTF	1	0.0	0	'TRBV2-1.TRBJ2-6'	1
CASSPSGSTGDTGELFF	1	0.0	0	'TRBV7-3.TRBJ2-2'	1
CASSIGQKETQYF	1	0.0	0	'TRBV19-1.TRBJ2-5'	1
CASSLTPQTIPYEQYF	1	0.0	0	'TRBV9-1.TRBJ2-7'	2
CASSPRAYEQYF	1	0.0	0	'TRBV7-2.TRBJ2-7'	1
CASSLGLAGGRLTDTQYF	1	0.0	0	'TRBV19-1.TRBJ2-3'	1
CASNSRDRGELPEAFF	1	0.0	0	'TRBV11-2.TRBJ1-1'	1
CASSEYGGETQYF	1	0.0	0	'TRBV2-1.TRBJ2-5'	2
CASSPRRGAENTEAFF	1	0.0	0	'TRBV18-1.TRBJ1-1'	2
CASSQDRHRGASTDTQYF	1	0.0	0	'TRBV4-1.TRBJ2-3'	1
CASRWPATVMQDTQYF	1	0.0	0	'TRBV21-1.TRBJ2-3'	1
CSAGTGTGYTEAFF	1	0.0	0	'TRBV20-1.TRBJ1-1'	1
CASSKREGHYGYTF	1	0.0	0	'TRBV16-1.TRBJ1-2'	1
CASSPVGAYNEQFF	1	0.0	0	'TRBV18-1.TRBJ2-1'	2
CASSKTALMNTEAFF	1	0.0	0	'TRBV6-1.TRBJ1-1'	1
CASSRPGQFEAFF	1	0.0	0	'TRBV19-1.TRBJ1-1'	4
CASSQSRPETSYEQYF	1	0.0	0	'TRBV23-1.TRBJ2-7'	1
CATSDRMMADEQFF	1	0.0	0	'TRBV24-1.TRBJ2-1'	1
CASSYSLWDRGQVNEQFF	1	0.0	0	'TRBV6-5.TRBJ2-1'	1
CSARWTSGGYEQFF	1	0.0	0	'TRBV20-1.TRBJ2-1'	1
CASSFRGLGNQPQHF	1	0.0	0	'TRBV5-6.TRBJ1-5'	1
CASSLDSAGGGGYGYTF	1	0.0	0	'TRBV5-1.TRBJ1-2'	2
CASSHTRTTARNDSTDTQYF	1	0.0	0	'TRBV3-1.TRBJ2-3'	1
CSVLGGRSYEQYF	1	0.0	0	'TRBV20-1.TRBJ2-7'	1
CASSQGGDGGGYTF	1	0.0	0	'TRBV4-1.TRBJ1-2'	1
CAISAPGTGKGDNEQFF	1	0.0	0	'TRBV10-3.TRBJ2-1'	1
CASSQPGTSGSSYNEQFF	1	0.0	0	'TRBV5-4.TRBJ2-1'	1
CASSLSFRVDTEAFF	1	0.0	0	'TRBV11-2.TRBJ1-1'	1
CASSLNARGDNEQFF	1	0.0	0	'TRBV5-6.TRBJ2-1'	1
CASSLTSGGGDTQYF	1	0.0	0	'TRBV7-2.TRBJ2-3'	1
CASRQTGGVEKLFF	1	0.0	0	'TRBV6-1.TRBJ1-4'	1
CASIRQGADTQYF	1	0.0	0	'TRBV28-1.TRBJ2-3'	1
CASSQEEGTGGTEAFF	1	0.0	0	'TRBV4-3.TRBJ1-1'	1
CASSEVRWLQSRANVLTF	1	0.0	0	'TRBV27-1.TRBJ2-6'	1
CAINTDRGDTEAFF	1	0.0	0	'TRBV10-3.TRBJ1-1'	1
CASSEARGFSGNTIYF	1	0.0	0	'TRBV6-1.TRBJ1-3'	1
CASSPKGPDYNEQFF	1	0.0	0	'TRBV9-1.TRBJ2-1'	1
CASNEGGTEAFF	1	0.0	0	'TRBV6-1.TRBJ1-1'	1
CASSLGGNNNSPLHF	1	0.0	0	'TRBV12-3.TRBJ1-6'	1
CAISGRTGGLGEQFF	1	0.0	0	'TRBV10-3.TRBJ2-1'	1
CASSPRGISGYTF	1	0.0	0	'TRBV14-1.TRBJ1-2'	1
CASSSSGGTYNEQFF	1	0.0	0	'TRBV2-1.TRBJ2-1'	2
CASKGQGFNEQFF	1	0.0	0	'TRBV7-6.TRBJ2-1'	1
CASSVAAAQETQYF	1	0.0	0	'TRBV9-1.TRBJ2-5'	1
CASSIGSGETQYF	1	0.0	0	'TRBV5-1.TRBJ2-5'	1
CASSHEAGGQFHEQYF	1	0.0	0	'TRBV3-1.TRBJ2-7'	2
CASSNRVLGNQPQHF	1	0.0	0	'TRBV19-1.TRBJ1-5'	2
CASTPGPGGLTEAFF	1	0.0	0	'TRBV28-1.TRBJ1-1'	1
CASSLTGVTEAFF	1	0.0	0	'TRBV11-2.TRBJ1-1'	1
CASSPQTGRNQPQHF	1	0.0	0	'TRBV27-1.TRBJ1-5'	1
CASSQGQAPNYGYTF	1	0.0	0	'TRBV4-2.TRBJ1-2'	1
CASSVDGSPDTQYF	1	0.0	0	'TRBV9-1.TRBJ2-3'	1
CASAIPGVYEQYF	1	0.0	0	'TRBV6-6.TRBJ2-7'	1
CASSPAGTGDPSRYF	1	0.0	0	'TRBV7-2.TRBJ2-5'	2
CASSPGLSNTIYF	1	0.0	0	'TRBV18-1.TRBJ1-3'	1
CSAREAGQLANYGYTF	1	0.0	0	'TRBV20-1.TRBJ1-2'	1
CASSLSTGGYEQYF	1	0.0	0	'TRBV7-6.TRBJ2-7'	3
CASGGHSNEKLFF	1	0.0	0	'TRBV9-1.TRBJ1-4'	1
CASISLLTRNTEAFF	1	0.0	0	'TRBV28-1.TRBJ1-1'	1
CASSQSSYNSPLHF	1	0.0	0	'TRBV2-1.TRBJ1-6'	1
CASSLVGEGNTEAFF	1	0.0	0	'TRBV5-4.TRBJ1-1'	4
CASSPRVGGTGELFF	1	0.0	0	'TRBV19-1.TRBJ2-2'	1
CASSEGTGYEQYF	1	0.0	0	'TRBV2-1.TRBJ2-7'	7
CASSDSLEGEDYGYTF	1	0.0	0	'TRBV2-1.TRBJ1-2'	1
CASSPTVYIEKLFF	1	0.0	0	'TRBV18-1.TRBJ1-4'	1
CASSSWTGGHQETQYF	1	0.0	0	'TRBV19-1.TRBJ2-5'	1
CASSDGTSGGPTQYF	1	0.0	0	'TRBV6-4.TRBJ2-4'	1
CASSSMLNTEAFF	1	0.0	0	'TRBV19-1.TRBJ1-1'	1
CASSLDRDTSNEKLFF	1	0.0	0	'TRBV11-2.TRBJ1-4'	1
CASSPTSGVAGEQFF	1	0.0	0	'TRBV4-3.TRBJ2-1'	1
CASSQDGLAGAPGETQYF	1	0.0	0	'TRBV3-1.TRBJ2-5'	1
CSARDSYIQETQYF	1	0.0	0	'TRBV20-1.TRBJ2-5'	8
CASSDRYNSPLHF	1	0.0	0	'TRBV18-1.TRBJ1-6'	1
CASSLVPGPTMEKLFF	1	0.0	0	'TRBV5-4.TRBJ1-4'	1
CASSASGRLDEQYF	1	0.0	0	'TRBV9-1.TRBJ2-7'	1
CASSLSNRGYSPLHF	1	0.0	0	'TRBV5-1.TRBJ1-6'	2
CASSSREVYTGELFF	1	0.0	0	'TRBV3-1.TRBJ2-2'	2
CASSENPDRAGEQFF	1	0.0	0	'TRBV6-1.TRBJ2-1'	2
CASSLGWGGASTDTQYF	1	0.0	0	'TRBV7-2.TRBJ2-3'	1
CASSSDFGGYTF	1	0.0	0	'TRBV7-9.TRBJ1-2'	2
CASSKGPNYEQYF	1	0.0	0	'TRBV7-6.TRBJ2-7'	11
CASSGAAGLSV	1	0.0	0	'TRBV12-3.TRBJ2-7'	1
CSAREDRGRSPLHF	1	0.0	0	'TRBV20-1.TRBJ1-6'	6
CATMGVNTEAFF	1	0.0	0	'TRBV3-1.TRBJ1-1'	1
CASSPANVLTF	1	0.0	0	'TRBV12-3.TRBJ2-6'	3
CASSQDWDRTSRPQHF	1	0.0	0	'TRBV4-2.TRBJ1-5'	1
CASSFGGDYNEQFF	1	0.0	0	'TRBV7-9.TRBJ2-1'	1
CASMASSLNTEAFF	1	0.0	0	'TRBV6-2.TRBJ1-1'	1
CASSAKASGGLYQETQYF	1	0.0	0	'TRBV7-9.TRBJ2-5'	1
CASSPPVQGYSGNTIYF	1	0.0	0	'TRBV12-3.TRBJ1-3'	1
CASSLAGGWNTEAFF	1	0.0	0	'TRBV5-6.TRBJ1-1'	1
CSVEIGLTETQYF	1	0.0	0	'TRBV20-1.TRBJ2-5'	1
CSARDYGLALHF	1	0.0	0	'TRBV20-1.TRBJ1-6'	2
CATSDFASNYGYTF	1	0.0	0	'TRBV24-1.TRBJ1-2'	1
CASSSDGGTYQPQHF	1	0.0	0	'TRBV7-9.TRBJ1-5'	1
CASRPQSGWALHF	1	0.0	0	'TRBV19-1.TRBJ1-6'	2
CASSQSGTAGGYTF	1	0.0	0	'TRBV16-1.TRBJ1-2'	2
CASSVDTGGTGNTIYF	1	0.0	0	'TRBV9-1.TRBJ1-3'	1
CASSYLGGSNSPLHF	1	0.0	0	'TRBV7-8.TRBJ1-6'	1
CASARGGTKSYEQYF	1	0.0	0	'TRBV27-1.TRBJ2-7'	2
CASSLVSAPGNTIYF	1	0.0	0	'TRBV5-6.TRBJ1-3'	1
CASSPSQTPRDIQYF	1	0.0	0	'TRBV18-1.TRBJ2-4'	2
CATSIPGPPGELFF	1	0.0	0	'TRBV15-1.TRBJ2-2'	1
CASSHGGTQQETQYF	1	0.0	0	'TRBV3-1.TRBJ2-5'	1
CASSLVPGTTGELFF	1	0.0	0	'TRBV7-9.TRBJ2-2'	1
CASSYRDRERGEQYF	1	0.0	0	'TRBV6-6.TRBJ2-7'	1
CASSPQVLVETQYF	1	0.0	0	'TRBV7-2.TRBJ2-5'	1
CASSSAGAPEKETQYF	1	0.0	0	'TRBV5-1.TRBJ2-5'	1
CASSYRGPYEQYF	1	0.0	0	'TRBV6-2.TRBJ2-7'	1
CASSPHRTASYEQYF	1	0.0	0	'TRBV27-1.TRBJ2-7'	2
CASSPGLTGGNNGYTF	1	0.0	0	'TRBV7-8.TRBJ1-2'	1
CASSEMGNQPQHF	1	0.0	0	'TRBV2-1.TRBJ1-5'	1
CASTSGTAANEQFF	1	0.0	0	'TRBV27-1.TRBJ2-1'	1
CATSRDIRGPHYEQYF	1	0.0	0	'TRBV15-1.TRBJ2-7'	2
CASSPGTGGGRDTEAFF	1	0.0	0	'TRBV7-6.TRBJ1-1'	1
CASSQSYGTGGYEQYF	1	0.0	0	'TRBV4-3.TRBJ2-7'	1
CAWRDTSNTYGYTF	1	0.0	0	'TRBV30-1.TRBJ1-2'	19
RASSLEGLSTDTQYF	1	0.0	0	'TRBV7-3.TRBJ2-3'	1
CASRTPRSTEAFF	1	0.0	0	'TRBV28-1.TRBJ1-1'	1
CASSTPGYSGDEQFF	1	0.0	0	'TRBV5-1.TRBJ2-1'	1
CASSQERQKYEQYF	1	0.0	0	'TRBV4-2.TRBJ2-7'	1
CASSQETHGMKAFF	1	0.0	0	'TRBV3-1.TRBJ1-1'	1
CASSQEGYGSMNTEAFF	1	0.0	0	'TRBV4-3.TRBJ1-1'	1
CASRGGAKNIQYF	1	0.0	0	'TRBV2-1.TRBJ2-4'	1
CASSQDWRGDTEAFF	1	0.0	0	'TRBV4-1.TRBJ1-1'	2
CAWSVLGNTIYF	1	0.0	0	'TRBV30-1.TRBJ1-3'	3
CASSMTPGDIQYF	1	0.0	0	'TRBV18-1.TRBJ2-4'	1
CASSSGEGGYTF	1	0.0	0	'TRBV12-3.TRBJ1-2'	1
CASSLPGLLQYF	1	0.0	0	'TRBV28-1.TRBJ2-4'	1
CASSQEVGSKTDTQYF	1	0.0	0	'TRBV3-1.TRBJ2-3'	11
CASSLAWRQGDGYTF	1	0.0	0	'TRBV7-2.TRBJ1-2'	2
CSARARDIYTEAFF	1	0.0	0	'TRBV20-1.TRBJ1-1'	1
CASRERGGLGNEQFF	1	0.0	0	'TRBV6-5.TRBJ2-1'	1
CASSPGGVNTEAFF	1	0.0	0	'TRBV6-4.TRBJ1-1'	1
CASSWTESNEQYF	1	0.0	0	'TRBV6-2.TRBJ2-7'	1
CASRPLWNEQGVETQYF	1	0.0	0	'TRBV6-2.TRBJ2-5'	4
CASSQDRVGSPLHF	1	0.0	0	'TRBV4-2.TRBJ1-6'	1
CASSLWTPADTQYF	1	0.0	0	'TRBV12-3.TRBJ2-3'	1
CAISPSGDRISYGYTF	1	0.0	0	'TRBV10-3.TRBJ1-2'	1
CASSDGTLEQYF	1	0.0	0	'TRBV6-1.TRBJ2-7'	2
CASSFRGLGELFF	1	0.0	0	'TRBV28-1.TRBJ2-2'	16
CASSRLGEGDEKLFF	1	0.0	0	'TRBV5-1.TRBJ1-4'	1
CSARSGQERNSNQPQHF	1	0.0	0	'TRBV20-1.TRBJ1-5'	2
CASRATDSGANVLTF	1	0.0	0	'TRBV11-1.TRBJ2-6'	14
CASSLGVLPTNEKLFF	1	0.0	0	'TRBV5-1.TRBJ1-4'	2
CASSGWTSGSYEQYF	1	0.0	0	'TRBV11-2.TRBJ2-7'	1
CASSYGDRANYGYTF	1	0.0	0	'TRBV6-6.TRBJ1-2'	2
CASSILGNEQFF	1	0.0	0	'TRBV27-1.TRBJ2-1'	1
CASRQGQGNTEAFF	1	0.0	0	'TRBV5-1.TRBJ1-1'	1
CASSTWTSGTYEQYF	1	0.0	0	'TRBV3-1.TRBJ2-7'	2
CSAGQGRFEQYF	1	0.0	0	'TRBV29-1.TRBJ2-7'	1
CASNTKFQVLNYGYTF	1	0.0	0	'TRBV28-1.TRBJ1-2'	3
CASRIFTGNTEAFF	1	0.0	0	'TRBV28-1.TRBJ1-1'	1
CSARDRRLDRVHGYTF	1	0.0	0	'TRBV20-1.TRBJ1-2'	1
CASRLGQFYTEAFF	1	0.0	0	'TRBV7-2.TRBJ1-1'	1
CASSRLAGGQDTQYF	1	0.0	0	'TRBV7-3.TRBJ2-3'	1
CASSFQGEGQETQYF	1	0.0	0	'TRBV6-1.TRBJ2-5'	1
CSALDSYNTEAFF	1	0.0	0	'TRBV20-1.TRBJ1-1'	8
CATRGSTNEKLFF	1	0.0	0	'TRBV6-5.TRBJ1-4'	2
CAIGPRGRTDTQYF	1	0.0	0	'TRBV10-3.TRBJ2-3'	1
CSAITSGGYYNEQFF	1	0.0	0	'TRBV20-1.TRBJ2-1'	1
CASSRTTQNTGELFF	1	0.0	0	'TRBV18-1.TRBJ2-2'	1
CASSREMGYDYEQYF	1	0.0	0	'TRBV6-5.TRBJ2-7'	1
CASSRDPSADTQYF	1	0.0	0	'TRBV12-3.TRBJ2-3'	1
CSAPSGQGTAEAFF	1	0.0	0	'TRBV20-1.TRBJ1-1'	1
CASSLGAIQGRLFF	1	0.0	0	'TRBV5-6.TRBJ1-4'	1
CASSLGTGGLSSYEQYF	1	0.0	0	'TRBV27-1.TRBJ2-7'	1
CSARASRGGQNTGELFF	1	0.0	0	'TRBV20-1.TRBJ2-2'	1
CASSLSGLGGANVLTF	1	0.0	0	'TRBV12-3.TRBJ2-6'	5
CSAYSHQGQGISNYGYTF	1	0.0	0	'TRBV20-1.TRBJ1-2'	1
CASSQESFRAEAFF	1	0.0	0	'TRBV4-3.TRBJ1-1'	1
CASSRSPPTDTQYF	1	0.0	0	'TRBV5-1.TRBJ2-3'	1
CASSHVEVAKEAFF	1	0.0	0	'TRBV4-2.TRBJ1-1'	2
CASSQEQGFHTEAFF	1	0.0	0	'TRBV7-9.TRBJ1-1'	1
CASSQGTRSGNTIYF	1	0.0	0	'TRBV3-1.TRBJ1-3'	2
CASEGVGTGELFF	1	0.0	0	'TRBV6-5.TRBJ2-2'	1
CASSLVRLAVMNTGELFF	1	0.0	0	'TRBV7-2.TRBJ2-2'	1
CSARDDFPNQPQHF	1	0.0	0	'TRBV20-1.TRBJ1-5'	1
CASSYSGGGEQYF	1	0.0	0	'TRBV6-5.TRBJ2-7'	1
CASSSDMNTEAFF	1	0.0	0	'TRBV5-6.TRBJ1-1'	1
CASRYRGDNQPQHF	1	0.0	0	'TRBV6-5.TRBJ1-5'	1
CASSLEGTYNEQFF	1	0.0	0	'TRBV5-1.TRBJ2-1'	1
CSARSGGKNEQFF	1	0.0	0	'TRBV20-1.TRBJ2-1'	1
CASSPRTGGVETQYF	1	0.0	0	'TRBV5-1.TRBJ2-5'	2
CASSDPSGNTIYF	1	0.0	0	'TRBV25-1.TRBJ1-3'	4
CASSQTGATNEKLFF	1	0.0	0	'TRBV12-3.TRBJ1-4'	1
CATSREWDSQPQHF	1	0.0	0	'TRBV15-1.TRBJ1-5'	1
CASSRDRVSSYNSPLHF	1	0.0	0	'TRBV3-1.TRBJ1-6'	5
CASTRGGLNYGYTF	1	0.0	0	'TRBV19-1.TRBJ1-2'	2
CASRQDKAGGSEKLFF	1	0.0	0	'TRBV6-1.TRBJ1-4'	1
RASRGALNEQYF	1	0.0	0	'TRBV7-3.TRBJ2-7'	5
CASRRQSNTEAFF	1	0.0	0	'TRBV6-2.TRBJ1-1'	1
CASSPRTSGGEEQFF	1	0.0	0	'TRBV5-1.TRBJ2-1'	1
CASSESSTGDVGTNYGYTF	1	0.0	0	'TRBV2-1.TRBJ1-2'	1
CASTHRDGDSLADTQYF	1	0.0	0	'TRBV5-5.TRBJ2-3'	1
CASSLDGPGDTEAFF	1	0.0	0	'TRBV5-1.TRBJ1-1'	1
CASRLWDRGNGYTF	1	0.0	0	'TRBV6-5.TRBJ1-2'	1
CAISEADSTDTQYF	1	0.0	0	'TRBV10-3.TRBJ2-3'	1
CASSFGVRNIQYF	1	0.0	0	'TRBV28-1.TRBJ2-4'	3
CASSFSLNTEAFF	1	0.0	0	'TRBV7-2.TRBJ1-1'	1
CSALGQGGMNTEAFF	1	0.0	0	'TRBV20-1.TRBJ1-1'	2
CASSASLATTEAFF	1	0.0	0	'TRBV10-1.TRBJ1-1'	3
CASSLGHQTPYEQYF	1	0.0	0	'TRBV27-1.TRBJ2-7'	1
CASSQDANNYGYTF	1	0.0	0	'TRBV4-1.TRBJ1-2'	1
CASSLIVAGGLGSYNEQFF	1	0.0	0	'TRBV28-1.TRBJ2-1'	1
CASSKSTGSSYNEQFF	1	0.0	0	'TRBV27-1.TRBJ2-1'	1
CASSVTSDNEQFF	1	0.0	0	'TRBV2-1.TRBJ2-1'	1
CASSPSSGSGTDTQYF	1	0.0	0	'TRBV5-1.TRBJ2-3'	1
CASSETSGGAGEQYF	1	0.0	0	'TRBV5-1.TRBJ2-7'	1
CASSLGSGGTDTQYF	1	0.0	0	'TRBV7-9.TRBJ2-3'	1
CASSFLAGGLETQYF	1	0.0	0	'TRBV11-2.TRBJ2-5'	1
CASSRGQGAGNSPLHF	1	0.0	0	'TRBV7-2.TRBJ1-6'	2
CSASRGLDSYNEQFF	1	0.0	0	'TRBV20-1.TRBJ2-1'	1
CASRYTDTQYF	1	0.0	0	'TRBV25-1.TRBJ2-3'	1
CSALLGTIDSTEAFF	1	0.0	0	'TRBV29-1.TRBJ1-1'	2
CASSQDQNSNQPQHF	1	0.0	0	'TRBV4-3.TRBJ1-5'	1
CASSLAKSPQHF	1	0.0	0	'TRBV28-1.TRBJ1-5'	1
CASSTRQGPYEQYF	1	0.0	0	'TRBV27-1.TRBJ2-7'	2
CASSLKGGTEAFF	1	0.0	0	'TRBV7-8.TRBJ1-1'	1
CASSWRGRVGTEAFF	1	0.0	0	'TRBV3-1.TRBJ1-1'	2
CASSYAGGRAETQYF	1	0.0	0	'TRBV6-5.TRBJ2-5'	1
CASSLAPGDAGELFF	1	0.0	0	'TRBV5-6.TRBJ2-2'	1
CASSESGTGLYGYTF	1	0.0	0	'TRBV2-1.TRBJ1-2'	1
CASSFQRGGQETQYF	1	0.0	0	'TRBV7-2.TRBJ2-5'	1
CAISEYRGSGNSPLHF	1	0.0	0	'TRBV10-3.TRBJ1-6'	1
CASSPGGASANYGYTF	1	0.0	0	'TRBV19-1.TRBJ1-2'	1
CASSLDLTSGQGNYGYTF	1	0.0	0	'TRBV5-1.TRBJ1-2'	2
CASIGRDTEAFF	1	0.0	0	'TRBV19-1.TRBJ1-1'	1
CSARDSLAGGLYEQYF	1	0.0	0	'TRBV20-1.TRBJ2-7'	1
CASSLETGFTGNTIYF	1	0.0	0	'TRBV5-1.TRBJ1-3'	1
CASSFPGKEQYF	1	0.0	0	'TRBV27-1.TRBJ2-7'	1
CASSQDRVRVLEAFF	1	0.0	0	'TRBV4-3.TRBJ1-1'	2
CASSLEGVEPQHF	1	0.0	0	'TRBV12-3.TRBJ1-5'	1
CASSLSAKPQETQYF	1	0.0	0	'TRBV5-4.TRBJ2-5'	1
CSAPPGTGAFYEQYF	1	0.0	0	'TRBV20-1.TRBJ2-7'	1
CSVVKIGVPYEQYF	1	0.0	0	'TRBV29-1.TRBJ2-7'	1
CSARDLDRGVNQPQHF	1	0.0	0	'TRBV20-1.TRBJ1-5'	2
CASSLDTSEQYF	1	0.0	0	'TRBV11-2.TRBJ2-7'	3
CASSPPLHNEQFF	1	0.0	0	'TRBV18-1.TRBJ2-1'	1
CASNVQLAGPSNNEQFF	1	0.0	0	'TRBV11-3.TRBJ2-1'	8
CASSWGQLAENEKLFF	1	0.0	0	'TRBV7-9.TRBJ1-4'	3
CASSPSGPHERGQYF	1	0.0	0	'TRBV6-5.TRBJ2-3'	1
CASSEGSTGETI	1	0.0	0	'TRBV2-1.TRBJ2-4'	1
CASSLRTEAYNEQFF	1	0.0	0	'TRBV28-1.TRBJ2-1'	2
CASSMAADYGYTF	1	0.0	0	'TRBV19-1.TRBJ1-2'	1
CASSQEVGDGTQYF	1	0.0	0	'TRBV4-1.TRBJ2-5'	2
CASSVGPGTSSYEQYF	1	0.0	0	'TRBV9-1.TRBJ2-7'	2
CSARVLGTNTDTQYF	1	0.0	0	'TRBV20-1.TRBJ2-3'	1
CASILQGSGTEAFF	1	0.0	0	'TRBV7-9.TRBJ1-1'	1
CASSLEGQGGYGYTF	1	0.0	0	'TRBV12-3.TRBJ1-2'	1
CASSRKGQQLDQPQHF	1	0.0	0	'TRBV7-8.TRBJ1-5'	3
CASTPAGTGGQYF	1	0.0	0	'TRBV6-1.TRBJ2-4'	1
CASSTGTLYGYTF	1	0.0	0	'TRBV2-1.TRBJ1-2'	2
CASSQVLTVYGELFF	1	0.0	0	'TRBV3-1.TRBJ2-2'	1
CASSSRVGGNQPQHF	1	0.0	0	'TRBV7-2.TRBJ1-5'	1
CASSIGGQPQHF	1	0.0	0	'TRBV19-1.TRBJ1-5'	1
CASSLGDLDTEAFF	1	0.0	0	'TRBV5-6.TRBJ1-1'	1
CASSLRGTGELFF	1	0.0	0	'TRBV7-3.TRBJ2-2'	1
CASSREGPYEQYF	1	0.0	0	'TRBV3-1.TRBJ2-7'	2
CASAGDQDSYEQYF	1	0.0	0	'TRBV2-1.TRBJ2-7'	1
CASSRTEFNYGYTF	1	0.0	0	'TRBV5-1.TRBJ1-2'	1
CSASDTQLNQPQHF	1	0.0	0	'TRBV20-1.TRBJ1-5'	2
CAIATGTGGEQYF	1	0.0	0	'TRBV5-4.TRBJ2-7'	2
CASRRDSYYEQYF	1	0.0	0	'TRBV11-2.TRBJ2-7'	2
CASSPGSPGDNSPLHF	1	0.0	0	'TRBV7-2.TRBJ1-6'	6
CASSPLSGGDYGYTF	1	0.0	0	'TRBV4-1.TRBJ1-2'	2
HES	1	0.0	0	'TRBV8-2.TRBJ1-4'	1
CSVAAGGSNQPQHF	1	0.0	0	'TRBV29-1.TRBJ1-5'	22
CASSGGVYQETQYF	1	0.0	0	'TRBV7-8.TRBJ2-5'	1
CASSQSPPYEQYF	1	0.0	0	'TRBV3-1.TRBJ2-7'	1
CASSSPAGIKNTEAFF	1	0.0	0	'TRBV7-9.TRBJ1-1'	5
CASSYAGRGGPDSPLHF	1	0.0	0	'TRBV6-5.TRBJ1-6'	4
CASSPRGTSGGGDTQYF	1	0.0	0	'TRBV7-6.TRBJ2-3'	1
CASSEGYALMADTQYF	1	0.0	0	'TRBV6-1.TRBJ2-3'	1
CASSQNHGELFF	1	0.0	0	'TRBV3-1.TRBJ2-2'	2
CASPKTAEAFF	1	0.0	0	'TRBV27-1.TRBJ1-1'	1
CASSVGATSNYGYTF	1	0.0	0	'TRBV7-2.TRBJ1-2'	1
CASSRADYEQYF	1	0.0	0	'TRBV28-1.TRBJ2-7'	2
CSVVIIQSRANVLTF	1	0.0	0	'TRBV29-1.TRBJ2-6'	1
CSARRRGGYEQYF	1	0.0	0	'TRBV20-1.TRBJ2-7'	1
CSAGTASSTDTQYF	1	0.0	0	'TRBV20-1.TRBJ2-3'	1
CASSSLVGNSPLHF	1	0.0	0	'TRBV12-3.TRBJ1-6'	1
CASSFADSTGELFF	1	0.0	0	'TRBV5-6.TRBJ2-2'	1
CASSFGTASYEQYF	1	0.0	0	'TRBV11-2.TRBJ2-7'	1
CASSSLAGGYNEQFF	1	0.0	0	'TRBV7-3.TRBJ2-1'	1
CASSQDLNGYTF	1	0.0	0	'TRBV11-2.TRBJ1-2'	2
CASSARQALNTEAFF	1	0.0	0	'TRBV27-1.TRBJ1-1'	1
CASSVADRVGEQFF	1	0.0	0	'TRBV7-2.TRBJ2-1'	1
CASVGGALYEQYF	1	0.0	0	'TRBV2-1.TRBJ2-7'	2
CASSQTKKGAYEQYF	1	0.0	0	'TRBV18-1.TRBJ2-7'	1
CASSYEFRAGELFF	1	0.0	0	'TRBV3-1.TRBJ2-2'	1
CASSPMGGYQPQHF	1	0.0	0	'TRBV6-2.TRBJ1-5'	1
CASSRDRASDSPLHF	1	0.0	0	'TRBV28-1.TRBJ1-6'	2
CASSILVPISSDNEQFF	1	0.0	0	'TRBV3-1.TRBJ2-1'	1
CASSLDRNYGYTF	1	0.0	0	'TRBV28-1.TRBJ1-2'	1
CASSGPVEPGELFF	1	0.0	0	'TRBV9-1.TRBJ2-2'	1
CASSLSGQGGHNEQFF	1	0.0	0	'TRBV7-6.TRBJ2-1'	11
CACPPSGASDTQYF	1	0.0	0	'TRBV30-1.TRBJ2-3'	1
CASSLSSPGHLNTEAFF	1	0.0	0	'TRBV27-1.TRBJ1-1'	1
CASSQAGGAYNEQFF	1	0.0	0	'TRBV4-3.TRBJ2-1'	2
CASNPRQNTGELFF	1	0.0	0	'TRBV19-1.TRBJ2-2'	1
CASTLDSPSNTEAFF	1	0.0	0	'TRBV5-1.TRBJ1-1'	1
CASSHRGASSYNEQFF	1	0.0	0	'TRBV3-1.TRBJ2-1'	1
CAWGPKRAPYEQYF	1	0.0	0	'TRBV30-1.TRBJ2-7'	1
CASSKDFQRETQYF	1	0.0	0	'TRBV19-1.TRBJ2-5'	1
CASSQVGYNEQFF	1	0.0	0	'TRBV7-9.TRBJ2-1'	4
CASSPTGTGNKYGYTF	1	0.0	0	'TRBV27-1.TRBJ1-2'	1
CASSYSGTGELFF	1	0.0	0	'TRBV6-5.TRBJ2-2'	1
CASSFPVVGGGSSYNEQFF	1	0.0	0	'TRBV28-1.TRBJ2-1'	1
CASSPNPSDSYNEQFF	1	0.0	0	'TRBV5-1.TRBJ2-1'	1
CASSDRTDTRELFF	1	0.0	0	'TRBV19-1.TRBJ2-2'	1
CSAREQRGMNEQFF	1	0.0	0	'TRBV20-1.TRBJ2-1'	1
CAIQGATNTEAFF	1	0.0	0	'TRBV2-1.TRBJ1-1'	1
CASSGETEAFF	1	0.0	0	'TRBV6-5.TRBJ1-1'	2
CASSQGWAAEQYF	1	0.0	0	'TRBV4-1.TRBJ2-7'	10
CASSSGTANSPLHF	1	0.0	0	'TRBV5-6.TRBJ1-6'	2
CASSPGLAGEGEQFF	1	0.0	0	'TRBV5-1.TRBJ2-1'	1
CASSSSPHGYEQYF	1	0.0	0	'TRBV6-1.TRBJ2-7'	2
CASSLASRGSSYNEQFF	1	0.0	0	'TRBV7-2.TRBJ2-1'	1
CASSSGGTVETQYF	1	0.0	0	'TRBV7-7.TRBJ2-5'	1
CASTQPLWGQMNTEAFF	1	0.0	0	'TRBV6-1.TRBJ1-1'	1
CSAREKGVLNYGYTF	1	0.0	0	'TRBV20-1.TRBJ1-2'	12
CASSEETGRNTEAFF	1	0.0	0	'TRBV2-1.TRBJ1-1'	1
CASRGRTAGISPLHF	1	0.0	0	'TRBV5-1.TRBJ1-6'	1
CASSIVGDTEAFF	1	0.0	0	'TRBV19-1.TRBJ1-1'	1
CASFHEHSGNTIYF	1	0.0	0	'TRBV6-1.TRBJ1-3'	1
CASSFGQGADTQYF	1	0.0	0	'TRBV7-9.TRBJ2-3'	1
CASSYFRQGGDYEQYF	1	0.0	0	'TRBV6-5.TRBJ2-7'	1
CASSLLEQGPGTDTQYF	1	0.0	0	'TRBV5-1.TRBJ2-3'	2
CASSYSSIWGHHQETQYF	1	0.0	0	'TRBV6-5.TRBJ2-5'	1
CASSPRVGHEQYF	1	0.0	0	'TRBV27-1.TRBJ2-7'	3
CASRLLGTGRNTEAFF	1	0.0	0	'TRBV27-1.TRBJ1-1'	1
CASPDRVTDTQYF	1	0.0	0	'TRBV6-1.TRBJ2-3'	1
CASSGGAYEQYF	1	0.0	0	'TRBV2-1.TRBJ2-7'	1
CASSLGRGLSETQYF	1	0.0	0	'TRBV12-3.TRBJ2-5'	1
CASSLGTSGGAYNEQFF	1	0.0	0	'TRBV2-1.TRBJ2-1'	1
CASRVEIREETQYF	1	0.0	0	'TRBV6-1.TRBJ2-5'	1
CASSLSGGLSDEQFF	1	0.0	0	'TRBV7-3.TRBJ2-1'	1
CASSLGLNQPQHF	1	0.0	0	'TRBV7-2.TRBJ1-5'	1
CASSSGFGTSGYDEQFF	1	0.0	0	'TRBV7-9.TRBJ2-1'	1
CASSQDAGMNTEAFF	1	0.0	0	'TRBV4-3.TRBJ1-1'	1
CASSQSGLGVETQYF	1	0.0	0	'TRBV23-1.TRBJ2-5'	1
CASTDRENTEAFF	1	0.0	0	'TRBV12-3.TRBJ1-1'	1
CASSNLGGLGEKLFF	1	0.0	0	'TRBV28-1.TRBJ1-4'	1
CASSPQTNYGYTF	1	0.0	0	'TRBV7-2.TRBJ1-2'	2
CASSYSKFSVGNTIYF	1	0.0	0	'TRBV6-5.TRBJ1-3'	2
CSAKGLAGGLGLADTQYF	1	0.0	0	'TRBV20-1.TRBJ2-3'	1
CASSLDRGQTGNSPLHF	1	0.0	0	'TRBV5-1.TRBJ1-6'	1
CASSSWTGPSSYEQYF	1	0.0	0	'TRBV7-2.TRBJ2-7'	1
CASSDAGGENTIYF	1	0.0	0	'TRBV25-1.TRBJ1-3'	1
CSASSEGSRNIQYF	1	0.0	0	'TRBV20-1.TRBJ2-4'	1
CASSSGPRHEQYF	1	0.0	0	'TRBV7-8.TRBJ2-7'	1
CSARDGSGPGNNEQFF	1	0.0	0	'TRBV20-1.TRBJ2-1'	1
CSARDSWGRVNEQYF	1	0.0	0	'TRBV20-1.TRBJ2-7'	1
CASSLREGRTGELFF	1	0.0	0	'TRBV7-6.TRBJ2-2'	2
CASSQDPSGFVEAFF	1	0.0	0	'TRBV4-3.TRBJ1-1'	1
CASSSQRGGTPLHF	1	0.0	0	'TRBV3-1.TRBJ1-6'	2
CASGGAGDTQYF	1	0.0	0	'TRBV19-1.TRBJ2-3'	2
CSASPLTSDSYEQYF	1	0.0	0	'TRBV20-1.TRBJ2-7'	1
CSAREQGQGKGYGYTF	1	0.0	0	'TRBV20-1.TRBJ1-2'	1
CASRLLAGGTDTQYF	1	0.0	0	'TRBV6-5.TRBJ2-3'	1
CASSGRVGEGGNTEAFF	1	0.0	0	'TRBV7-9.TRBJ1-1'	1
CASRERGGLNTQYF	1	0.0	0	'TRBV6-5.TRBJ2-3'	1
CASSLDVSGAGTQYF	1	0.0	0	'TRBV11-2.TRBJ2-5'	2
CASSSREPSGNTIYF	1	0.0	0	'TRBV7-2.TRBJ1-3'	2
CSASPPGGGGKDTQYF	1	0.0	0	'TRBV20-1.TRBJ2-3'	1
CASSLRQGGVTEAFF	1	0.0	0	'TRBV12-3.TRBJ1-1'	1
CSARTGTGNTIYF	1	0.0	0	'TRBV20-1.TRBJ1-3'	1
CASSQTGEGQPQHF	1	0.0	0	'TRBV4-1.TRBJ1-5'	2
CASTLFGGETSYEQYF	1	0.0	0	'TRBV7-2.TRBJ2-7'	1
CASSIAGPPYEQYF	1	0.0	0	'TRBV12-3.TRBJ2-7'	2
CASSYRETAPLHF	1	0.0	0	'TRBV6-5.TRBJ1-6'	2
CASSFGGGYTF	1	0.0	0	'TRBV12-3.TRBJ1-2'	9
CASSLARGQGTNEKLFF	1	0.0	0	'TRBV7-8.TRBJ1-4'	1
CAWSWGPIYEQYF	1	0.0	0	'TRBV30-1.TRBJ2-7'	1
CASSQRGSGELFF	1	0.0	0	'TRBV28-1.TRBJ2-2'	3
CASSQGQTGGIIYF	1	0.0	0	'TRBV4-3.TRBJ2-7'	2
CASTRGRQGNYGYTF	1	0.0	0	'TRBV28-1.TRBJ1-2'	1
CASGTAGGPLHEQFF	1	0.0	0	'TRBV12-5.TRBJ2-1'	1
CASSITGIPTQYF	1	0.0	0	'TRBV7-2.TRBJ2-5'	1
CAIGAGNSGNTIYF	1	0.0	0	'TRBV10-3.TRBJ1-3'	1
CASSDSTDTQYF	1	0.0	0	'TRBV28-1.TRBJ2-3'	1
CASSLGTATLEQYF	1	0.0	0	'TRBV5-1.TRBJ2-7'	1
CSASKGWGQPQHF	1	0.0	0	'TRBV20-1.TRBJ1-5'	3
CASSLDQTTVGDEKLFF	1	0.0	0	'TRBV11-2.TRBJ1-4'	1
CASSDAGKGVSAEAFF	1	0.0	0	'TRBV5-4.TRBJ1-1'	1
CASSPYRWTGKETNEKLFF	1	0.0	0	'TRBV5-1.TRBJ1-4'	1
CASRTGGGYNEQFF	1	0.0	0	'TRBV5-1.TRBJ2-1'	1
CASSGVSNTGELFF	1	0.0	0	'TRBV2-1.TRBJ2-2'	1
CASSNPGGSDNEQFF	1	0.0	0	'TRBV27-1.TRBJ2-1'	1
CASSLGGSSSEEQFF	1	0.0	0	'TRBV7-7.TRBJ2-1'	1
CASSVESGGGGETQYF	1	0.0	0	'TRBV9-1.TRBJ2-5'	1
CSAKRGANEKLFF	1	0.0	0	'TRBV29-1.TRBJ1-4'	1
CASRSTGGNEQFF	1	0.0	0	'TRBV28-1.TRBJ2-1'	1
CASSLTTGFTDTQYF	1	0.0	0	'TRBV7-2.TRBJ2-3'	1
CASSYSYEQYF	1	0.0	0	'TRBV6-6.TRBJ2-7'	2
CASSTGYLASYEQYF	1	0.0	0	'TRBV6-1.TRBJ2-7'	1
CASSWSGINEKLFF	1	0.0	0	'TRBV28-1.TRBJ1-4'	1
CASRNIRGGTDTQYF	1	0.0	0	'TRBV11-1.TRBJ2-3'	1
CASSYVQGASGELFF	1	0.0	0	'TRBV6-5.TRBJ2-2'	1
CASKWTGYEQYF	1	0.0	0	'TRBV10-1.TRBJ2-7'	3
CASSLEGMGELFF	1	0.0	0	'TRBV5-6.TRBJ2-2'	1
CASSLRGPGSPLHF	1	0.0	0	'TRBV5-1.TRBJ1-6'	2
CASSLGLAAETQYF	1	0.0	0	'TRBV13-1.TRBJ2-5'	1
CSAGVPGRLNTIYF	1	0.0	0	'TRBV20-1.TRBJ1-3'	1
CASSRQGIGYTF	1	0.0	0	'TRBV27-1.TRBJ1-2'	2
CASSQQGTEAFF	1	0.0	0	'TRBV2-1.TRBJ1-1'	2
CASSGQGAHEQYF	1	0.0	0	'TRBV5-1.TRBJ2-7'	2
CASKYQGATNEKLFF	1	0.0	0	'TRBV27-1.TRBJ1-4'	3
CASSGTGGAYNSPLHF	1	0.0	0	'TRBV5-6.TRBJ1-6'	1
CASSSGPQETQYF	1	0.0	0	'TRBV7-3.TRBJ2-5'	1
CASSSLLAIRTEAFF	1	0.0	0	'TRBV21-1.TRBJ1-1'	1
CAALRDRGAYEQYF	1	0.0	0	'TRBV10-2.TRBJ2-7'	1
CASSESSYNSPLHF	1	0.0	0	'TRBV6-1.TRBJ1-6'	9
CASRPGQAYEQYF	1	0.0	0	'TRBV28-1.TRBJ2-7'	1
CASTGTASTDTQYF	1	0.0	0	'TRBV19-1.TRBJ2-3'	4
CASSRGLDGQPQHF	1	0.0	0	'TRBV2-1.TRBJ1-5'	1
CSAFITVPVTEAFF	1	0.0	0	'TRBV20-1.TRBJ1-1'	1
CASSIDGNSPLHF	1	0.0	0	'TRBV19-1.TRBJ1-6'	2
CASSTGPGTSAREQYF	1	0.0	0	'TRBV19-1.TRBJ2-7'	1
CASRGLAGGGESYNEQFF	1	0.0	0	'TRBV6-1.TRBJ2-1'	1
CASWPKGGFANGYTF	1	0.0	0	'TRBV7-8.TRBJ1-2'	1
CASSQDPRDTEAFF	1	0.0	0	'TRBV4-1.TRBJ1-1'	1
CASSQDPASGGITYEQYF	1	0.0	0	'TRBV3-1.TRBJ2-7'	5
CSARDPGQGAQGETQYF	1	0.0	0	'TRBV20-1.TRBJ2-5'	13
CASSEQGSEATQYF	1	0.0	0	'TRBV7-9.TRBJ2-5'	1
CASSQLGYGYTF	1	0.0	0	'TRBV3-1.TRBJ1-2'	2
CASSYQGAGGYTF	1	0.0	0	'TRBV6-5.TRBJ1-2'	1
CASSDWAGLNTGELFF	1	0.0	0	'TRBV9-1.TRBJ2-2'	1
CASTPAEGALYNEQFF	1	0.0	0	'TRBV19-1.TRBJ2-1'	1
CASSAGRTGLMNTEAFF	1	0.0	0	'TRBV5-1.TRBJ1-1'	1
CASSGELAGERYF	1	0.0	0	'TRBV10-2.TRBJ2-7'	1
CASSPPIGQPQHF	1	0.0	0	'TRBV18-1.TRBJ1-5'	3
CASSFPGTANTEAFF	1	0.0	0	'TRBV7-8.TRBJ1-1'	1
CASSPGLGFHGYTF	1	0.0	0	'TRBV18-1.TRBJ1-2'	5
CASSIAEYQETQYF	1	0.0	0	'TRBV28-1.TRBJ2-5'	1
CATSGPSPGQGPDTQYF	1	0.0	0	'TRBV24-1.TRBJ2-3'	1
CSASLRAANEQFF	1	0.0	0	'TRBV20-1.TRBJ2-1'	1
CASSEGTASYEQYF	1	0.0	0	'TRBV3-1.TRBJ2-7'	2
CASSEEATLSYEQYF	1	0.0	0	'TRBV6-1.TRBJ2-7'	2
CASSLTDRGSPLHF	1	0.0	0	'TRBV28-1.TRBJ1-6'	2
CASSVSRGNNEKLFF	1	0.0	0	'TRBV25-1.TRBJ1-4'	1
CASSLEPLRETQYF	1	0.0	0	'TRBV7-6.TRBJ2-5'	1
CAAQSGGSGELFF	1	0.0	0	'TRBV10-3.TRBJ2-2'	1
CASSLGLCYEQYF	1	0.0	0	'TRBV3-1.TRBJ2-7'	1
CASSSFSLMDTEAFF	1	0.0	0	'TRBV7-9.TRBJ1-1'	1
CASSLDTGDNYGYTF	1	0.0	0	'TRBV18-1.TRBJ1-2'	1
CASSYLLQGRNSPLHF	1	0.0	0	'TRBV6-5.TRBJ1-6'	1
CASSSRMGTPGRGSYNEQFF	1	0.0	0	'TRBV28-1.TRBJ2-1'	2
CASSVEGSGVGDTQYF	1	0.0	0	'TRBV9-1.TRBJ2-3'	1
CASSYDRKNTEAFF	1	0.0	0	'TRBV6-5.TRBJ1-1'	1
CASSYKGADYGYTF	2	0.468995593589	0.468995593589	'TRBV6-6.TRBJ1-2', 'TRBV6-2.TRBJ1-2'	9, 1
CASRATGVKDYNEQFF	1	0.0	0	'TRBV6-2.TRBJ2-1'	1
CSLKRGTGNEQFF	1	0.0	0	'TRBV29-1.TRBJ2-1'	1
CASSDFESEQYF	1	0.0	0	'TRBV6-1.TRBJ2-7'	1
CASSRQGWVYGYTF	1	0.0	0	'TRBV6-4.TRBJ1-2'	2
CASSYSTGGLSSYEQYF	1	0.0	0	'TRBV6-5.TRBJ2-7'	1
CASSLGPLTDTQYF	1	0.0	0	'TRBV11-2.TRBJ2-3'	1
CASSPRQVSYEQYF	1	0.0	0	'TRBV7-2.TRBJ2-7'	1
CASTLRGADTGELFF	1	0.0	0	'TRBV7-8.TRBJ2-2'	1
CASSPEDREKTEAFF	1	0.0	0	'TRBV3-1.TRBJ1-1'	4
CASSLVLGGGARADTQYF	1	0.0	0	'TRBV11-2.TRBJ2-3'	1
CASSPRPSSEYEQYF	1	0.0	0	'TRBV3-1.TRBJ2-7'	11
CASSPTPGRGESSGANVLTF	1	0.0	0	'TRBV28-1.TRBJ2-6'	1
CASSYSLVSEAFF	1	0.0	0	'TRBV6-5.TRBJ1-1'	2
CASRPPSAGQGTEAFF	1	0.0	0	'TRBV6-2.TRBJ1-1'	1
CASRERGGLSNEQFF	1	0.0	0	'TRBV6-5.TRBJ2-1'	1
CASSVNRLGYEKLFF	1	0.0	0	'TRBV7-9.TRBJ1-4'	1
CSATLTSTDTQYF	1	0.0	0	'TRBV20-1.TRBJ2-3'	3
CASSEPPGQIYEQYF	1	0.0	0	'TRBV6-1.TRBJ2-7'	2
CASSLRGVYNEQFF	1	0.0	0	'TRBV5-6.TRBJ2-1'	1
CASSLGQGLGTEAFF	1	0.0	0	'TRBV5-4.TRBJ1-1'	1
CASRRDNLNTGELFF	1	0.0	0	'TRBV11-2.TRBJ2-2'	1
CAWSFRTDYTEAFF	1	0.0	0	'TRBV30-1.TRBJ1-1'	2
CSGKGVGEQYF	1	0.0	0	'TRBV29-1.TRBJ2-7'	1
CSARDRAGNTEAFF	1	0.0	0	'TRBV20-1.TRBJ1-1'	1
CASSPRGGGLYNEQFF	1	0.0	0	'TRBV7-2.TRBJ2-1'	1
CASRTVDNSPLHF	1	0.0	0	'TRBV6-6.TRBJ1-6'	1
CAISARVEETQYF	1	0.0	0	'TRBV10-3.TRBJ2-5'	1
CASSVEPNIGTDTQYF	1	0.0	0	'TRBV9-1.TRBJ2-3'	1
CASSSGRFNSPLHF	1	0.0	0	'TRBV11-1.TRBJ1-6'	2
CSARDGAGAQETQYF	1	0.0	0	'TRBV20-1.TRBJ2-5'	1
CASSPGQGLPLHF	1	0.0	0	'TRBV7-3.TRBJ1-6'	1
CASTYYNEQFF	1	0.0	0	'TRBV6-2.TRBJ2-1'	6
CSAMDGDQPQHF	1	0.0	0	'TRBV20-1.TRBJ1-5'	1
CASSSRDRALVGQFF	1	0.0	0	'TRBV7-2.TRBJ2-1'	3
CASSLSAPTDTQYF	1	0.0	0	'TRBV5-1.TRBJ2-3'	3
CASRTGDRNGYTF	1	0.0	0	'TRBV5-1.TRBJ1-2'	1
CASSLYEQYF	1	0.0	0	'TRBV6-1.TRBJ2-7'	1
CASSKRSTVSDTQYF	1	0.0	0	'TRBV3-1.TRBJ2-3'	1
CASSLETSGGGEQYF	1	0.0	0	'TRBV5-6.TRBJ2-7'	1
CASSSTSEDTQYF	1	0.0	0	'TRBV27-1.TRBJ2-3'	1
CASSQEIVPQIGDTQYF	1	0.0	0	'TRBV4-2.TRBJ2-3'	1
CASSFSGLNQPQHF	1	0.0	0	'TRBV5-1.TRBJ1-5'	1
CASSQIGTGVYEQYF	1	0.0	0	'TRBV4-3.TRBJ2-7'	1
CSAEVDRASYEQYF	1	0.0	0	'TRBV20-1.TRBJ2-7'	3
CSGTRQGWYEQYF	1	0.0	0	'TRBV20-1.TRBJ2-7'	1
CASSQGLFDTDTQYF	1	0.0	0	'TRBV3-1.TRBJ2-3'	2
CASHETGASSYEQYF	1	0.0	0	'TRBV2-1.TRBJ2-7'	1
CASSGGRAPRDGYTF	1	0.0	0	'TRBV6-4.TRBJ1-2'	1
CASSYSGQRQETQYF	1	0.0	0	'TRBV6-5.TRBJ2-5'	1
CASSLNRGGGTDTQYF	1	0.0	0	'TRBV5-1.TRBJ2-3'	1
CASTSGRGVAGELFF	1	0.0	0	'TRBV7-7.TRBJ2-2'	2
CASSERGFGAEETQYF	1	0.0	0	'TRBV2-1.TRBJ2-5'	1
CASSPASSYEQYF	1	0.0	0	'TRBV7-9.TRBJ2-7'	2
CAISEWGRWDYEQYF	1	0.0	0	'TRBV10-3.TRBJ2-7'	2
CASSTGVNNEQFF	1	0.0	0	'TRBV7-3.TRBJ2-1'	2
CASSPSRGVGGYTF	1	0.0	0	'TRBV7-6.TRBJ1-2'	1
CASSEGGESQPQHF	1	0.0	0	'TRBV19-1.TRBJ1-5'	4
CASNRGLNTEAFF	1	0.0	0	'TRBV5-5.TRBJ1-1'	1
CASTRTWGYNEQFF	1	0.0	0	'TRBV12-3.TRBJ2-1'	3
CASSRDDYGYTF	1	0.0	0	'TRBV10-2.TRBJ1-2'	1
CASSPRDRGTQYF	1	0.0	0	'TRBV12-3.TRBJ2-5'	1
CASSLITGGDTEAFF	1	0.0	0	'TRBV7-9.TRBJ1-1'	1
CASSQTTGLHSPLHF	1	0.0	0	'TRBV27-1.TRBJ1-6'	2
CASSYSSSSGVSYNEQFF	1	0.0	0	'TRBV6-5.TRBJ2-1'	1
CASNPAAGGTEAFF	1	0.0	0	'TRBV19-1.TRBJ1-1'	1
CASSIIGNEQFF	1	0.0	0	'TRBV27-1.TRBJ2-1'	1
CASSRITAGGPYNEQFF	1	0.0	0	'TRBV4-3.TRBJ2-1'	1
CASSLFADTYQETQYF	1	0.0	0	'TRBV28-1.TRBJ2-5'	1
CASSLDRGLGGYTF	1	0.0	0	'TRBV11-2.TRBJ1-2'	1
CASSIDRDRVNTEAFF	1	0.0	0	'TRBV19-1.TRBJ1-1'	1
CASSPTAGKHYEQYF	1	0.0	0	'TRBV18-1.TRBJ2-7'	1
CASSLRWDYEQYF	1	0.0	0	'TRBV27-1.TRBJ2-7'	2
CASRVGAPGTDTQYF	1	0.0	0	'TRBV2-1.TRBJ2-3'	1
CASSPGHQNEKLFF	1	0.0	0	'TRBV6-2.TRBJ1-4'	1
CASSLAPGGTYNEQFF	1	0.0	0	'TRBV3-1.TRBJ2-1'	2
CASRGSGELFF	1	0.0	0	'TRBV12-3.TRBJ2-2'	1
CASSYVFENTEAFF	1	0.0	0	'TRBV7-9.TRBJ1-1'	2
CASSLTGAHYEQYF	1	0.0	0	'TRBV7-2.TRBJ2-7'	1
CASSPDPNSPLHF	1	0.0	0	'TRBV5-1.TRBJ1-6'	2
CASSPGGGNTEAFF	1	0.0	0	'TRBV27-1.TRBJ1-1'	2
CASSPGSGTTDTQYF	1	0.0	0	'TRBV4-2.TRBJ2-3'	6
CASSQDRFQGGTEAFF	1	0.0	0	'TRBV4-3.TRBJ1-1'	2
CASSPSGAGGQKFF	1	0.0	0	'TRBV11-3.TRBJ2-1'	1
CASSQAGGGTDTQYF	1	0.0	0	'TRBV4-1.TRBJ2-3'	2
CASSIHTGEYGYTF	1	0.0	0	'TRBV28-1.TRBJ1-2'	1
CASSLRDSSYEQYF	1	0.0	0	'TRBV12-3.TRBJ2-7'	2
CASSAYYRPKGDTQYF	1	0.0	0	'TRBV6-2.TRBJ2-3'	2
CASSVTSGGAGTDTQYF	1	0.0	0	'TRBV6-1.TRBJ2-3'	1
CSVEASGGSTDTQYF	1	0.0	0	'TRBV29-1.TRBJ2-3'	1
CASYRGDTEAFF	1	0.0	0	'TRBV12-3.TRBJ1-1'	1
CASSQALAGGDTQYF	1	0.0	0	'TRBV5-1.TRBJ2-3'	1
CASSPRVPGQGLGTGELFF	1	0.0	0	'TRBV9-1.TRBJ2-2'	1
CASGRTLSNQPQHF	1	0.0	0	'TRBV2-1.TRBJ1-5'	3
CASSAGTLSYNEQFF	1	0.0	0	'TRBV10-2.TRBJ2-1'	1
CASSPDRGDQPQHF	1	0.0	0	'TRBV7-2.TRBJ1-5'	1
CASSGTDYNEQFF	1	0.0	0	'TRBV7-9.TRBJ2-1'	1
CASSLGRADTQYF	1	0.0	0	'TRBV11-3.TRBJ2-3'	1
CASSPDQTTDTQYF	1	0.0	0	'TRBV5-1.TRBJ2-3'	2
CASSQGDRANYEQYF	1	0.0	0	'TRBV3-1.TRBJ2-7'	2
CAWRDPQGGGYTF	1	0.0	0	'TRBV30-1.TRBJ1-2'	15
CASSMTSSGETQYF	1	0.0	0	'TRBV5-5.TRBJ2-5'	1
CASGPGSSYNSPLHF	1	0.0	0	'TRBV28-1.TRBJ1-6'	3
CASSTRPEANYGYTF	1	0.0	0	'TRBV5-1.TRBJ1-2'	1
CASRQAGVPNSPLHF	1	0.0	0	'TRBV2-1.TRBJ1-6'	2
CASSPTVGFAGELFF	1	0.0	0	'TRBV4-3.TRBJ2-2'	7
CASSPQDYYGYTF	1	0.0	0	'TRBV19-1.TRBJ1-2'	1
CSVEGIDTQYF	1	0.0	0	'TRBV29-1.TRBJ2-3'	1
CASSLVGVRNTEAFF	1	0.0	0	'TRBV5-1.TRBJ1-1'	1
CASSYLSQGRMNTEAFF	1	0.0	0	'TRBV6-2.TRBJ1-1'	1
CASSDGTGRGNSGNTIYF	1	0.0	0	'TRBV9-1.TRBJ1-3'	1
CASSLYGGTQETQYF	1	0.0	0	'TRBV28-1.TRBJ2-5'	1
CSALGRAGYTF	1	0.0	0	'TRBV20-1.TRBJ1-2'	2
CSARGGWDTEAFF	1	0.0	0	'TRBV20-1.TRBJ1-1'	6
CASSYTGTAEAFF	1	0.0	0	'TRBV6-5.TRBJ1-1'	1
CASNLGNEQFF	1	0.0	0	'TRBV7-9.TRBJ2-1'	2
CASSQSGTATGELFF	1	0.0	0	'TRBV5-1.TRBJ2-2'	1
CATRGAGSQETQYF	1	0.0	0	'TRBV24-1.TRBJ2-5'	1
CASSLDQGQGGYTF	1	0.0	0	'TRBV5-7.TRBJ1-2'	1
CSARGQGAFYGYTF	1	0.0	0	'TRBV20-1.TRBJ1-2'	1
CSALPDTQGMGNQPQHF	1	0.0	0	'TRBV20-1.TRBJ1-5'	1
CASSYSQPHSNQPQHF	1	0.0	0	'TRBV6-5.TRBJ1-5'	1
CSAREDRGSNEQFF	1	0.0	0	'TRBV20-1.TRBJ2-1'	1
CSARPRTGNSPLHF	1	0.0	0	'TRBV20-1.TRBJ1-6'	2
CASSHWGAAGNTIYF	1	0.0	0	'TRBV3-1.TRBJ1-3'	3
CASRTGTNKEGGTYGYTF	1	0.0	0	'TRBV7-8.TRBJ1-2'	1
CSARPLGQAKADGYTF	1	0.0	0	'TRBV20-1.TRBJ1-2'	1
CASSFHEQYF	1	0.0	0	'TRBV27-1.TRBJ2-7'	2
CASSFYGQLLGEAFF	1	0.0	0	'TRBV5-6.TRBJ1-1'	1
CATCPDLCTDTQYF	1	0.0	0	'TRBV27-1.TRBJ2-3'	1
CASSRDRGLADTQYF	1	0.0	0	'TRBV18-1.TRBJ2-3'	1
CAISDSNQPQHF	1	0.0	0	'TRBV10-3.TRBJ1-5'	3
CASSPGTGTYGYTF	1	0.0	0	'TRBV10-2.TRBJ1-2'	4
CASSLWGLAGPPQETQYF	1	0.0	0	'TRBV28-1.TRBJ2-5'	1
CASSIAGGGSQNLAKNIQYF	1	0.0	0	'TRBV19-1.TRBJ2-4'	1
CASSLVDGTEAFF	1	0.0	0	'TRBV7-9.TRBJ1-1'	1
CASSTQVGGNEKLFF	1	0.0	0	'TRBV7-2.TRBJ1-4'	1
CASSEARGGLYSPLHF	1	0.0	0	'TRBV2-1.TRBJ1-6'	1
CASRLAGAYNEQFF	1	0.0	0	'TRBV28-1.TRBJ2-1'	1
CASSKYSGLGHEQFF	1	0.0	0	'TRBV11-2.TRBJ2-1'	1
CASRQTGGISPLHF	1	0.0	0	'TRBV14-1.TRBJ1-6'	17
CASRAGQGYRNSPLHF	1	0.0	0	'TRBV10-2.TRBJ1-6'	1
CASSEGRGPSNQPQHF	1	0.0	0	'TRBV2-1.TRBJ1-5'	1
CASSLVGNQPQHF	1	0.0	0	'TRBV6-5.TRBJ1-5'	2
CSVEGADLYNEQFF	1	0.0	0	'TRBV29-1.TRBJ2-1'	4
CASIRGQAGQPQHF	1	0.0	0	'TRBV6-9.TRBJ1-5'	2
CASSSKGMNSPLHF	1	0.0	0	'TRBV27-1.TRBJ1-6'	1
CASSSSQGNTEAFF	1	0.0	0	'TRBV28-1.TRBJ1-1'	1
CASSSGTVGYNEQFF	1	0.0	0	'TRBV6-6.TRBJ2-1'	1
CASSLEAEGAQYF	1	0.0	0	'TRBV7-2.TRBJ2-3'	1
CASSGKAGGPTDTQYF	1	0.0	0	'TRBV9-1.TRBJ2-3'	1
CASSVGGSYNSPLHF	1	0.0	0	'TRBV9-1.TRBJ1-6'	2
CATSDQQGVGTDTQYF	1	0.0	0	'TRBV24-1.TRBJ2-3'	1
CASSLDRGGTEAFF	1	0.0	0	'TRBV11-2.TRBJ1-1'	3
CASSTGRSSYNEQFF	1	0.0	0	'TRBV6-5.TRBJ2-1'	1
CATGQANTEAFF	1	0.0	0	'TRBV20-1.TRBJ1-1'	2
CASSPRGGGELFF	1	0.0	0	'TRBV28-1.TRBJ2-2'	1
CSAGGGQGNYGYTF	1	0.0	0	'TRBV29-1.TRBJ1-2'	1
CASSDQGPSNQPQHF	1	0.0	0	'TRBV2-1.TRBJ1-5'	1
CASMLQGLGNQPQHF	1	0.0	0	'TRBV19-1.TRBJ1-5'	1
CASSLTGTNNSPLHF	1	0.0	0	'TRBV7-8.TRBJ1-6'	2
CASSLGGSGMEQYF	1	0.0	0	'TRBV7-9.TRBJ2-7'	1
CASSSGQGYGYTF	1	0.0	0	'TRBV12-3.TRBJ1-2'	2
CASSLKVKEAGNTIYF	1	0.0	0	'TRBV28-1.TRBJ1-3'	1
CASSLNRAPYGYTF	1	0.0	0	'TRBV28-1.TRBJ1-2'	1
CASSRQGAGYTF	1	0.0	0	'TRBV6-6.TRBJ1-2'	1
CASTSAQPQHF	1	0.0	0	'TRBV28-1.TRBJ1-5'	1
CSVSGDQETQYF	1	0.0	0	'TRBV20-1.TRBJ2-5'	1
CASSQDWTGLNSPLHF	1	0.0	0	'TRBV4-3.TRBJ1-6'	1
CASSRSGGTGQPQHF	1	0.0	0	'TRBV3-1.TRBJ1-5'	2
CASSSTAAGGYTF	1	0.0	0	'TRBV27-1.TRBJ1-2'	29
CASSSDSSPWAF	1	0.0	0	'TRBV5-4.TRBJ1-2'	1
CSVALWNTEAFF	1	0.0	0	'TRBV29-1.TRBJ1-1'	1
CASSYKRPGQTYNEQFF	1	0.0	0	'TRBV6-5.TRBJ2-1'	1
CSVERGRSYNEQFF	1	0.0	0	'TRBV29-1.TRBJ2-1'	1
CASSIPGSQVGYTF	1	0.0	0	'TRBV19-1.TRBJ1-2'	1
CASSLARQETQYF	1	0.0	0	'TRBV7-2.TRBJ2-5'	4
CASSDRTGNYGYTF	1	0.0	0	'TRBV11-2.TRBJ1-2'	8
CASSLASGVTYNEQFF	1	0.0	0	'TRBV5-1.TRBJ2-1'	1
CATSRAGAISEQYF	1	0.0	0	'TRBV24-1.TRBJ2-7'	13
CASSSTPPGQGYTGELFF	1	0.0	0	'TRBV5-1.TRBJ2-2'	5
CASRLATRTDTQYF	1	0.0	0	'TRBV6-5.TRBJ2-3'	1
CASSPPGQYNEQFF	1	0.0	0	'TRBV11-2.TRBJ2-1'	2
CASTEGGRFHTEAFF	1	0.0	0	'TRBV6-2.TRBJ1-1'	2
CASSELATGTNVLTF	1	0.0	0	'TRBV2-1.TRBJ2-6'	1
CSVVGRVLAGGPGDTQYF	1	0.0	0	'TRBV29-1.TRBJ2-3'	1
CASSPLSGDYNEQFF	1	0.0	0	'TRBV18-1.TRBJ2-1'	1
CASSRRTGGFNGYTF	1	0.0	0	'TRBV2-1.TRBJ1-2'	2
CASSVGSGGNTGELFF	1	0.0	0	'TRBV9-1.TRBJ2-2'	1
CAWFNGHLVF	1	0.0	0	'TRBV30-1.TRBJ1-2'	1
CASSQFWEDEQFF	1	0.0	0	'TRBV9-1.TRBJ2-1'	1
CASSFYLSGVPSTDTQYF	1	0.0	0	'TRBV7-2.TRBJ2-3'	1
CASSPGPSNTEAFF	1	0.0	0	'TRBV7-8.TRBJ1-1'	1
CASSPRERYVPGEQFF	1	0.0	0	'TRBV18-1.TRBJ2-1'	22
CARGTQMSKGATNEKLFF	1	0.0	0	'TRBV6-1.TRBJ1-4'	1
CASSFEGKVNTEAFF	1	0.0	0	'TRBV28-1.TRBJ1-1'	1
CASSRTSGVGEQYF	1	0.0	0	'TRBV9-1.TRBJ2-7'	1
CASSYESGSYTEAFF	1	0.0	0	'TRBV6-6.TRBJ1-1'	1
CASTSRDRGVPEAFF	1	0.0	0	'TRBV19-1.TRBJ1-1'	3
CASSLFGTGGYEQYF	1	0.0	0	'TRBV27-1.TRBJ2-7'	1
CASSSAGDNTDTQYF	1	0.0	0	'TRBV6-2.TRBJ2-3'	1
CASSWWGQSTDTQYF	1	0.0	0	'TRBV5-1.TRBJ2-3'	1
CAWSGQRPGTGRKATNEKLFF	1	0.0	0	'TRBV30-1.TRBJ1-4'	1
CASSFWGGLNTEAFF	1	0.0	0	'TRBV5-4.TRBJ1-1'	1
CSANTGEARPQHF	1	0.0	0	'TRBV20-1.TRBJ1-5'	3
CASSFGQMNTEAFF	1	0.0	0	'TRBV11-2.TRBJ1-1'	1
CASSLTRQEGYYGYTF	1	0.0	0	'TRBV11-2.TRBJ1-2'	1
CASSWGQEINYGYTF	1	0.0	0	'TRBV6-5.TRBJ1-2'	1
CASSPGGGTEAFF	1	0.0	0	'TRBV6-2.TRBJ1-1'	1
CSALELAGSQETQYF	1	0.0	0	'TRBV20-1.TRBJ2-5'	1
CSFKGILSYNEQFF	1	0.0	0	'TRBV20-1.TRBJ2-1'	1
CASSPGTTNTEAFF	1	0.0	0	'TRBV6-4.TRBJ1-1'	2
CSARYKNTEAFF	1	0.0	0	'TRBV20-1.TRBJ1-1'	1
CASSLGVRGQYF	1	0.0	0	'TRBV28-1.TRBJ2-3'	1
CASSFAQGSYEQYF	1	0.0	0	'TRBV3-1.TRBJ2-7'	4
CASSQATGRISTDTQYF	1	0.0	0	'TRBV4-3.TRBJ2-3'	1
CASSLRQGAGEKLFF	1	0.0	0	'TRBV12-3.TRBJ1-4'	1
CSVVMFPNEQFF	1	0.0	0	'TRBV29-1.TRBJ2-1'	1
CSAKDPFNTEAFF	1	0.0	0	'TRBV20-1.TRBJ1-1'	2
CASSLDTSGGPDTQYF	1	0.0	0	'TRBV7-9.TRBJ2-3'	1
CASSVVPDRGVGYTF	1	0.0	0	'TRBV9-1.TRBJ1-2'	1
CSAREAGELVSYGYTF	1	0.0	0	'TRBV20-1.TRBJ1-2'	1
CASSPPTSGSETQYF	1	0.0	0	'TRBV18-1.TRBJ2-5'	13
CASSVTTASTNEKLFF	1	0.0	0	'TRBV9-1.TRBJ1-4'	1
CSARDLAGSSLWPQHF	1	0.0	0	'TRBV20-1.TRBJ1-5'	1
RAKVRASSPDRLGYEQYF	1	0.0	0	'TRBV7-3.TRBJ2-7'	3
CASSPGQGTIGLNQPQHF	1	0.0	0	'TRBV7-2.TRBJ1-5'	1
CASSQSIRGAVF	1	0.0	0	'TRBV23-1.TRBJ2-2'	1
CASSPGGVGYTF	1	0.0	0	'TRBV7-9.TRBJ1-2'	1
CASSATGGPYEQYF	1	0.0	0	'TRBV9-1.TRBJ2-7'	1
CASSPPSTANTGELFF	1	0.0	0	'TRBV18-1.TRBJ2-2'	1
CASSARTFYGYTF	1	0.0	0	'TRBV28-1.TRBJ1-2'	8
CASSERSDSPLHF	1	0.0	0	'TRBV5-1.TRBJ1-6'	2
CASSVRDGSPLHF	1	0.0	0	'TRBV27-1.TRBJ1-6'	2
CASSLIGRSSGNTIYF	1	0.0	0	'TRBV7-9.TRBJ1-3'	1
CSVDQGNGNTIYF	1	0.0	0	'TRBV29-1.TRBJ1-3'	1
CASSPDRLAGSDTQYF	1	0.0	0	'TRBV7-2.TRBJ2-3'	1
CASSVVGTDTQYF	1	0.0	0	'TRBV9-1.TRBJ2-3'	2
CSADRAVEAFF	1	0.0	0	'TRBV20-1.TRBJ1-1'	1
CASKGWGENQPQHF	1	0.0	0	'TRBV5-8.TRBJ1-5'	2
CASSQDGLEADTQYF	1	0.0	0	'TRBV4-3.TRBJ2-3'	1
CSATGFSYEQYF	1	0.0	0	'TRBV20-1.TRBJ2-7'	1
CASSLGTSGGSSYNEQFF	1	0.0	0	'TRBV5-1.TRBJ2-1'	1
CASSPTVEAPLCF	1	0.0	0	'TRBV27-1.TRBJ2-7'	3
CASSTDIGNYGYTF	1	0.0	0	'TRBV19-1.TRBJ1-2'	1
CASSQAPADTQYF	1	0.0	0	'TRBV14-1.TRBJ2-3'	1
CASTSSVTEAFF	1	0.0	0	'TRBV7-9.TRBJ1-1'	19
CASSQGTSAGYTF	1	0.0	0	'TRBV4-3.TRBJ1-2'	2
CASSIDLASGYTDTQYF	1	0.0	0	'TRBV19-1.TRBJ2-3'	7
CASSVGGWETQYF	1	0.0	0	'TRBV9-1.TRBJ2-5'	11
CASGGLSYGYTF	1	0.0	0	'TRBV11-2.TRBJ1-2'	1
CASSYKEGGTTEAFF	1	0.0	0	'TRBV7-9.TRBJ1-1'	1
CSARGTEYRLNSPLHF	1	0.0	0	'TRBV20-1.TRBJ1-6'	1
CASSVVGLAGGRDTQYF	1	0.0	0	'TRBV9-1.TRBJ2-3'	3
CASQGYEQYF	1	0.0	0	'TRBV10-1.TRBJ2-7'	1
CASNTGGANTGELFF	1	0.0	0	'TRBV6-5.TRBJ2-2'	1
CASRTEQGSDTQYF	1	0.0	0	'TRBV5-1.TRBJ2-3'	2
CSARFHGYTF	1	0.0	0	'TRBV20-1.TRBJ1-2'	1
CASRGGTGTDTQYF	1	0.0	0	'TRBV2-1.TRBJ2-3'	1
CASSVDFFPNTQYF	1	0.0	0	'TRBV9-1.TRBJ2-3'	1
CASSLEPSAYEQYF	1	0.0	0	'TRBV11-2.TRBJ2-7'	1
CASSFEGPNTEAFF	1	0.0	0	'TRBV6-5.TRBJ1-1'	1
CASSTPWAKNIQYF	1	0.0	0	'TRBV21-1.TRBJ2-4'	1
CASSRGPNYGYTF	1	0.0	0	'TRBV12-3.TRBJ1-2'	1
CASSLVSVGRSGNTIYF	1	0.0	0	'TRBV5-1.TRBJ1-3'	1
CASSSTGGNEQFF	1	0.0	0	'TRBV7-3.TRBJ2-1'	1
CASSLKPGTAGLAGGKQETQYF	1	0.0	0	'TRBV7-6.TRBJ2-5'	1
CASSAQEVGGQPQHF	1	0.0	0	'TRBV28-1.TRBJ1-5'	3
CASSQTGLSEDEQFF	1	0.0	0	'TRBV4-2.TRBJ2-1'	1
CASSLGQGVLETQYF	1	0.0	0	'TRBV5-1.TRBJ2-5'	1
CASSLGGPGGANVLTF	1	0.0	0	'TRBV11-2.TRBJ2-6'	1
CASSFKTSAGEQYF	1	0.0	0	'TRBV7-2.TRBJ2-7'	2
CASSPDTSYGYTF	1	0.0	0	'TRBV5-6.TRBJ1-2'	1
CSAEPGYDKNIQYF	1	0.0	0	'TRBV20-1.TRBJ2-4'	1
CASSSEVYNEQFF	1	0.0	0	'TRBV6-2.TRBJ2-1'	2
CASSLEGAGYNEQFF	1	0.0	0	'TRBV7-8.TRBJ2-1'	1
CASSQDRAGDQHF	1	0.0	0	'TRBV3-1.TRBJ1-5'	2
CSARNRDYGYTF	1	0.0	0	'TRBV20-1.TRBJ1-2'	1
CSAIRGKDEQFF	1	0.0	0	'TRBV20-1.TRBJ2-1'	1
CASSLGHSGGRTEAFF	1	0.0	0	'TRBV7-3.TRBJ1-1'	1
CASSKVGSGGQGSNEQFF	1	0.0	0	'TRBV21-1.TRBJ2-1'	1
CASSGTGTSGVYEQFF	1	0.0	0	'TRBV19-1.TRBJ2-1'	1
CSVGAGPSTDTQYF	1	0.0	0	'TRBV29-1.TRBJ2-3'	1
CASSLAPMGNSPLHF	1	0.0	0	'TRBV7-2.TRBJ1-6'	1
CASSQEPLILDGYTF	1	0.0	0	'TRBV3-1.TRBJ1-2'	2
CASLQAGYNSPLHF	1	0.0	0	'TRBV5-5.TRBJ1-6'	2
CASSQQFSSYNEQFF	1	0.0	0	'TRBV14-1.TRBJ2-1'	1
CASSRGDTQYF	1	0.0	0	'TRBV7-8.TRBJ2-3'	1
CATSDRLGSDISTGELFF	1	0.0	0	'TRBV24-1.TRBJ2-2'	1
CASSESLDTDTQYF	1	0.0	0	'TRBV10-1.TRBJ2-3'	1
CASSHIRDRPKGNEQFF	1	0.0	0	'TRBV28-1.TRBJ2-1'	1
CASSGQGISSGANVLTF	1	0.0	0	'TRBV6-2.TRBJ2-6'	2
CASSPGTGGPNYGYTF	1	0.0	0	'TRBV18-1.TRBJ1-2'	1
CASSPTPGTQFPQLLPNSNQPQHF	1	0.0	0	'TRBV18-1.TRBJ1-5'	2
CATLTPHTGLEAFF	1	0.0	0	'TRBV28-1.TRBJ1-1'	1
CASSPPSGSYEQYF	1	0.0	0	'TRBV7-9.TRBJ2-7'	1
CASTELAGGYNEQFF	1	0.0	0	'TRBV12-3.TRBJ2-1'	1
CATSIRAGTDTQYF	1	0.0	0	'TRBV10-2.TRBJ2-3'	1
CASSLAPGAGYTF	1	0.0	0	'TRBV12-3.TRBJ1-2'	2
CASSEGGGQPQHF	1	0.0	0	'TRBV2-1.TRBJ1-5'	1
CASSQDAYREGPGNTIYF	1	0.0	0	'TRBV4-3.TRBJ1-3'	1
CASSLQAGDSPLHF	1	0.0	0	'TRBV5-1.TRBJ1-6'	1
CASSEGRGGISEAFF	1	0.0	0	'TRBV2-1.TRBJ1-1'	2
CASSLWTDNEQFF	1	0.0	0	'TRBV5-1.TRBJ2-1'	1
CASSQDGVNSLAQHF	1	0.0	0	'TRBV4-2.TRBJ1-5'	1
CASSPGTPTNYGYTF	1	0.0	0	'TRBV2-1.TRBJ1-2'	1
CASSLPGTDTQYF	1	0.0	0	'TRBV7-6.TRBJ2-3'	6
CSASGRTYEQYF	1	0.0	0	'TRBV20-1.TRBJ2-7'	1
CASSFSGTNEKLFF	1	0.0	0	'TRBV27-1.TRBJ1-4'	3
CSGKGVGQQYF	1	0.0	0	'TRBV29-1.TRBJ2-7'	1
CASSPLGVVYGYTF	1	0.0	0	'TRBV12-3.TRBJ1-2'	1
CASSSQIQLRTSGGCSGANVLTF	1	0.0	0	'TRBV7-2.TRBJ2-6'	1
CASSPEAGGTYNEQFF	1	0.0	0	'TRBV3-1.TRBJ2-1'	1
CASSSGTLNEKLFF	1	0.0	0	'TRBV6-5.TRBJ1-4'	1
CASSVGQGYGYTF	1	0.0	0	'TRBV12-3.TRBJ1-2'	3
CSARFPNTGELFF	1	0.0	0	'TRBV20-1.TRBJ2-2'	1
CASSKDRLRSSYNSPLHF	1	0.0	0	'TRBV21-1.TRBJ1-6'	1
CASSFRGDGELFF	1	0.0	0	'TRBV28-1.TRBJ2-2'	1
CAWRARDTQYF	1	0.0	0	'TRBV30-1.TRBJ2-3'	1
CASTSKRESTDTQYF	1	0.0	0	'TRBV6-2.TRBJ2-3'	1
CASSKDGRTSGGAEQETQYF	1	0.0	0	'TRBV21-1.TRBJ2-5'	2
CSARDVGQLSNYGYTF	1	0.0	0	'TRBV20-1.TRBJ1-2'	13
CASSLEWRSNQPQHF	1	0.0	0	'TRBV27-1.TRBJ1-5'	1
CASSLDVTGGDGYTF	1	0.0	0	'TRBV11-2.TRBJ1-2'	5
CASSTGAPSYNEQFF	1	0.0	0	'TRBV10-2.TRBJ2-1'	1
CASSRPDRGSGELFF	1	0.0	0	'TRBV18-1.TRBJ2-2'	1
CASSFLETEAFF	1	0.0	0	'TRBV7-9.TRBJ1-1'	2
CASSQQTSNAEAFF	1	0.0	0	'TRBV11-2.TRBJ1-1'	1
CASSVVPDRGYDGYTF	1	0.0	0	'TRBV9-1.TRBJ1-2'	1
CSARGLAGDTGELFF	1	0.0	0	'TRBV20-1.TRBJ2-2'	2
CSARGTRSSYNEQFF	1	0.0	0	'TRBV20-1.TRBJ2-1'	2
CASSPWDRRENTIYF	1	0.0	0	'TRBV5-5.TRBJ1-3'	2
CASSETGLNQPQHF	1	0.0	0	'TRBV6-1.TRBJ1-5'	3
CASSLQGYDTEAFF	1	0.0	0	'TRBV11-2.TRBJ1-1'	1
CASSHPQGARAGELFF	1	0.0	0	'TRBV7-9.TRBJ2-2'	1
CASSSGGAQYF	1	0.0	0	'TRBV12-3.TRBJ2-5'	1
CASSDRPEQYF	1	0.0	0	'TRBV2-1.TRBJ2-7'	1
CASSQSRPRNQPQHF	1	0.0	0	'TRBV28-1.TRBJ1-5'	1
CASSPLRGVDEQFF	1	0.0	0	'TRBV18-1.TRBJ2-1'	8
CAWRSRLTFMNTEAFF	1	0.0	0	'TRBV30-1.TRBJ1-1'	1
CASRTGGEGQPQHF	1	0.0	0	'TRBV6-6.TRBJ1-5'	1
CASSLESLMNTEAFF	1	0.0	0	'TRBV7-2.TRBJ1-1'	1
CASSAEPGQIVNTIYF	1	0.0	0	'TRBV6-1.TRBJ1-3'	1
CSARPRAGVTLDSPLHF	1	0.0	0	'TRBV20-1.TRBJ1-6'	1
CASSPGWAWGYEQYF	1	0.0	0	'TRBV7-2.TRBJ2-7'	2
CASSLSQGATMGEKLFF	1	0.0	0	'TRBV5-1.TRBJ1-4'	1
CASSPNLSLRSYNEQFF	1	0.0	0	'TRBV18-1.TRBJ2-1'	1
CASSSQKKGTIYSYEQYF	1	0.0	0	'TRBV5-6.TRBJ2-7'	2
CASREAGGPGYTF	1	0.0	0	'TRBV18-1.TRBJ1-2'	1
CASRLRTGVNEKLFF	1	0.0	0	'TRBV28-1.TRBJ1-4'	1
CASRQGVEAFF	1	0.0	0	'TRBV6-2.TRBJ1-1'	1
CASTPRGASGGRETQYF	1	0.0	0	'TRBV6-1.TRBJ2-5'	1
CASSPTLAKNIQYF	1	0.0	0	'TRBV27-1.TRBJ2-4'	3
CASSEGRTGYTF	1	0.0	0	'TRBV7-9.TRBJ1-2'	1
CASSLDGRNQPQHF	1	0.0	0	'TRBV12-3.TRBJ1-5'	1
CASSIDRGVYYGYTF	1	0.0	0	'TRBV19-1.TRBJ1-2'	1
CSARVGRGVNNSPLHF	1	0.0	0	'TRBV20-1.TRBJ1-6'	2
CASSSTAWEEQYF	1	0.0	0	'TRBV27-1.TRBJ2-7'	2
CAISAGGGTQYF	1	0.0	0	'TRBV10-3.TRBJ2-5'	1
CASSLAPGLPIQYF	1	0.0	0	'TRBV27-1.TRBJ2-4'	1
CASSPHLGPTTEAFF	1	0.0	0	'TRBV28-1.TRBJ1-1'	1
CASSPFESGWGNGYTF	1	0.0	0	'TRBV3-1.TRBJ1-2'	2
CASSSTGTGETGELFF	1	0.0	0	'TRBV27-1.TRBJ2-2'	1
CASRLGNTGELFF	1	0.0	0	'TRBV6-1.TRBJ2-2'	1
CASSIGPNQETQYF	1	0.0	0	'TRBV19-1.TRBJ2-5'	2
CASSPASGNTGELFF	1	0.0	0	'TRBV5-4.TRBJ2-2'	1
CASSSHPGTANTEAFF	1	0.0	0	'TRBV28-1.TRBJ1-1'	1
CASSRDNYEQYF	1	0.0	0	'TRBV4-2.TRBJ2-7'	3
CASSPGTGEVTQYF	1	0.0	0	'TRBV7-9.TRBJ2-5'	2
CASRHDIQNRQFF	1	0.0	0	'TRBV7-2.TRBJ2-1'	1
CASSFYNEQFF	1	0.0	0	'TRBV27-1.TRBJ2-1'	3
CASSLSQTGTGELFF	1	0.0	0	'TRBV7-9.TRBJ2-2'	1
CATSAFTADSRGNTGELFF	1	0.0	0	'TRBV24-1.TRBJ2-2'	1
CASSFGQPGELFF	1	0.0	0	'TRBV5-1.TRBJ2-2'	3
CASSYLLSNYGYTF	1	0.0	0	'TRBV6-5.TRBJ1-2'	2
RASSSYGTRIDTQYF	1	0.0	0	'TRBV7-3.TRBJ2-3'	1
CASSWTVGGEQYF	1	0.0	0	'TRBV27-1.TRBJ2-7'	2
CATSRDFSGGANEQFF	1	0.0	0	'TRBV15-1.TRBJ2-1'	1
CASSQTGTNYGYTF	1	0.0	0	'TRBV7-9.TRBJ1-2'	1
CASGQTGVHGYTF	1	0.0	0	'TRBV12-3.TRBJ1-2'	1
