Pt3_pre_S0089487_VJ	Number_AA	H_AA	Hnorm_AA	AA	Reads_AA
TRBV10-2.TRBJ2-5	2	0.721928094887	0.721928094887	'CASSEWSLEETQYF', 'CASRPSAAAGKETQYF'	8, 2
TRBV10-2.TRBJ2-7	3	1.14011567851	0.719332904088	'CASRSTGPSYEQYF', 'CASSGQGLGEQYF', 'CASTGTGEGYEQYF'	9, 3, 1
TRBV10-2.TRBJ2-1	2	1.0	1.0	'CASTRAGGTSSYNEQFF', 'CASTPSAPDYNEQFF'	1, 1
TRBV10-2.TRBJ2-3	4	1.81127812446	0.90563906223	'CASSEAGGRDTQYF', 'CASRGFTDTQYF', 'CASNLAGSTDTQYF', 'CASRRVDTQYF'	3, 3, 1, 1
TRBV10-2.TRBJ2-2	5	2.32192809489	1.0	'CASSERDTGELFF', 'CASSEVYDSNTGELFF', 'CASSESRPGAGTGELFF', 'CASSEGGQGHTGELFF', 'CASSEFTSNTGELFF'	1, 1, 1, 1, 1
TRBV12-3.TRBJ1-5	7	2.6635327548	0.948769510359	'CASSPIGHQPQHF', 'CASSSDTSAQPQHF', 'CASSTQRDRLGGGNQPQHF', 'CASSKGQGQRQPQHF', 'CASSLTGNQPQHF', 'CASSPTRGEERPQHF', 'CASSRSRAQPQHF'	3, 2, 2, 1, 1, 1, 1
TRBV23-1.TRBJ1-2	1	0.0	0	'CASSHPLPSLRYYGYTF'	1
TRBV12-3.TRBJ1-2	19	3.93830723591	0.927112626908	'CASSPIPGQGYGYTF', 'CASTPDRADYGYTF', 'CASSFKGFGGYTF', 'CASSVQETNYGYTF', 'CASSPPGQLVNYGYTF', 'CASTPSGAF', 'CASSFLPGYGYTF', 'CASSFPGLNGYTF', 'CASSRDRGQGYTF', 'CASSRDRGSGYTF', 'CASRPGTGGSINYGYTF', 'CASTSGTGPTYGYTF', 'CASTPRGRPYGYTF', 'CASSFLEAANYGYTF', 'CASSLSTGSILNYGYTF', 'CASSRTGGNGYTF', 'CASSGGGYGYTF', 'CASSPLAVNYGYTF', 'CASSGRPFYGYTF'	5, 5, 3, 2, 2, 2, 1, 1, 1, 1, 1, 1, 1, 1, 1, 1, 1, 1, 1
TRBV10-1.TRBJ2-2	1	0.0	0	'CASSESGTGELFF'	1
TRBV10-1.TRBJ2-7	3	1.45914791703	0.920619835714	'CASSESRDEQYF', 'CASSRIAGESHEQYF', 'CASSESGTPWKQYF'	3, 2, 1
TRBV4-1.TRBJ1-5	3	1.5	0.946394630357	'CASSQVSSNQPQHF', 'CASSQDPGIGNQPQHF', 'CASSQEGRNFNQPQHF'	4, 2, 2
TRBV4-1.TRBJ1-4	3	0.699857857027	0.441561145269	'CASSQDPWGPLNEKLFF', 'CASSQRRWEKLFF', 'CASSEHLGLLVDNEKLFF'	19, 2, 1
TRBV4-1.TRBJ1-6	2	0.811278124459	0.811278124459	'CASSHLTPGQGVSSPLHF', 'CASSQEGGQGISPLHF'	3, 1
TRBV4-1.TRBJ1-1	7	2.75	0.979569764547	'CASSFTGDTEAFF', 'CASSQGTGGNTEAFF', 'CASSQSSRALEAFF', 'CASSQPWTGTNTEAFF', 'CASSQGDRVNTEAFF', 'CASSQWWTGGASDTEAFF', 'CASSLTQGNTEAFF'	2, 1, 1, 1, 1, 1, 1
TRBV4-1.TRBJ1-3	3	1.5	0.946394630357	'CASSQDSRGRGTIYF', 'CASSLKTRYSGNTIYF', 'CASSQAGAGNTIYF'	2, 1, 1
TRBV4-1.TRBJ1-2	9	1.33290546682	0.420484858856	'CASSHEEGAAESYGYTF', 'CASSQGSGGVGYTF', 'CASSQGYGYTF', 'CASTSTDYGYTF', 'CASSQKDTSNYGYTF', 'CASSLTGFGDYGYTF', 'CASSQDPGYGYTF', 'CASSQEGQGAGGYTF', 'CASSQDRGTGYTF'	128, 106, 3, 2, 2, 1, 1, 1, 1
TRBV4-1.TRBJ2-6	1	0.0	0	'CASSQVQLSGANVLTF'	1
TRBV4-1.TRBJ2-7	8	1.46571518771	0.488571729237	'CASSQDSGGEFYEQYF', 'CASSQYPTGVLYLYEQYF', 'CASQPKKDRGPHEQYF', 'CASSQEVPGSMGGEQYF', 'CASSPRWQGASAEQYF', 'CASSQGRDYEQYF', 'CASSQQDWSGAGQGTYEQYF', 'CASSQDLGIHEQYF'	25, 2, 1, 1, 1, 1, 1, 1
TRBV4-1.TRBJ2-5	7	2.40563906223	0.856905923554	'CASSQEGGAMETQYF', 'CASSQNSGRRETQYF', 'CASSPEGLGETQYF', 'CASSSFGGFTQETQYF', 'CASSQDLRGETQYF', 'CASSQDHGDGGQETQYF', 'CASSQGLGLAGVQETQYF'	6, 4, 2, 1, 1, 1, 1
TRBV4-1.TRBJ2-2	4	2.0	1.0	'CASSQGGTGWTGELFF', 'CASSQVPRGSTGELFF', 'CASSQGQWGLLNTGELFF', 'CASSQDHYGITGELFF'	1, 1, 1, 1
TRBV4-1.TRBJ2-3	7	2.75	0.979569764547	'CASSQPSTRDTQYF', 'CASSRSSGRATSTDTQYF', 'CASSTQTSPDTQYF', 'CASSQAGGPNTQYF', 'CASSQGTDTQYF', 'CASSQVLAESTDTQYF', 'CASSQERDNLPPDTQYF'	2, 1, 1, 1, 1, 1, 1
TRBV4-1.TRBJ2-1	11	2.68307418943	0.775582374565	'CASSQDLGLAGAYTYNEQFF', 'CASSQGLGNNEQFF', 'CASSLAGATRDNEQFF', 'CASSQEDRGNEQFF', 'CASSQGLPSDNNEQFF', 'CASSQGGTSGSKDEQFF', 'CASSLNTGYNEQFF', 'CASSQLGYEQFF', 'CASSPEGTSSYNEQFF', 'CASSHTTGGNEQFF', 'CASSQDPDRNNEQFF'	12, 2, 2, 2, 1, 1, 1, 1, 1, 1, 1
TRBV14-1.TRBJ1-4	2	1.0	1.0	'CASSHRAGMEEKLFF', 'CASSQSQNEKLFF'	1, 1
TRBV14-1.TRBJ1-1	4	1.2772018112	0.638600905601	'CASSQGSLRTEAFF', 'CASSLQGNTEAFF', 'CASSREMNTEAFF', 'CASSQVRQMNTEAFF'	12, 3, 1, 1
TRBV14-1.TRBJ1-3	1	0.0	0	'CASSFGNTIYF'	1
TRBV14-1.TRBJ1-2	5	2.07416474302	0.893294132402	'CASSSSIANYGYTF', 'CASSHKTGLYGYTF', 'CASSQVGAYGYTF', 'CASSPSFLSGGYTF', 'CASSQGAGFAYGYTF'	6, 3, 2, 2, 1
TRBV14-1.TRBJ2-6	1	0.0	0	'CASSHLSGANVLTF'	1
TRBV14-1.TRBJ2-7	3	1.52192809489	0.960229717861	'CASSQGELSSYEQYF', 'CASSQGLQGGGYEQYF', 'CASSQLTTEQYF'	2, 2, 1
TRBV9-1.TRBJ1-6	1	0.0	0	'CASSAENLGGTNSPLHF'	1
TRBV14-1.TRBJ2-5	2	1.0	1.0	'CASSLGGGYGETQYF', 'CASSRDRSSQETQYF'	1, 1
TRBV9-1.TRBJ1-1	8	2.20764187533	0.735880625109	'CASAFGGGTEAFF', 'CASSVGARGDTEAFF', 'CASKRDWNTEAFF', 'CASSVGPGDGGNTEAFF', 'CASSLPPYDYRGTEAFF', 'CASTLEGAADTEAFF', 'CASSLMTGDTEAFF', 'CASSVTVGTEAFF'	14, 3, 3, 2, 1, 1, 1, 1
TRBV9-1.TRBJ1-2	5	1.74555742503	0.75177066373	'CASSRPDSSGGYTF', 'CASSVAGGGGSYGYTF', 'CASSVAPTGGAGGYTF', 'CASSVGSQGRGYGYTF', 'CASSVDGRTGDYGYTF'	11, 7, 2, 1, 1
TRBV14-1.TRBJ2-1	5	2.32192809489	1.0	'CASSQSPPIAGVFNEQFF', 'CASSHRTSRYNEQFF', 'CASRRALGPEQFF', 'CASSQVGGTQDVNEQFF', 'CASSPAGLRHEQFF'	1, 1, 1, 1, 1
TRBV7-6.TRBJ2-2	2	1.0	1.0	'CASSFSRRRAGTGELFF', 'CASSLGVVDGELFF'	1, 1
TRBV7-6.TRBJ2-3	5	2.15563906223	0.92838321177	'CASSEQGVDTQYF', 'CASSWSGGVDTQYF', 'CASSQGTDTQYF', 'CASSSTVGAGERVTQYF', 'CASSLGTGASDTQYF'	3, 2, 1, 1, 1
TRBV7-6.TRBJ2-1	6	2.52164063634	0.975503759006	'CASSTGPEQFF', 'CASSSRAGDEQFF', 'CASSLGGRGQRYNEQFF', 'CASSLDPNPINEQFF', 'CASSIGGGYNEQFF', 'CASSPGTSEYNEQFF'	2, 1, 1, 1, 1, 1
TRBV7-6.TRBJ2-7	12	3.30875135125	0.922952848344	'CASSFGVSSYEQYF', 'CASSRLRGEQYF', 'CASSLEDRPSYEQYF', 'CASSLSLASVYEQYF', 'CASSLVGGRTSYEQYF', 'CASSSGTGNYEQYF', 'CASSLAPSGFSYEQYF', 'CASSLAGTGGAYEQYF', 'CASSLGGGTYEQYF', 'CASSLAGQGAGEQYF', 'CASSLLAGYDEQYF', 'CASSLEGPRSGSYEQYF'	4, 4, 3, 2, 1, 1, 1, 1, 1, 1, 1, 1
TRBV7-6.TRBJ2-5	3	1.2987949407	0.819448371873	'CASSLVALGRETQYF', 'CASSLGETQYF', 'CASSLFSGRETQYF'	5, 2, 1
TRBV10-2.TRBJ1-5	5	2.11328333429	0.910141592648	'CASSESPGNSNQPQHF', 'CASGPPDQPQHF', 'CASDLGGLNQPQHF', 'CASSEGDYSNQPQHF', 'CASSLDRGQPQHF'	3, 3, 1, 1, 1
TRBV10-2.TRBJ1-2	3	1.5	0.946394630357	'CASSESGVEGYTF', 'CASSYQGGASYGYTF', 'CASSAFQGNYGYTF'	2, 1, 1
TRBV10-2.TRBJ1-1	2	1.0	1.0	'CASSELSGDGNAEAFF', 'CASKGAGMNTEAFF'	1, 1
TRBV24-1.TRBJ2-3	3	1.25162916739	0.789690082143	'CATSGWATDTQYF', 'CATSDPGLPTQYF', 'CATSEPYRGTQYF'	4, 1, 1
TRBV24-1.TRBJ2-2	3	0.986426728731	0.622365972874	'CATEGGVIPGELFF', 'CATGESNTGELFF', 'CATSDAGTAGELFF'	7, 1, 1
TRBV24-1.TRBJ2-1	3	1.5	0.946394630357	'CATARIAGGYNEQFF', 'CATSDRQGMSEQFF', 'CATSDGGGGRYNEQFF'	2, 1, 1
TRBV24-1.TRBJ2-7	2	0.918295834054	0.918295834054	'CANEAGVRDHAFEQYF', 'CATNYEQYF'	4, 2
TRBV24-1.TRBJ2-5	2	0.918295834054	0.918295834054	'CAALPPGETQYF', 'CATSDFPEETQYF'	2, 1
TRBV9-1.TRBJ2-7	4	1.14511041438	0.572555207191	'CASSVGQGEYYEQYF', 'CASSVGPAYEQYF', 'CASSVGTGTEQYF', 'CASSVGVGEREQYF'	10, 1, 1, 1
TRBV4-3.TRBJ2-1	1	0.0	0	'CASSPRDARWYNEQFF'	1
TRBV4-3.TRBJ2-2	3	1.58496250072	1.0	'CASSQGIFTGELFF', 'CASRGDREDTGELFF', 'CASSQDHRQGARRELFF'	1, 1, 1
TRBV4-3.TRBJ2-3	7	2.45082579452	0.873001762357	'CASSRTRGLDTQYF', 'CASSQDPGGLTDTQYF', 'CASSQVGGGTDTQYF', 'CASSQDPGGPTDTQYF', 'CASSHEGQGYGTDTQYF', 'CASSQAGERGYNTDTQYF', 'CASSQEGPADTQYF'	5, 2, 1, 1, 1, 1, 1
TRBV21-1.TRBJ1-1	1	0.0	0	'CASSKVGRTRGSTEAFF'	1
TRBV21-1.TRBJ1-2	1	0.0	0	'CASSKGDRRYGYTF'	2
TRBV21-1.TRBJ1-5	1	0.0	0	'CASITNSNQPQHF'	1
TRBV7-8.TRBJ2-5	3	1.58496250072	1.0	'CASRRTSGPPETQYF', 'CASSQETQYF', 'CASSPTDLETQYF'	1, 1, 1
TRBV21-1.TRBJ2-3	4	1.92192809489	0.960964047444	'CASKYF', 'CASWDRGSRTDTQYF', 'CASSNLTGGANTQYF', 'CASSLTFSSTDTQYF'	2, 1, 1, 1
TRBV21-1.TRBJ2-1	3	1.58496250072	1.0	'CASSKAVDRVSDNEQFF', 'CASSKRSRDSRKKQFF', 'CASSKAFGTENNEQFF'	1, 1, 1
TRBV21-1.TRBJ2-7	5	2.25162916739	0.969723899868	'CASSAPWEQYF', 'CASSGRYPRDISYEQYF', 'CASSKSFDRAFYEQYF', 'CASSPRDTEGYEQYF', 'CASSKEGLRELREQYF'	2, 1, 1, 1, 1
TRBV21-1.TRBJ2-4	1	0.0	0	'CASRLQQRKNIQYF'	1
TRBV21-1.TRBJ2-5	1	0.0	0	'CASSVRCGSGETQYF'	1
TRBV6-1.TRBJ2-4	1	0.0	0	'CASSRDRGSVDIQYF'	1
TRBV6-1.TRBJ2-5	11	3.27290559532	0.946081887466	'CASSLVGGAEETQYF', 'CASSEDNSGTGQETQYF', 'CASSPRQGARGETQYF', 'CASSLAGGAEETQYF', 'CASSLLAGGGETQYF', 'CASSGAEQETQYF', 'CASIRDLGEETQYF', 'CASSGERVGETQYF', 'CASSMRQQETQYF', 'CASSAGLQETQYF', 'CASLAGRRERQYF'	3, 3, 1, 1, 1, 1, 1, 1, 1, 1, 1
TRBV6-1.TRBJ2-6	3	1.58496250072	1.0	'CASTETSGRAFGANVLTF', 'CASSEGTGSGANVLTF', 'CATHGGGSSGANVLTF'	1, 1, 1
TRBV4-3.TRBJ2-7	6	1.59273329594	0.61615334671	'CASSQDWPGPYEQYF', 'CASSLGDGYEQYF', 'CASSQDLGDYEQYF', 'CASSQDPPSGGDYEQYF', 'CASSPSVWVEQYF', 'CASSFSGTGETYEQYF'	22, 19, 2, 1, 1, 1
TRBV6-1.TRBJ2-1	13	3.53049305676	0.954073927877	'CASSQGTEQFF', 'CASRHTGGSYNEQFF', 'CASSRASPIGSYNEQFF', 'CASSEQDQAWDEQFF', 'CASSEARGTEQFF', 'CASCPYSGAQYNEQFF', 'CASSELGGNNEQFF', 'CASTSKQGTTYNEQFF', 'CASSDAGVHNEQFF', 'CASRRSSGGSYNEQFF', 'CASSFGVEQFF', 'CASSKTGTSGSFEQFF', 'CASSVAENNEQFF'	3, 3, 2, 1, 1, 1, 1, 1, 1, 1, 1, 1, 1
TRBV6-1.TRBJ2-2	3	1.37095059445	0.864973520718	'CASSVLALNTGELFF', 'CASPLAGDTGELFF', 'CASRRGDGGDTGELFF'	3, 1, 1
TRBV6-1.TRBJ2-3	15	3.51326968952	0.899249570352	'CASSTGSGRGTDTQYF', 'CASSEGLAGADTQYF', 'CASSERGGSSPDTQYF', 'CASSSRLREYTDTQYF', 'CASSPGGTGGTDTQYF', 'CASSEHEGTTDTQYF', 'CASSEAVLPDTQYF', 'CASTTRTVTSSTDTQYF', 'CASSGDTQYF', 'CASSEPAGVGTDTQYF', 'CALSKLREGWLDTDTQYF', 'CATGRDFGDTQYF', 'CASSETAGVVDTQYF', 'CAGGLAGGPELEDTQYF', 'CASSRQGASTDTQYF'	6, 4, 3, 1, 1, 1, 1, 1, 1, 1, 1, 1, 1, 1, 1
TRBV12-3.TRBJ2-6	4	1.5487949407	0.774397470348	'CASSRTGQIGANVLTF', 'CASSRTDSSGANVLTF', 'CASTTRSGANVLTF', 'CASTSTGGANVLTF'	5, 1, 1, 1
TRBV12-3.TRBJ2-7	9	3.10689059561	0.98011485893	'CASSLGVSASYEQYF', 'CASSFSGRAPYEQYF', 'CASSLSGVGYEQYF', 'CASRDPNSYEQYF', 'CASSSPQGRPFGEQYF', 'CASRWGNSIEYF', 'CASTHGHEQYF', 'CASPGLAGGPVTHEQYF', 'CASTLTGTYEQYF'	2, 2, 2, 2, 2, 2, 1, 1, 1
TRBV12-3.TRBJ2-4	3	1.58496250072	1.0	'CASSLGGSALQYF', 'CASSFDRGRGQNIQYF', 'CASSLQGGKNIQYF'	1, 1, 1
TRBV12-3.TRBJ2-5	11	1.29037113469	0.373000907935	'CASSFGGTIQETQYF', 'CASSLGETQYF', 'CASSQGQETQYF', 'CASSLALGQETQYF', 'CASSSTEGAVGETQYF', 'CASSFGTSGGLEETQYF', 'CASTYDRGGTQYF', 'CAIRTSGDQETQYF', 'CASRPGTQETQYF', 'CASSKLGLEETQYF', 'CASKTTSGRAETQYF'	53, 2, 2, 1, 1, 1, 1, 1, 1, 1, 1
TRBV12-3.TRBJ2-2	9	3.095795255	0.976614668673	'CASRWGRRDTGELFF', 'CASSLEGRANTGELFF', 'CASSGETGELFF', 'CASSFRSLLGTGELFF', 'CASSGSSGGVPGELFF', 'CASSLRRGSGSNTGELFF', 'CASSGRRGGELFF', 'CASSRDLTGGVKVGELFF', 'CASSSLTSTGELFF'	2, 2, 1, 1, 1, 1, 1, 1, 1
TRBV12-3.TRBJ2-3	11	3.23592635063	0.935392488522	'CASTLTNTDTQYF', 'CASSPSGGRTNTQYF', 'CASSSRWGADADTQYF', 'CASTPWDVVGNTQYF', 'CASSLSLAGGRSTDTQYF', 'CASSGRSTDTQYF', 'CASYDKDTDTQYF', 'CASISGTSGSDTQYF', 'CASSAALADTQYF', 'CASSYSTDTQYF', 'CASSLRGAPDTQYF'	4, 1, 1, 1, 1, 1, 1, 1, 1, 1, 1
TRBV12-3.TRBJ2-1	19	4.2018412323	0.989150878635	'CASSLGFDEQFF', 'CASSQGGVSYNEQFF', 'CASTATPDSSYNEQFF', 'CASSLRKGGAADEQFF', 'CASSTVSRDNEQFF', 'CASNPGQEIDEQFF', 'CASSERGGPRYNEQFF', 'CASSPNQVDNEQFF', 'CASSPGQGADEQFF', 'CASSQDSGLYNEQFF', 'CASSLTSGSNGEQFF', 'CASSLTRGEQFF', 'CASSSRQPSNEQFF', 'CASTLAGGYNEQFF', 'CASSLAQGLAGPNNEQFF', 'CASSTLSGRANEQFF', 'CASSLLRYNEQFF', 'CASSRDRAGNEQFF', 'CASSFPAGQLNEQFF'	2, 2, 1, 1, 1, 1, 1, 1, 1, 1, 1, 1, 1, 1, 1, 1, 1, 1, 1
TRBV24-1.TRBJ1-1	2	1.0	1.0	'CATSDRTGEAFF', 'CATSDDNDRRGAFF'	1, 1
TRBV24-1.TRBJ1-2	1	0.0	0	'CATSDGSYGYTF'	2
TRBV24-1.TRBJ1-4	1	0.0	0	'CATSAVRRDSYNEKLFF'	1
TRBV24-1.TRBJ1-5	3	1.14883485428	0.724834091506	'CATSFGGSQPQHF', 'CATSDFAGDRGSNQPQHF', 'CATSENRAAGPQHF'	5, 1, 1
TRBV7-8.TRBJ1-3	2	1.0	1.0	'CASSSVGKGSGNTIYF', 'CASSPGGNTIYF'	1, 1
TRBV4-3.TRBJ1-2	9	2.96558393573	0.935537570882	'CASSQLQGNYGYTF', 'CASSQGTGQTPYGYTF', 'CASSQGIRGTGYGYTF', 'CASSLTTGTGGNYGYTF', 'CASSQDRGPGYYGYTF', 'CASSQDTAGYYGYTF', 'CASSQGSGGVGYTF', 'CASSQDSGGEGGYGYTF', 'CASSPSRGVGGYTF'	5, 3, 2, 2, 2, 2, 1, 1, 1
TRBV4-3.TRBJ1-1	6	2.40563906223	0.930628224417	'CASSQAGGLGTEAFF', 'CASRQGMNTEAFF', 'CASSQEGPGRTEAFF', 'CASNLIGVNTEAFF', 'CASSQDRGGGEGEAFF', 'CASSQDPGTGVSAFF'	3, 1, 1, 1, 1, 1
TRBV7-8.TRBJ1-5	2	0.650022421648	0.650022421648	'CASSLWGESNQPQHF', 'CASAWGRGLNQPQHF'	10, 2
TRBV7-8.TRBJ1-4	3	1.5	0.946394630357	'CASSLDWGSNEKLFF', 'CASSFGPGNEKLFF', 'CASSPSGGAISGRREKLFF'	2, 1, 1
TRBV6-2.TRBJ2-7	12	2.86753653258	0.799879087159	'CASSYLPPAEQYF', 'CASLGLANEQYF', 'CASSFETSGYEQYF', 'CASNLSPLRGSSYEQYF', 'CASSYSPLRPQGMYEQYF', 'CASSNTGFGEQYF', 'CASSPYSGQAYEQYF', 'CASSERNGEYF', 'CASRSRITGTIYEQYF', 'CASSSGYEQYF', 'CASSLAGGVYEQYF', 'CATSWGTVSYEQYF'	12, 5, 5, 2, 1, 1, 1, 1, 1, 1, 1, 1
TRBV6-2.TRBJ2-6	5	2.32192809489	1.0	'CASSYSTASGANVLTF', 'CASSNGSPGANVLTF', 'CATSLPSGANVLTF', 'CASSTYRVGANVLTF', 'CASSDTGTGANVLTF'	1, 1, 1, 1, 1
TRBV6-2.TRBJ2-5	7	2.80735492206	1.0	'CASRSAGEVETQYF', 'CASSAGLQETQYF', 'CASTLDRGETQYF', 'CASSSGTGDQETQYF', 'CASGIAGAGETQYF', 'CASRIWAGGTQYF', 'CASSSGGFGRTGETQYF'	1, 1, 1, 1, 1, 1, 1
TRBV7-6.TRBJ1-1	4	1.92192809489	0.960964047444	'CASSPQGGWTEAFF', 'CASSPNQNTEAFF', 'CASSFSRNTEAFF', 'CASSFTTQGGGTEAFF'	2, 1, 1, 1
TRBV7-6.TRBJ1-5	2	1.0	1.0	'CASSLGYSNQPQHF', 'CASSLDPGRNNQPQHF'	1, 1
TRBV6-1.TRBJ1-6	2	1.0	1.0	'CASSEDSVNSPLHF', 'CASRAVIGTANSPLHF'	2, 2
TRBV6-1.TRBJ1-5	8	2.77736279506	0.925787598355	'CASSRTKGSNQPQHF', 'CASSERWDQPQHF', 'CASNGQGSGNQPQHF', 'CASSSAQGLNQPQHF', 'CASKRGTQPQHF', 'CASSEMDRVHQPQHF', 'CASSEVQEYQPQHF', 'CASISRGVFRGSNQPQHF'	4, 2, 2, 1, 1, 1, 1, 1
TRBV6-1.TRBJ1-4	5	2.32192809489	1.0	'CASRPTGDVGKLFF', 'CAISRGAREKLFF', 'CASSEARGGYEKLFF', 'CASSDRRNNEKLFF', 'CASRETPTNEKLFF'	1, 1, 1, 1, 1
TRBV6-1.TRBJ1-3	4	1.91829583405	0.959147917027	'CASGDPTSGNTIYF', 'CASSDGISGNTIYF', 'CASSDGVSGNTIYF', 'CASSSTRSTIYF'	2, 1, 2, 1
TRBV6-1.TRBJ1-2	9	3.05656476213	0.964238826073	'CASSWTGSTGYTF', 'CASSESGTYGYTF', 'CASSPGSYGYTF', 'CASRLDGNYGYTF', 'CASSRFNYGYTF', 'CASSEASGQRILHGYTF', 'CASSEVEAGGGYGYTF', 'CASSPLGAGGYGYTF', 'CASNRIGYGYTF'	3, 2, 2, 2, 1, 2, 1, 1, 1
TRBV6-1.TRBJ1-1	15	2.9766811843	0.761905436421	'CASFWDEDTEAFF', 'CASRSGQIPTENTEAFF', 'CASSRSPGGFPEAFF', 'CASSLWGGNTEAFF', 'CASSAAREGTEAFF', 'CASTAGQAVGNTEAFF', 'CASSREEPTEAFF', 'CASSSYERLAAFF', 'CASSESGYRNTEAFF', 'CASRLLPRAGRDTEAFF', 'CASRVGEENTEAFF', 'CASSLNGIRAFF', 'CASSVSWEAFF', 'CASSEWGTSGYTEAFF', 'CASSPTGEGTEAFF'	14, 4, 1, 1, 1, 1, 1, 1, 1, 1, 1, 1, 1, 1, 1
TRBV5-8.TRBJ2-2	2	1.0	1.0	'CASSFPTEGQSTGELFF', 'CASSLGLAGVHTGELFF'	1, 1
TRBV23-1.TRBJ2-3	1	0.0	0	'CASRPDRGPTDTQYF'	1
TRBV23-1.TRBJ2-7	1	0.0	0	'CASVQGRSYEQYF'	2
TRBV23-1.TRBJ1-3	1	0.0	0	'CASSQSRTGPNLSGNTIYF'	1
TRBV12-3.TRBJ1-4	4	1.92192809489	0.960964047444	'CASSLRAYEKLFF', 'CASSEGETNEKLFF', 'RASSFGTDVFF', 'CASSFGTDVFF'	2, 1, 1, 1
TRBV12-3.TRBJ1-6	3	1.5	0.946394630357	'CASSLQANSPLHF', 'CASSFRQGRFENNSPLHF', 'CASSRSDSPLHF'	2, 1, 1
TRBV12-3.TRBJ1-1	24	4.39258275559	0.958041151896	'CASVQDGAFF', 'CASSFGGGNTEAFF', 'CASILLDRNTEAFF', 'CASSLGGGAAEAFF', 'CASSRGGPNLEAFF', 'CASSLKILGGLPVTEAFF', 'CASSDGMAKYTEAFF', 'CASRLSLDRYTEAFF', 'CASSTTGGSTEAFF', 'CASSLPIGLWKGAFF', 'CASGSLGTENTEAFF', 'CASSLAEGEWTRMNTEAFF', 'CASSIQSGTPDTEAFF', 'CASSDRVFFNTEAFF', 'CASSLAVMAEAFF', 'CASSLRGQGTEAFF', 'CASSLRSNTEAFF', 'CASRLNTEAFF', 'CASRREAFNEAFF', 'CASVRDGAFF', 'CASNHRAGNTEAFF', 'CASSFMAGDLNTEAFF', 'CASTIQVNTEAFF', 'CASSRTGITEAFF'	4, 3, 3, 2, 2, 1, 1, 1, 1, 1, 1, 1, 1, 1, 1, 1, 1, 1, 1, 1, 1, 1, 1, 1
TRBV12-3.TRBJ1-3	3	1.58496250072	1.0	'CASSLSEGGTIYF', 'CASTYSQSDSGNTIYF', 'CASRYSTSTIYF'	1, 1, 1
TRBV23-1.TRBJ1-4	1	0.0	0	'CASTRRVTNEKLFF'	4
TRBV27-1.TRBJ1-5	1	0.0	0	'CASSRTGSNQPQHF'	1
TRBV27-1.TRBJ1-4	8	2.94770277922	0.982567593073	'CASGSEIANEKLFF', 'CASSRLGQSGEKLFF', 'CASSLPNEKLFF', 'CASSSGGAGNEKLFF', 'CASSLRDGNEKLFF', 'CASRSGPDEKLFF', 'CASSLVSMNEKLFF', 'CASRRGTKGEKLFF'	2, 1, 1, 1, 1, 1, 1, 1
TRBV27-1.TRBJ1-3	1	0.0	0	'CASGEWGPSGNTIYF'	1
TRBV27-1.TRBJ1-2	8	2.84237099318	0.947456997726	'CASSQDRGAGYTF', 'CASRFKPGQVESGYTF', 'CASSGSGIYTF', 'CASSLGSDYGYTF', 'CASSTPGQGDKGYTF', 'CASSLKTRGTGYTF', 'CASSSSFGGANYGYTF', 'CASTSRNLQGYYGYTF'	3, 3, 2, 2, 1, 1, 1, 1
TRBV27-1.TRBJ1-1	5	2.25162916739	0.969723899868	'CASSFPRGEMNPEAFF', 'CASSLHWGNTEAFF', 'CATGTDLNTEAFF', 'CASSRDRGQGEAFF', 'CASSLQGRMKTEAFF'	2, 1, 1, 1, 1
TRBV7-8.TRBJ2-1	7	2.80735492206	1.0	'CASSLGSGNEQFF', 'CASSLAPAYNEQFF', 'CASSLSLGNEQFF', 'CASSIGTSGSHEQFF', 'CASSLAGAGAGNEQFF', 'CASSLEEGTGPGDEQFF', 'CASSSYGDFRNEQFF'	1, 1, 1, 1, 1, 1, 1
TRBV7-8.TRBJ2-2	3	1.25162916739	0.789690082143	'CASSLWHSSTGELFF', 'CASSLGAGGSYSGELFF', 'CASSLLRLAGFGGELFF'	4, 1, 1
TRBV7-8.TRBJ2-3	10	3.25162916739	0.97883791416	'CASSLGQGIGTDTQYF', 'CASSSTSGSTDTQYF', 'CASSGRWETGAAGDTQYF', 'CASSLSGGLAGLTDTQYF', 'CASSLGTSTDTQYF', 'CASSYGRRTDTQYF', 'CASSSPGGSGGYTDTQYF', 'CASSPGLVTDTQYF', 'CASSVYSGRAADTQYF', 'CASSSTSGGTDTQYF'	2, 2, 1, 1, 1, 1, 1, 1, 1, 1
TRBV4-3.TRBJ2-5	1	0.0	0	'CASSQGGGDGETQYF'	3
TRBV4-3.TRBJ2-6	1	0.0	0	'CASSQDLTSGGTRWSGANVLTF'	1
TRBV7-8.TRBJ2-7	7	2.33012496531	0.830007259505	'CASSPDRSSYEQYF', 'CASSPRGGALSYEQYF', 'CASSQGGLRHYEQYF', 'CASRGFQGAFIVEQYF', 'CASSLADRGTIGEQYF', 'CASSLVGGSTYEQYF', 'CASSLSAGLEGQYF'	7, 2, 2, 1, 1, 1, 1
TRBV6-2.TRBJ2-3	8	2.46345829865	0.821152766216	'CASSSGLAGTDTQYF', 'CASSYEQGSGPDTQYF', 'CASSPEGRETDTQYF', 'CASSDGNTDTQYF', 'CASMWGGHTDTQYF', 'CASSYPSSGSITDTQYF', 'CASTGGAEDTQYF', 'CASSTHVPGYEGQYF'	7, 2, 1, 1, 1, 1, 1, 1
TRBV6-2.TRBJ2-2	4	0.969918434275	0.484959217138	'CASSSGGNTGELFF', 'CASSRRVVDTGELFF', 'CASSYWGQASGELFF', 'CASSFMAAGELFF'	21, 3, 1, 1
TRBV9-1.TRBJ2-5	9	2.78063906223	0.877193959152	'CASSVAMQGTQETQYF', 'CASSVVGKSVETQYF', 'CASSVGEGPSARTQYF', 'CASSVRTGETQYF', 'CASSVAGTGGGETQYF', 'CASSDGEDIGETQYF', 'CASSPFGTGGETQYF', 'CASSVDGSGLQETQYF', 'CASSVVGRAGETQYF'	6, 2, 2, 1, 1, 1, 1, 1, 1
TRBV9-1.TRBJ2-3	5	2.32192809489	1.0	'CASSVGGGRVTDTQYF', 'CASSVQGDADTQYF', 'CASSGTGTSTDTQYF', 'CASSVDADTQYF', 'CASSTRMGQGKDTQYF'	1, 1, 1, 1, 1
TRBV9-1.TRBJ2-2	7	2.64643934467	0.942680714817	'CASSPQASGLTGELFF', 'CASAIGTANTGELFF', 'CASSPPTGHGELFF', 'CASSPQAGTLTGELFF', 'CASSVAPQGRQTGELFF', 'CASGLHWGSDTGELFF', 'CASSPELNTGELFF'	3, 2, 1, 1, 1, 1, 1
TRBV9-1.TRBJ2-1	13	2.93389984319	0.792851678898	'CASSAWTGGNEQFF', 'CASSVWASGGNEQFF', 'CASSVARDRSHNEQFF', 'CASSADGASNEQFF', 'CASSIGTSGGVGGYNEQFF', 'CASSVRTGLTSPEYNEQFF', 'CASSKGAGRHNEQFF', 'CASSVRWEYNEQFF', 'CASSVDGASNEQFF', 'CASSVGAWGQQFF', 'CASSVLAGGNEQFF', 'CASSVSGFPSYNEQFF', 'CASSPQDRVPSEQFF'	12, 5, 4, 1, 1, 1, 1, 1, 1, 1, 1, 1, 1
TRBV6-2.TRBJ2-4	2	1.0	1.0	'CASSYALPLAGLGSIQYF', 'CASSLGPSGRGKNIQYF'	1, 1
TRBV28-1.TRBJ1-4	3	1.58496250072	1.0	'CASSLLTATNEKLFF', 'CATKTSANEKLFF', 'CASHEGGAAEKLFF'	1, 1, 1
TRBV28-1.TRBJ1-5	4	1.91829583405	0.959147917027	'CASSLRAWQPQHF', 'CASSSGQIVYNQPQHF', 'CASSLWKGFGQPQHF', 'CASKGGNQPQHF'	2, 2, 1, 1
TRBV28-1.TRBJ1-6	1	0.0	0	'CASSSERYNSPLHF'	1
TRBV28-1.TRBJ1-1	4	1.27761343682	0.63880671841	'CASNLQGGDTEAFF', 'CASSLGGGRGITEAFF', 'CASSFSFNTEAFF', 'CASTLYGGMNTEAFF'	8, 1, 1, 1
TRBV28-1.TRBJ1-2	8	2.94770277922	0.982567593073	'CASRTLIVYGYTF', 'CASSPPGPFNYGYTF', 'CASSSDSSYGYTF', 'CASRETGAPYGYTF', 'CATPGRWGSYTF', 'CASTQGGDYGYTF', 'CASSPGAGDYGYTF', 'CASSTPTYGYTF'	2, 1, 1, 1, 1, 1, 1, 1
TRBV28-1.TRBJ1-3	1	0.0	0	'CASSSPGRAIYF'	8
TRBV7-9.TRBJ2-1	13	3.51108540818	0.948829240743	'CASSLSGDKQFF', 'CASSLGGDEQFF', 'CASSLEGDPYNEQFF', 'CASSLVHVNEQFF', 'CASSFSLPVGGTGYNEQFF', 'CASSLDWAGEQFF', 'CASSLYIAGAHNEQFF', 'CASSRLAGGPSEQFF', 'CASSSGILAGGNEQFF', 'CASSLVVPSHEQFF', 'CASSSSGLAGAIHEQFF', 'CASSYRTSGRGNEQFF', 'CASSIDRQTSVYNEQFF'	4, 2, 2, 2, 1, 1, 1, 1, 1, 1, 1, 1, 1
TRBV7-9.TRBJ1-4	5	1.23553545939	0.532116159026	'CASRRGAGEKLFF', 'CATTPTGMNKLFF', 'CASSHLLIPGQGVENEKLFF', 'CASSLGYGGEKLFF', 'CASSLGFRTATNEKLFF'	40, 5, 5, 2, 1
TRBV7-9.TRBJ1-2	16	3.41945206013	0.854863015032	'CASSSVNYGYTF', 'CASSLAYGGRAYGYTF', 'CASSTHPDRGPGYGYTF', 'CASSYPGQGDPIYGYTF', 'CASSTSNSGLYGYTF', 'CATLSSLGNYGYTF', 'CASSYRGFHGYTF', 'CASSLEQLYGYTF', 'CASSLEQAYGYTF', 'CASSPLESYGYTF', 'CASRETGGTYGYTF', 'CASSLGQWTYGYTF', 'CASSRGRTGDLGYTF', 'CASSLETGVLNYGYTF', 'CASSGGQTTNYGYTF', 'CASSFGGSASGYTF'	14, 8, 4, 3, 3, 3, 2, 2, 2, 2, 1, 1, 1, 1, 1, 1
TRBV27-1.TRBJ2-4	2	0.918295834054	0.918295834054	'CASSRRRETGNIQYF', 'CASSAWTGEAKNIQYF'	2, 1
TRBV27-1.TRBJ2-5	2	1.0	1.0	'CASKRDSETQYF', 'CASKRGGQETQYF'	1, 1
TRBV27-1.TRBJ2-6	1	0.0	0	'CASRGTLSGANVLTF'	1
TRBV27-1.TRBJ2-7	14	1.33963158189	0.351853612104	'CASSFGDEQYF', 'CASSFGREQYF', 'CASRAGTLSYEQYF', 'CASSIRVPYEQYF', 'CASSFKPLSYEQYF', 'CASREGRFGSPYEQYF', 'CASSAGTDYEQYF', 'CASSLSVETSGSGEQYF', 'CASSLWGGREQYF', 'CASSLRGGPVTYEQYF', 'CASSFGTSGTHEQYF', 'CASSLSVGTSGSGEQYF', 'CASSLTRGSSYEQYF', 'CASSRDWGSYEQYF'	143, 8, 8, 5, 3, 2, 2, 1, 1, 1, 1, 1, 1, 1
TRBV27-1.TRBJ2-1	12	2.77209107708	0.773255250655	'CASSLTGTVSYNEQFF', 'CASSLSSGGSYEQFF', 'CASSWREQFF', 'CASGTGSDNEQFF', 'CASSQPGLGYYEQFF', 'CASTATFYNEQFF', 'CASGWNEQFF', 'CASALFPGLAGAHNEQFF', 'CASSFAAGGLNEQFF', 'CASSSLGLVFNEQFF', 'CASSANNEQFF', 'CASSPRLAGGPGEQFF'	16, 16, 8, 3, 3, 2, 2, 1, 1, 1, 1, 1
TRBV27-1.TRBJ2-2	4	0.828018609524	0.414009304762	'CASSRPGGELFF', 'CASSPYTEGTGELFF', 'CASRAGTDYTGELFF', 'CASRTGTGTGELFF'	51, 9, 1, 1
TRBV27-1.TRBJ2-3	5	2.12808527889	0.9165164432	'CASSLSSGQKTDTQYF', 'CASRWTGGTDTQYF', 'CASSIRLGWGTDTQYF', 'CASSPGGARGTDTQYF', 'CASRHDWDRTDTQYF'	3, 1, 1, 1, 1
TRBV4-2.TRBJ2-2	2	1.0	1.0	'CASSPRVAGDPGELFF', 'CASSPRWGLAGGLDTGELFF'	1, 1
TRBV7-9.TRBJ2-5	12	1.46171627772	0.407735444212	'CASSLPGGRAEETQYF', 'CASSLNRGETQYF', 'CASSFNMDPEETQYF', 'CASREEGQETQYF', 'CASSPRRGIQETQYF', 'CASSLTTSGETQYF', 'CASSEHQETQYF', 'CASSYPPGEYF', 'CASSLRVTGGETQYF', 'CASSNGGRLGQGTQYF', 'CASSPDRGRVLGETQYF', 'CASSNGGRLGQETQYF'	55, 3, 2, 2, 1, 1, 1, 1, 1, 1, 1, 1
TRBV5-7.TRBJ2-1	1	0.0	0	'CASSLVGELGQFF'	2
TRBV7-9.TRBJ2-7	12	2.08748351547	0.582288800803	'CASSLVATTHEQYF', 'CASSEGLAAYEQYF', 'CASSSKPGQGTEQYF', 'CASSFVAGGDPYEQYF', 'CASSAPGQGSAEQYF', 'CASSYSPRDEQYF', 'CASWGGLSYEQYF', 'CASSRTGVPHEQYF', 'CASSLVFGGPYEQYF', 'CASSSDNYEQYF', 'CASSFSSTYEQYF', 'CASSPEWGGTAPYEQYF'	57, 20, 4, 3, 2, 2, 2, 2, 2, 2, 1, 1
TRBV4-2.TRBJ1-2	3	1.25162916739	0.789690082143	'CASSQDRQAHGYTF', 'CASSPATGQTVYGYTF', 'CASSQYLPGQGPYGYTF'	4, 1, 1
TRBV11-2.TRBJ2-2	4	1.79248125036	0.89624062518	'CASRFTNTGELFF', 'CASSPPGLAGAGELFF', 'CASSLVGRELFF', 'CASSLWPPRLANTGELFF'	3, 1, 1, 1
TRBV11-2.TRBJ2-3	4	2.0	1.0	'CASSLERSGINTQYF', 'CASSLVGGASTDTQYF', 'CASSTGTASTDTQYF', 'CASSWTGGRTDTQYF'	1, 1, 1, 1
TRBV11-2.TRBJ2-5	5	2.15563906223	0.92838321177	'CASSSGTGRQETQYF', 'CASSLVFGLAGGVEYF', 'CASSSDRAETQYF', 'CASSEGVGETQYF', 'CASTPTGETQYF'	3, 2, 1, 1, 1
TRBV11-2.TRBJ2-6	1	0.0	0	'CASSLDRVTGANVLTF'	1
TRBV7-9.TRBJ1-3	6	1.85382198084	0.717156237401	'CASSPATGVSGNTIYF', 'CASSPAGRGAHSYGNTIYF', 'CASSLDTGVSGNTIYF', 'CASSLTNWDSNLSGNTIYF', 'CASSLTGPVYF', 'CASGRDSGNTIYF'	14, 11, 3, 1, 1, 1
TRBV4-2.TRBJ1-1	6	2.58496250072	1.0	'CASSQVGGHTEAFF', 'CASSQEQGSAEAFF', 'CASSQDSTGLPEAFF', 'CASSQEIGRNTEAFF', 'CASSRGTGAEAFF', 'CASSHSLRVNTEAFF'	1, 1, 1, 1, 1, 1
TRBV4-2.TRBJ1-6	2	1.0	1.0	'CASSLITGGRAPLHF', 'CASSQDRGHRVMNSPLHF'	1, 1
TRBV6-2.TRBJ1-2	6	1.87095059445	0.723782489662	'CASSTVTGYGYTF', 'CASSPGSYGYTF', 'CASRTPGLLANYGYTF', 'CASSRQDYYGYTF', 'CASSPLLPSYAWGHGGYTF', 'CAGRGAGRYGYTF'	12, 2, 2, 2, 1, 1
TRBV6-2.TRBJ1-5	8	2.94770277922	0.982567593073	'CASRIGQGEQPQHF', 'CASPLINSNQPQHF', 'CASLKGGGWNQPQHF', 'CASTTGTLQPQHF', 'CASSYRTGDSNQPQHF', 'CASTPGQGSNQPQHF', 'CASQHWRDNQPQHF', 'CASRRFLSNQPQHF'	2, 1, 1, 1, 1, 1, 1, 1
TRBV6-2.TRBJ1-6	3	0.658351422456	0.415373500734	'CASSLIRSRGGSSPLHF', 'CASSYSKLPPPHF', 'CASSAGQDNSPLHF'	21, 2, 1
TRBV28-1.TRBJ2-7	7	1.60710548292	0.572462523458	'CASSLDYEQYF', 'CASSFGHNLRGLMDEQYF', 'CASSLPTGGRGYEQYF', 'CASSYLMRGHSYEQYF', 'CASTNTGGQVSYEQYF', 'CASSFTLGDLSSYEQYF', 'CASSPGGFGEQYF'	21, 3, 2, 1, 1, 1, 1
TRBV28-1.TRBJ2-6	1	0.0	0	'CASSVRQSSGANVLTF'	2
TRBV28-1.TRBJ2-5	1	0.0	0	'CASSPRPQGGETQYF'	1
TRBV28-1.TRBJ2-4	1	0.0	0	'CASRTGVNIQYF'	10
TRBV28-1.TRBJ2-3	1	0.0	0	'CASSLRLAGQYF'	1
TRBV20-1.TRBJ2-1	51	5.19772545606	0.916314476209	'CSARSFTADTGNEQFF', 'CSAAPHPPYNEQFF', 'CSAEPGLAPYNEQFF', 'CSARPTGTGANEQFF', 'CSARDPGGAEQFF', 'CSAIVTEAFSSYNEQFF', 'CSASPLSSGLYNEQFF', 'CSASKRELNDEQFF', 'CSASPKLYNEQFF', 'CSASPGLAGDHEQFF', 'CSARDYSSAEQFF', 'CSARDLGQAGVLNEQFF', 'CSASLAGGFNEQFF', 'CSARDGTGAKYEQFF', 'CSASKGVAAGDLQSSYNEQFF', 'CSARDGGTPYNEQFF', 'CSARDRSTFEQFF', 'CSAADFSSGLAGVGEQFF', 'CSASPLTSGLYNEQFF', 'CSARDNGRGGYNEQFF', 'CSARVGLAGVSNEQFF', 'CSATVGGGPQQFF', 'CSAILADNEQFF', 'CSAATPPSGGAYEQFF', 'CSATGTSGSLDNEQFF', 'CSTTTYNEQFF', 'CSARDSGQGGDTEQFF', 'CSASDSGGTDNEQFF', 'CSARKPSGAGTYNEQFF', 'CSARKVGSGSSYNEQFF', 'CSATPGGGGRYNEQFF', 'CSVPRSYNEQFF', 'CSATRPGNNEQFF', 'CSASVWGPYNEQFF', 'CSARKVGSGGSYNEQFF', 'CSARGSGRGTYNEQFF', 'CSARWGAPYNEQFF', 'CSARATSRSYNEQFF', 'CSARDILAGGRGPNAYYNEQFF', 'CSARYPTYNEQFF', 'CSARDLTRGNEQFF', 'CSARDQGGGQQFF', 'CSASSLTGGDYNEQFF', 'CSARVGTKSNEQFF', 'CSAPGLAGGQTYNEQFF', 'CSARDFRGDNEQFF', 'CSAMASYNEQFF', 'CSARVASGGNEQFF', 'CSAKGLAGIDEQFF', 'CSARDDRSGRSYNEQFF', 'CSAPHPGLQTGEQFF'	13, 7, 3, 2, 2, 2, 2, 2, 2, 2, 2, 1, 2, 1, 2, 1, 1, 1, 1, 1, 1, 1, 1, 1, 1, 1, 1, 1, 1, 1, 1, 1, 1, 1, 1, 1, 1, 1, 1, 1, 1, 1, 1, 1, 1, 1, 1, 1, 1, 1, 1
TRBV28-1.TRBJ2-1	3	0.64020643336	0.403925287235	'CASSFLGVGTYNEQFF', 'CASTLLSGGLYNEQFF', 'CASSLGWGRSSYNEQFF'	15, 1, 1
TRBV4-2.TRBJ1-5	1	0.0	0	'CASSQEGDYQPQHF'	1
TRBV10-3.TRBJ2-5	5	2.25162916739	0.969723899868	'CAISGPGTSGQETQYF', 'CAIRDYNQETQYF', 'CATYEVVLETQYF', 'CAIRRTSGRGETQYF', 'CAIRRLVQETQYF'	2, 1, 1, 1, 1
TRBV10-3.TRBJ2-7	8	2.87314067951	0.957713559838	'CAISDVIGYEQYF', 'CAISGPGLAGDEQYF', 'CAIKPREQYF', 'CAISEWDGRDPEQYF', 'CAISESAGQGEVYEQYF', 'CAISESSLGEQYF', 'CAISESTGTAYEQYF', 'CAISEAPPYEQYF'	3, 2, 2, 1, 1, 1, 2, 1
TRBV10-3.TRBJ2-1	7	2.64643934467	0.942680714817	'CAIRGQGIDNEQFF', 'CAIGTQRGREFF', 'CAISEAGSDFNEQFF', 'CAISDARGRGSEQFF', 'CAISTKSGGGGEQFF', 'CAIRSGRAHNEQFF', 'CAISDLQHRGRNEQFF'	3, 2, 1, 1, 1, 1, 1
TRBV10-3.TRBJ2-2	2	0.811278124459	0.811278124459	'CAISITANTGELFF', 'CAISEVWATQRGELFF'	3, 1
TRBV10-3.TRBJ2-3	7	2.64643934467	0.942680714817	'CAIRATSGAGTQYF', 'CAISVARGPDTQYF', 'CAISETSVGDTQYF', 'CAISESAGQGGDTQYF', 'CAISGLAGNTDTQYF', 'CAISESLATDTQYF', 'CAISVGPAGPSESTDTQYF'	3, 2, 1, 1, 1, 1, 1
TRBV6-7.TRBJ1-5	1	0.0	0	'CASSYSRIYSNQPQHF'	1
TRBV11-2.TRBJ1-3	2	1.0	1.0	'CASSAGQASGNTIYF', 'CASSLSLVNTIYF'	1, 1
TRBV11-2.TRBJ1-2	5	2.32192809489	1.0	'CASSLGPGTNYGYTF', 'CASSLAPAGGNGYTF', 'CASSFLPGFTSYGYTF', 'CASTLTGTDYGYTF', 'CASSPQLIDNYGYTF'	1, 1, 1, 1, 1
TRBV11-2.TRBJ1-1	11	3.3232314288	0.96062931578	'CASSSRGTEAFF', 'CASSLVTEAFF', 'CASSLRGNTEAFF', 'CASRGDREVAEAFF', 'CASSLDNPTGFSEAFF', 'CASRRGGTEAFF', 'CASSLRTGTEAFF', 'CASSLDSGSPEAFF', 'CASSLWNRGAFF', 'CASSFLGPGQGARYTEAFF', 'CASSPAPRGGNTEAFF'	3, 2, 2, 1, 1, 1, 1, 1, 1, 1, 1
TRBV11-2.TRBJ1-6	4	1.91829583405	0.959147917027	'CASRSGDSPLHF', 'CASSLSGTENSPLHF', 'CASSLDLNFPSSYNSPLHF', 'CASSPFGGDRGSYNSPLHF'	2, 2, 1, 1
TRBV11-2.TRBJ1-5	2	1.0	1.0	'CASSLVSQGNQPQHF', 'CASSADLDQPQHF'	2, 2
TRBV11-2.TRBJ1-4	2	1.0	1.0	'CASSLGQGCEKLFF', 'CASSLQGAANEKLFF'	1, 1
TRBV20-1.TRBJ1-4	5	2.32192809489	1.0	'CSARPRAEKLFF', 'CSASPPTGIEKLFF', 'CSARLNEKLFF', 'CSAPGTGEEKLFF', 'CSAAGSYNEKLFF'	1, 1, 1, 1, 1
TRBV6-5.TRBJ2-1	14	1.04072944059	0.27334710367	'CASRHTGGSYNEQFF', 'CASSHSFDRAAYNEQFF', 'CASSFGVEQFF', 'CASSYMTQVTYNEQFF', 'CASRPLAGNNEQFF', 'CASSPTSGGVDEQFF', 'CASRAGLAGTDEQFF', 'CASRTGGNEQFF', 'CASRSDRSSYNEQFF', 'CASSYGSSYNEQFF', 'CASSYGSGRSYNEQFF', 'CASRLGGGPHNEQFF', 'CASTRDRNNNEQFF', 'CASRIAGYNEQFF'	99, 2, 2, 1, 1, 1, 1, 1, 1, 1, 1, 1, 1, 1
TRBV20-1.TRBJ1-6	3	1.58496250072	1.0	'CSASTRVGSPLHF', 'CSARGDTSSYNSPLHF', 'CSARDGSTANSPLHF'	1, 1, 1
TRBV25-1.TRBJ2-5	2	0.5435644432	0.5435644432	'CASSERGSRRATETQYF', 'CASRLTSQETQYF'	7, 1
TRBV6-5.TRBJ2-4	1	0.0	0	'CASRSSKNIQYF'	1
TRBV20-1.TRBJ1-1	44	5.02696334205	0.920785109733	'CSARDRVLHFTNTEAFF', 'CSAPEGGRAFF', 'CSATPGGQGWIDGAFF', 'CSARVDAKLGDEAFF', 'CSARAQGIDAFF', 'CSARGNTEAFF', 'CSASRMGRDYDLLLMNTEAFF', 'CSARDRQANTEAFF', 'CSARDAGQGTTEAFF', 'CSARDPGEGDGTEAFF', 'CSASSGTTTEAFF', 'CSADRPGQGHTEAFF', 'CSASNAGMNTEAFF', 'CSAKYRDTEAFF', 'CSARAPGQLNTEAFF', 'CSARGQGDTEAFF', 'CSARTGPGNTEAFF', 'CSAVGQGNTEAFF', 'CSAASTGDGTEAFF', 'CSASGGGPEAFF', 'CSARDGGQVEAFF', 'CSAAGGEKAFF', 'CSARDFGGTEAFF', 'CSATQGAEDTEAFF', 'CSARRAENTEAFF', 'CSAPPPGWQRGAFF', 'CSASGEGPRDTEAFF', 'CSARRQAGEAFF', 'CSASDDRGSEAFF', 'CSARTTDKNTEAFF', 'CSVTTPGRNTEAFF', 'CSARGRERDTEAFF', 'CSATRTSNTEAFF', 'CSATRALGTEAFF', 'CSARVDTKLGDEAFF', 'CSAGKTGGTEAFF', 'CSASPTGGHTEAFF', 'CSALPSLAGVMNTEAFF', 'CSAPRPGARTEAFF', 'CSANRQGAHEAFF', 'CSGAGGVEAFF', 'CRGSGGGNTEAFF', 'CSARDEGRTNTEAFF', 'CSAEGGQTRTEAFF'	8, 7, 6, 5, 5, 4, 3, 3, 2, 2, 2, 2, 2, 2, 1, 1, 1, 1, 1, 1, 1, 1, 1, 1, 1, 1, 1, 1, 1, 1, 1, 1, 1, 1, 1, 1, 1, 1, 1, 1, 1, 1, 1, 1
TRBV20-1.TRBJ1-2	40	4.52200960272	0.849693855703	'CSARDQLIYGYTF', 'CSASESYGYTF', 'CSAQANYGYTF', 'CSARDSQGADYGYTF', 'CSARDSGGAFYGYTF', 'CSARDGTANSNYGYTF', 'CSATTGLGYTF', 'CSARDLDGYTF', 'CSAVDRANLGYTF', 'CSASDWGARGSYGYTF', 'CSARERGQRPLGYTF', 'CSARDREEANYGYTF', 'CSASGPHVRGYTF', 'CSAQRDYGYTF', 'CSAGQQGYYGYTF', 'CSARDQGLSTGGPTNYGYTF', 'CRADDEGGYTF', 'CSARDREEASYGYTF', 'CSARQGYGYTF', 'CSARESRSYGYTF', 'CSARDGSYGYTF', 'CSATPGQGARNYGYTF', 'CSAPYGLNRDWSDGYTF', 'CSARAIGGYTF', 'CSALNWGLTGDGYTF', 'CSARETNDYGYTF', 'CSARDRDSANYGYTF', 'CSARSPVRVTYGYTF', 'CSAHDGPVGYTF', 'CSASSGGYGYTF', 'CSARKRGGVHYGYTF', 'CSAQTGQGDGYTF', 'CSARRTEVNYGYTF', 'CSASLGTRTTYGYTF', 'CSARDRTEASYGYTF', 'CSAATNYGYTF', 'CSARDSLTGNYGYTF', 'CSAREATGGGYGYTF', 'CSARDWGSDNYGYTF', 'CSASWDWARSYGYTF'	23, 11, 10, 8, 7, 5, 5, 4, 4, 4, 4, 2, 2, 2, 2, 2, 2, 1, 1, 1, 1, 1, 1, 1, 1, 1, 1, 1, 1, 1, 1, 1, 1, 1, 1, 1, 1, 1, 1, 1
TRBV20-1.TRBJ1-3	7	2.52192809489	0.898328912769	'CSASPGTDSSGNTIYF', 'CSARDPLRGSGNTIYF', 'CSAKETNRNTIYF', 'CSARTVSGNTIYF', 'CSAEGPGQGVFGNTIYF', 'CSARPRDYPNTIYF', 'CATGRGRGGNTIYF'	4, 1, 1, 1, 1, 1, 1
TRBV7-2.TRBJ1-5	4	1.23849227636	0.619246138179	'CASSFQGAVNQPQHF', 'CASSLQGRQPQHF', 'CASSLRGDQPQHF', 'CASSFYVGNQPQHF'	29, 8, 2, 2
TRBV7-2.TRBJ1-4	3	1.37095059445	0.864973520718	'CASSLGGQHSEKLFF', 'CASSLSRQGAREKLFF', 'CASSPGTGRNEKLFF'	3, 1, 1
TRBV7-2.TRBJ1-6	2	0.918295834054	0.918295834054	'CASSPQNSPLHF', 'CASSLLRGGSPLHF'	4, 2
TRBV7-2.TRBJ1-1	6	2.52164063634	0.975503759006	'CASSFISGTGKLEAFF', 'CASSWWTGQAFF', 'CASSLEGDMNTEAFF', 'CASSLHRGRDTEAFF', 'CASSLGQGPNTEAFF', 'CASSVYYRALNTEAFF'	2, 1, 1, 1, 1, 1
TRBV7-2.TRBJ1-3	2	0.811278124459	0.811278124459	'CASSLETAGLAIYF', 'CASSLKGLFGSGNTIYF'	3, 1
TRBV7-2.TRBJ1-2	19	3.4831940422	0.81997492452	'CASSDLLGQGYTF', 'CASSLEAFGGYTF', 'CASSLGWVSHYTF', 'CASSRGHRQGYTF', 'CASSAGQARGYTF', 'CASGLGTGYGYTF', 'CASSLNRVDRSGYGYTF', 'CASSLADFVNYGYTF', 'CASSPEPGLDYGYTF', 'CASSLDYGYTF', 'CASSQWREEGYTF', 'CASSSLSRGIYGYTF', 'CASSLDGSRRTGINYGYTF', 'CASSSLSQGNYGYTF', 'CASSLVAVSYGYTF', 'CASSLGPGGNYGYTF', 'CASSLAAQVNYGYTF', 'CASSLGAGRGYTF', 'CASSSRQTVNYGYTF'	14, 7, 4, 2, 2, 2, 1, 1, 1, 1, 1, 1, 1, 1, 1, 1, 1, 1, 1
TRBV7-2.TRBJ2-7	28	4.10974672735	0.854887312042	'CASSPVGGGIPPVDEQYF', 'CASSWGTSGVYEQYF', 'CASSLAGSGGGNEQYF', 'CASSRGGPAGAYEQYF', 'CASSLALEGEQYF', 'CASSLASGTGGEQYF', 'CASSPSGGRPLYEQYF', 'CASSLEAGGPYEQYF', 'CASSPRGGPYEQYF', 'CASSLGIQPYEQYF', 'CASSLWTSGERQYF', 'CASSSAGTSGYEQYF', 'CASSHDWAYEQYF', 'CASSLGASSYEQYF', 'CASSLTGTREQYF', 'CASSAGGEQYF', 'CASSVAGGQNEQYF', 'CASSLVGQGIYEQYF', 'CASSPLPSYEQYF', 'CASSLSSSYEQYF', 'CASSLMDGAYEQYF', 'CASRSTPGQAYEQYF', 'CASSLSTGGNEQYF', 'CASSLNTVSGEQYF', 'CASSLGQGFNEQYF', 'CASSFGGFYEQYF', 'CASSLIGGDFNYEQYF', 'CASSPTASYEQYF'	13, 9, 6, 6, 2, 2, 2, 2, 2, 1, 1, 1, 1, 1, 1, 1, 1, 1, 1, 1, 1, 1, 1, 1, 1, 1, 1, 1
TRBV7-2.TRBJ2-4	1	0.0	0	'CASSLGGGTGRPRSF'	1
TRBV7-2.TRBJ2-5	9	3.12192809489	0.984858661788	'CASSLLAGGRQETQYF', 'CASSIPSGQETQYF', 'CASSSQGHPQETQYF', 'CASSLGGAEDETQYF', 'CASTSPGTDTRTQYF', 'CASSPSGGTQYF', 'CASSFRGGETQYF', 'CASSPKDREETQYF', 'CASSSGPGRGETQYF'	2, 1, 1, 1, 1, 1, 1, 1, 1
TRBV7-2.TRBJ2-2	7	2.80735492206	1.0	'CASRFDRGAGELFF', 'CASSRDRGSGELFF', 'CASSRAGDTGELFF', 'CASSLNPPGAGGELFF', 'CASSPGLARSGELFF', 'CASSLVHGGGNTGELFF', 'CASSLVGSGNTGELFF'	1, 1, 1, 1, 1, 1, 1
TRBV7-2.TRBJ2-3	14	3.69011651759	0.969207387579	'CASRPRRRGPPDTQYF', 'CASSFWTADTQYF', 'CASSQGPRVSDTQYF', 'CASSLGGDTQYF', 'CASSLTSGGDTDTQYF', 'CASSGEGLAGGSTQYF', 'CASSLRQGGFDTQYF', 'CASSLARSRDTQYF', 'CASSGSPADTQYF', 'CASRYRGTDTQYF', 'CASSLVGLVGSGTDTQYF', 'CASSLLPSTDTQYF', 'CASSSLAVLSGDTQYF', 'CASSESDTQYF'	3, 2, 1, 1, 1, 1, 1, 1, 1, 1, 1, 1, 1, 1
TRBV7-2.TRBJ2-1	10	3.25162916739	0.97883791416	'CASSLRLAGDNEQFF', 'CASSLSNEQFF', 'CASNSGSYNEQFF', 'CASSHGLAGANEQFF', 'CASSFLDYSSEQFF', 'CASSLDGGTYNEQFF', 'CASSLGLAGTNEQFF', 'CASSGGGGPTYNEQFF', 'CASSFVGGPGEQFF', 'CASSLASGLPYNEQFF'	2, 2, 1, 1, 1, 1, 1, 1, 1, 1
TRBV10-3.TRBJ1-6	1	0.0	0	'CAIRRAAENSPLHF'	1
TRBV10-3.TRBJ1-5	2	1.0	1.0	'CAISESGTDYSNQPQHF', 'CAISQTDNQPQHF'	1, 1
TRBV10-3.TRBJ1-3	3	1.58496250072	1.0	'CAISETGALGNTIYF', 'CAISEDRGSGNTIYF', 'CAISESLSGNTIYF'	1, 1, 1
TRBV10-3.TRBJ1-2	3	1.52192809489	0.960229717861	'CAISDWDRGDYGYTF', 'CAISTGQGRGYTF', 'CASRGVWGAFDYGYTF'	2, 2, 1
TRBV10-3.TRBJ1-1	7	2.75	0.979569764547	'CAISPGTFNRGYTEAFF', 'CAISGDRSGTEAFF', 'CAIKAPGMNTEAFF', 'CAISGGVGVNTEAFF', 'CAIGDGNTEAFF', 'CAISAYTEAFF', 'CAISESEVTEAFF'	2, 1, 1, 1, 1, 1, 1
TRBV7-7.TRBJ2-3	4	1.79248125036	0.89624062518	'CASSLGPSGGGADTQYF', 'CASSLVPGVGYHTDTQYF', 'CASSARTSGSGTDTQYF', 'CASSPGLADTDTQYF'	3, 1, 1, 1
TRBV7-7.TRBJ2-2	1	0.0	0	'CASGRGLDTGELFF'	1
TRBV7-7.TRBJ2-1	3	1.58496250072	1.0	'CASSRDRGSYEQFF', 'CASSLRADDEQFF', 'CASSLGTGSDEQFF'	1, 1, 1
TRBV7-7.TRBJ2-7	3	1.5	0.946394630357	'CASSYRNGATYEQYF', 'CASSPGQGLLDEQYF', 'CASKGHPRGTRPHVEQYF'	2, 1, 1
TRBV7-7.TRBJ2-5	5	2.19715972342	0.946265187222	'CASTPAPSGRETQYF', 'CASSSGQGTETQYF', 'CASSLVAWGETQYF', 'CASSTGTQETQYF', 'CASSPGPRRETQYF'	3, 2, 2, 1, 1
TRBV25-1.TRBJ1-5	1	0.0	0	'CASSSQPQHF'	1
TRBV25-1.TRBJ1-6	2	0.918295834054	0.918295834054	'CASSGRVPPSPLHF', 'CASSELEGWAPLHF'	2, 1
TRBV25-1.TRBJ1-1	4	2.0	1.0	'CASRGGLNTEAFF', 'CASNQGSNTEAFF', 'CASRWAVNTEAFF', 'CASSDSVMTVNTEAFF'	1, 1, 1, 1
TRBV25-1.TRBJ1-3	1	0.0	0	'CASSENGNTIYF'	1
TRBV25-1.TRBJ1-2	2	1.0	1.0	'CASSELGAGHSYGYTF', 'CASSSDFYGYTF'	1, 1
TRBV25-1.TRBJ2-3	4	2.0	1.0	'CASAGQGIDTQYF', 'CASAGQGTDTQYF', 'CASSEYRLGRYTQYF', 'CASSEYRGTGTQYF'	1, 1, 1, 1
TRBV11-2.TRBJ2-1	11	3.33467914105	0.963938446734	'CASSSGTSGIFEQFF', 'CASSLYIEQFF', 'CASSLAAGDYNEQFF', 'CASSQRLAGVYNEQFF', 'CASSLEWGPWEQFF', 'CASSLLFVSGDEQFF', 'CASSSARTLRGNEQFF', 'CASSLSSGSNEQFF', 'CASSLDDAADYNEQFF', 'CASSLDSAYNEQFF', 'CASSLGSWVVSDNEQFF'	3, 1, 1, 1, 1, 1, 1, 1, 1, 1, 1
TRBV7-7.TRBJ1-1	1	0.0	0	'CASSSGVNTEAFF'	1
TRBV4-2.TRBJ2-1	5	2.25162916739	0.969723899868	'CASSQVAGGGYNEQFF', 'CASSQEGVSSGGGYNEQFF', 'CASSQDAGGASSSYNEQFF', 'CASSLVGELGQFF', 'CASSQDTGAGGLEQFF'	2, 1, 1, 1, 1
TRBV4-2.TRBJ2-3	8	2.81507241012	0.938357470039	'CASSQVTRGLHTDTQYF', 'CASSQDQTSGSTDTQYF', 'CASSQALADTDTQYF', 'CASSLQGTDTQYF', 'CASSPSGSGTDTQYF', 'CASSQEGGREGGDTQYF', 'CASSQTGGRRADTQYF', 'CASSPLISGYTDTQYF'	3, 3, 2, 1, 1, 1, 1, 1
TRBV7-9.TRBJ2-2	6	2.40563906223	0.930628224417	'CASSWNGELFF', 'CASSLEGLAGNGELFF', 'CASSAQGTNTGELFF', 'CASSLRGGMGELFF', 'CASSLLGAGELFF', 'CASAGQGNTGELFF'	3, 1, 1, 1, 1, 1
TRBV4-2.TRBJ2-5	3	1.25162916739	0.789690082143	'CASSQGTQETQYF', 'CASSQDNLAGGRETQYF', 'CASSQRAQETQYF'	4, 1, 1
TRBV7-1.TRBJ2-7	1	0.0	0	'CASSPVGGGIPPVDEQYF'	1
TRBV4-2.TRBJ2-7	8	2.60693673218	0.868978910725	'CASSQDAYEQYF', 'CASSQDWAGDYEQYF', 'CASSLSGTAPYEQYF', 'CASSHDRGDSYEQYF', 'CASSQDSAGAPSYEQYF', 'CASSPQGQGQEQYF', 'CASSWGQGQREGPYEQYF', 'CASSQESPYQGYEQYF'	8, 4, 3, 2, 1, 2, 1, 1
TRBV4-2.TRBJ2-6	1	0.0	0	'CASSQDPVHSGANVLTF'	1
TRBV20-1.TRBJ2-7	47	4.18439092996	0.753321450371	'CSASGAYEQYF', 'CSARPGTAAYEQYF', 'CSARYGFYEQYF', 'CSARAVLAELYVQYF', 'CSARNSLAESYEQYF', 'CSALGLAGHEQYF', 'CSAEPGQSPFEEQYF', 'CSAREVTSGGGWDEQYF', 'CSARGLAGSYEQYF', 'CSAQGPSGQPYEQYF', 'CSARVGGDSYEQYF', 'CSARDLYLSDEQYF', 'CSAPTGVEQYF', 'CSAKKQTTHEQYF', 'CSASEGYEQYF', 'CSASGGTSGYEQYF', 'CSASPRGYEQYF', 'CSARDLVGRGPSYEQYF', 'CSASRGGGEDEQYF', 'CSARGNWSYYEQYF', 'CSARRAGAGGYEQYF', 'CSASSPGGGNEQYF', 'CSASLSTGSYEQYF', 'CSATPGQGLHEQYF', 'CSARVRQTLYEQYF', 'CSARVFEEACEQYF', 'CSARAQPYEQYF', 'CSAGTMGGPEQYF', 'CSARKREGIYEQYF', 'CSALGGLNSYEQYF', 'CSARDMSVYEQYF', 'CSARVTSGAIPYEQYF', 'CSAGLAGGPYEQYF', 'CSAGREVSHEQYF', 'CSASGRSPAAYEQYF', 'CSAANNPYEQYF', 'CSARTSFDEQYF', 'CSARITGIYEQYF', 'CSLWGPEPYEQYF', 'CSAKGSVGGGYEQYF', 'CSASPGGTYEQYF', 'CSARDVGTSGTYEQYF', 'CSARGLMTGAAYEQYF', 'CSAREGQRDYEQYF', 'CSARDGGLAGVFEQYF', 'CSASSRDRGFYEQYF', 'CSAAAGAIRSYEQYF'	48, 23, 16, 12, 10, 5, 4, 3, 3, 3, 3, 2, 2, 2, 2, 2, 2, 2, 1, 1, 1, 1, 1, 1, 1, 1, 1, 1, 1, 1, 1, 2, 1, 1, 1, 1, 1, 1, 1, 1, 1, 1, 1, 1, 1, 1, 1
TRBV4-2.TRBJ1-3	3	1.34858789601	0.850864228901	'CASSQDTVARAGNTIYF', 'CASSPNGEGTGNTIYF', 'CASSQEDGQGGNTIYF'	5, 5, 1
TRBV20-1.TRBJ2-5	25	4.12593347658	0.888471414267	'CSARGVASGSAQVTQYF', 'CSAQGMGKETQYF', 'CSADSRGETQYF', 'CSARDPSRRTQYF', 'CSLISGGPGETQYF', 'CSARTGFQETQYF', 'CSARVPDLAQYF', 'CSANAEETQYF', 'CSARGGEETQYF', 'CSAHSLGKETQYF', 'CSARALEGSGTQYF', 'CSAPTPSGGGETQYF', 'CSARDGGGVGETQYF', 'CSALFGETQYF', 'CSAYPRASGSFGETQYF', 'CSARQLAGGPQETQYF', 'CSAKLAQETQYF', 'CSAKRTGFQETQYF', 'CSASIRVGGETQYF', 'CSARTGEEVRETQYF', 'CSAEPSGRETQYF', 'CSATRGDIEETQYF', 'CSAIKREQETQYF', 'CSALTDGGETQYF', 'CSARDRARHQETQYF'	10, 4, 2, 2, 1, 1, 1, 1, 1, 1, 1, 1, 1, 1, 1, 1, 1, 1, 1, 1, 1, 1, 1, 1, 1
TRBV7-9.TRBJ1-1	9	0.498446306599	0.157242302696	'CASSWWTGQAFF', 'CASSLGQHNTEAFF', 'CASLRNMNTEAFF', 'CASSPSSGVNTEAFF', 'CASSLVGAFF', 'CASSPNSGRKAEAFF', 'CASSLVGGGRTEAFF', 'CASSQIGSEAFF', 'CASSTDRQIQMNTEAFF'	190, 2, 2, 2, 2, 1, 1, 1, 1
TRBV7-9.TRBJ1-6	2	1.0	1.0	'CASRSLDNSPLHF', 'CASSLAQGKDSPLHF'	1, 1
TRBV20-1.TRBJ2-2	15	1.30949001714	0.335174478295	'CSASSPSGTQPGELFF', 'CSASRRDTGELFF', 'CSATPSPTNTGELFF', 'CSAPMARGVSTGELFF', 'CSARGGGADTGELFF', 'CSAPRAGMRTGELFF', 'CSASPRATNTGELFF', 'CSARDQKDRGGTGELFF', 'CSASPGPTNTGELFF', 'CSAERGGANTGELFF', 'CSASDLETGELFF', 'CSAVDRGLPNTGELFF', 'CSARDPVAGDSDGELFF', 'CSADRDNTGELFF', 'CSAQRTGELFF'	86, 2, 2, 2, 2, 1, 1, 1, 1, 1, 1, 1, 1, 1, 1
TRBV4-2.TRBJ1-4	1	0.0	0	'CASSPSGTDNEKLFF'	2
TRBV7-9.TRBJ1-5	6	0.583699270665	0.225805701437	'CASSLEGNQPQHF', 'CASSGQGARQPQHF', 'CASSTGRDRPQHF', 'CASSPPSRAPQHF', 'CASSLDRADQPQHF', 'CASSLGELGPQHF'	80, 2, 2, 1, 1, 1
TRBV2-1.TRBJ2-1	20	2.47752904854	0.573246244303	'CASSVWTSGFNEQFF', 'CASSRRSGGEQFF', 'CASSDRTNEQFF', 'CASILPRDSIVRSSYNEQFF', 'CASRLATSYNEQFF', 'CASSSITYNEQFF', 'CASSEAPGLAGVYNEQFF', 'CASSRDRNEQFF', 'CASSVKGSLFDEQFF', 'CASSEMAGGQDEQFF', 'CASSDVWTSVYNEQFF', 'CASRAQRGIYNEQFF', 'CASTITRQGGEQFF', 'CASSVGPGDGDEQFF', 'CASSYESHEQFF', 'CASSVDLHSYNEQFF', 'CASSGQASYNEQFF', 'CASASGRLNEQFF', 'CASIKGQGSGNEQFF', 'CASSEWSGGVDLNEQFF'	41, 3, 2, 2, 2, 1, 1, 1, 1, 1, 1, 1, 1, 1, 1, 1, 1, 1, 1, 1
TRBV2-1.TRBJ2-2	8	2.53414684381	0.844715614602	'CASRGGTGSPGELFF', 'CASSVDNTGELFF', 'CASRQENTGELFF', 'CARGQLANTGELFF', 'CASSGRGRELFF', 'CASSEWEYTGELFF', 'CASRVETGYTGELFF', 'CASSRLANTGELFF'	7, 3, 2, 1, 1, 1, 1, 1
TRBV2-1.TRBJ2-3	11	3.45943161864	1.0	'CASRILAGGPTSQYF', 'CASSEAGVGLVTDTQYF', 'CASGRLTSTDTQYF', 'CASKRDIVENTQYF', 'CASTTSGGAEDTQYF', 'CASKRESTDTQYF', 'CASTTSGRTDTQYF', 'CASRPGTALGPDTQYF', 'CASSEASARDTQYF', 'CATSSSGGAEDTQYF', 'CASRRRVWDVMSDTQYF'	1, 1, 1, 1, 1, 1, 1, 1, 1, 1, 1
TRBV2-1.TRBJ2-4	2	0.918295834054	0.918295834054	'CASSELAVIAKNIQYF', 'CASKANLAGVPPKNIQYF'	2, 1
TRBV2-1.TRBJ2-5	8	3.0	1.0	'CASRPFSSTFQETQYF', 'CASSGTRSVETQYF', 'CASRRGNGETQYF', 'CASSESLIETQYF', 'CASSEGGRARETQYF', 'CASSTDGGEETQYF', 'CASRARYQETQYF', 'CASSEGRTRETQYF'	1, 1, 1, 1, 1, 1, 1, 1
TRBV2-1.TRBJ2-6	1	0.0	0	'CASSRLTYRTKRANVLTF'	1
TRBV2-1.TRBJ2-7	11	2.80486758513	0.810788561339	'CASSELGRSSYEQYF', 'CASSPSGSRAEQYF', 'CASRTGPYEQYF', 'CASRRQGYEQYF', 'CASRGGTYYEQYF', 'CASSEDVYEQYF', 'CAGGGEDRGYEQYF', 'CAILTWAQGPYF', 'CASKTIGTVAYEQYF', 'CATQPGFSKHYEQYF', 'CASSEGGTGFYEQYF'	12, 5, 4, 2, 2, 1, 1, 1, 1, 1, 1
TRBV30-1.TRBJ2-1	6	2.28415912785	0.88363337078	'CAWSREAGDWEQFF', 'CAWSADRVLRWQFF', 'CAWSVWRSPYNEQFF', 'CAWRELAGNEQFF', 'CAWSPRYNEQFF', 'CAWSYGLAGFHEQFF'	5, 2, 2, 1, 1, 1
TRBV11-2.TRBJ2-7	21	4.02253047479	0.915810513587	'CASSLAGTGLAGMGEQYF', 'CASSLDLRGSQYF', 'CASSLENEQYF', 'CASSVTSGTEYEQYF', 'CASSLEGRVYEQYF', 'CASSLNPYEQYF', 'CASSLAIQGVHEQYF', 'CASSLGAGGNYEQYF', 'CASSLEGRNSGTSVTYEQYF', 'CASSLVDWTGESYEQYF', 'CASSSGQGSYEQYF', 'CASSTSRAYEQYF', 'CASSDWYEQYF', 'CASSRDRGGYEQYF', 'CASSLSYEQYF', 'CASSYSGGDEQYF', 'CASSPRMRGSYEQYF', 'CASSPTGSWEQYF', 'CASSLGPGRELGEQYF', 'CASSLRGGGRHEQYF', 'CASSEKSGLVSYEQYF'	7, 4, 3, 3, 3, 2, 1, 1, 1, 1, 1, 1, 1, 1, 1, 1, 1, 1, 1, 1, 1
TRBV30-1.TRBJ2-2	3	1.06127812446	0.669591945536	'WCRDRVSGRNTGELFF', 'CAWKRTGVDTGELFF', 'CAYLAGVRSGGELFF'	6, 1, 1
TRBV6-6.TRBJ1-4	1	0.0	0	'CASSPFGGEGEKLFF'	1
TRBV6-6.TRBJ1-5	6	1.85428587199	0.717335694994	'CASRQQTGNQPQHF', 'CATGLGQPQHF', 'CASSPQAPIGNQPQHF', 'CASSWGPNQPQHF', 'CASSWEPNQPQHF', 'CAVGLLSNQPQHF'	8, 1, 1, 1, 1, 1
TRBV6-6.TRBJ1-6	1	0.0	0	'CASSATGAPLHF'	4
TRBV6-6.TRBJ1-1	11	3.0207277798	0.873186151022	'CASSFLGLNTEAFF', 'CASSHLRTEAFF', 'CASSSDGNTEAFF', 'CASSYTEAFF', 'CASSTGTGGEAFF', 'CASKWGLVNTEAFF', 'CASSYSGGQRAAEAFF', 'CASSSRQGGGTEAFF', 'CASSPHHLEAFF', 'CASSSGGLNTEAFF', 'CASTHRDHTEAFF'	7, 4, 2, 2, 1, 1, 1, 1, 1, 1, 1
TRBV6-6.TRBJ1-2	5	2.12581458369	0.915538508008	'CASSNQWVHGYTF', 'CASIATESYGYTF', 'CASSQDHRGGYTF', 'CASSPGSYGYTF', 'CASSSTDRGLGYTF'	4, 3, 3, 1, 1
TRBV6-6.TRBJ1-3	3	0.568995593589	0.358996249647	'CASRLGNTIYF', 'CASSLTGFFSGNTIYF', 'CASREWAGPGNTIYF'	18, 1, 1
TRBV30-1.TRBJ2-6	1	0.0	0	'CAWSGNRASSGANVLTF'	1
TRBV30-1.TRBJ2-7	8	0.597385144563	0.199128381521	'CAWSVGGTYEQYF', 'CAWSPPVGALYEQYF', 'CAWSTDRGLYEQYF', 'CAWRAYQRRGTYEQYF', 'CAWSSGTPDYEQYF', 'CAWTELQGRSDEQYF', 'CAWKRAGGYEQYF', 'CAWSVRGTESYEQYF'	176, 8, 3, 1, 1, 1, 1, 1
TRBV9-1.TRBJ1-4	3	1.58496250072	1.0	'CASSPSGDPYVEEKLFF', 'CASSTGTGEKLFF', 'CASSLLHGTNEKLFF'	1, 1, 1
TRBV6-5.TRBJ2-6	4	2.0	1.0	'CASSYRISGANVLTF', 'CASSESSGANVLTF', 'CASSYSPAAGANVLTF', 'CASSWQGTSGANVLTF'	1, 1, 1, 1
TRBV14-1.TRBJ2-3	5	2.32192809489	1.0	'CASSLQGYTQYF', 'CASSQVAGSSTDTQYF', 'CASSQAGTDTQYF', 'CASSQVPNTQYF', 'CASSQRDRERTDTQYF'	1, 1, 1, 1, 1
TRBV6-6.TRBJ2-7	6	2.26380917388	0.87576093396	'CASSYVGLGRGEQYF', 'CASRPGLAYEQYF', 'CASSYGTDEQYF', 'CASSPRGGHYEQYF', 'CASSYFWGGAYEQYF', 'CASSYLPPAEQYF'	5, 4, 2, 1, 1, 1
TRBV6-6.TRBJ2-5	6	2.58496250072	1.0	'CASRQGPETQYF', 'CASSRTGRQETQYF', 'CASSQGTAQETQYF', 'CASREGLVGTQYF', 'CASSYSTRGGGTQYF', 'CASRKTGGAGETQYF'	1, 1, 1, 1, 1, 1
TRBV6-6.TRBJ2-3	3	1.37095059445	0.864973520718	'CASSPWGVDGADTQYF', 'CASSYSQGADTQYF', 'CASSLSGGAPDTQYF'	3, 1, 1
TRBV6-6.TRBJ2-2	4	1.18627812446	0.59313906223	'CASSYGAGELFF', 'CASSFAGSNTGELFF', 'CASSYSRREYTGELFF', 'CASSPRTANTGELFF'	12, 2, 1, 1
TRBV6-6.TRBJ2-1	8	3.0	1.0	'CASRLAGELGNEQFF', 'CASSGGRYNEQFF', 'CASRHTGGSYNEQFF', 'CASSSGRSSYNEQFF', 'CASNPTPYNEQFF', 'CASSSPSGRARNEQFF', 'CASKPNRGGRGDEQFF', 'CASSYSYNEQFF'	1, 1, 1, 1, 1, 1, 1, 1
TRBV9-1.TRBJ1-3	2	1.0	1.0	'CASSPDPSSGNTIYF', 'CASSPSGTAGNTIYF'	1, 1
TRBV6-2.TRBJ1-1	10	3.32192809489	1.0	'CASSYRESNTEAFF', 'CASSYSTGVLSTEAFF', 'CASSWGLDTEAFF', 'CASTGTAWTEAFF', 'CASGLQGAVAFF', 'CASIPGQASIMNTEAFF', 'CASTVGGTEAFF', 'CASSYPLGQGDTEAFF', 'CASSRRTYTEAFF', 'CASSSPLRGDTEAFF'	1, 1, 1, 1, 1, 1, 1, 1, 1, 1
TRBV6-4.TRBJ2-1	1	0.0	0	'CASSDSAGSYNEQFF'	1
TRBV6-4.TRBJ2-3	5	2.32192809489	1.0	'CASSTGTTDTQYF', 'CASSAQGQATDTQYF', 'CASSETSGGADTQYF', 'CASSDSFPSGATDTQYF', 'CASSEGGQSTDTQYF'	1, 1, 1, 1, 1
TRBV6-4.TRBJ2-2	1	0.0	0	'CASSRTGESGELFF'	1
TRBV6-4.TRBJ2-5	1	0.0	0	'CASSETGGTQETQYF'	1
TRBV30-1.TRBJ2-5	2	0.811278124459	0.811278124459	'CAWSYHGLVAETQYF', 'CAYKPGRRETQYF'	3, 1
TRBV5-6.TRBJ2-1	9	2.98522813603	0.941734626111	'CASSSLGQRLGF', 'CASSSTSGPYNEQFF', 'CASSLRQGSYNEQFF', 'CASSLRDMEFF', 'CASSPLWGPGGGPNNEQFF', 'CASFYGGFSYNEQFF', 'CASRSYSTDEQFF', 'CASSLGGGPGEQFF', 'CASSYPGWDYNEQFF'	3, 3, 2, 1, 1, 1, 1, 1, 1
TRBV5-6.TRBJ2-2	2	0.918295834054	0.918295834054	'CASSLVGRTGRTGELFF', 'CASSFRDRATGELFF'	2, 1
TRBV5-6.TRBJ2-3	9	1.93330147239	0.609888710776	'CASSLQGTDTQYF', 'CASSQQGTDTQYF', 'CASSTQGTDTQYF', 'CASSLGKRVSTDTQYF', 'CATGTQGTDTQYF', 'CASTRQGTDTQYF', 'CASSLSGTDTQYF', 'CASSLYGGTDTQYF', 'CASSFSPGSTDTQYF'	36, 9, 5, 3, 2, 1, 1, 1, 1
TRBV5-6.TRBJ2-5	9	3.00623892865	0.948362793216	'CASSRAGLAVGETQYF', 'CASSLVGSKKETQYF', 'CASSYRLGVGETQYF', 'CASSLADPQETQYF', 'CASSYTLRGETQYF', 'CASSNGGSGWETQYF', 'CASSPLTGSRETQYF', 'CASSLAPQETQYF', 'CASSLPRDSPYQETQYF'	3, 3, 2, 2, 1, 1, 1, 1, 1
TRBV5-6.TRBJ2-6	1	0.0	0	'CASSLRSSGANVLTF'	2
TRBV5-6.TRBJ2-7	12	3.26558332289	0.910911431356	'CASSLVGARNYEQYF', 'CASSWAQGSEQYF', 'CASSSTGLHYEQYF', 'CASSFQVTGGFYEQYF', 'CASSLSLYEQYF', 'CASRSWGGTYEQYF', 'CASSLSVSYEQYF', 'CASSLGGLLYGQYF', 'CASSINGLTGGYEQYF', 'CASSSDRGRWSYEQYF', 'CASSLASGAGEQYF', 'CASSFWVLAGDLEYF'	6, 3, 2, 2, 2, 1, 1, 1, 1, 1, 1, 1
TRBV30-1.TRBJ1-3	3	1.58496250072	1.0	'CAWSLGRGDTIYF', 'CAWAPRGLGGNTIYF', 'CAWNSQSSGNTIYF'	1, 1, 1
TRBV5-5.TRBJ2-6	1	0.0	0	'CASSLGTGPGANVLTF'	1
TRBV5-5.TRBJ2-5	2	1.0	1.0	'CASSLVRRQETQYF', 'CASSLVAGEKTQYF'	1, 1
TRBV6-4.TRBJ1-2	1	0.0	0	'CASSDSEGAQGYTF'	6
TRBV5-6.TRBJ1-2	11	2.979658695	0.861314523157	'CASSFQGARGYTF', 'CASHGTIYGYTF', 'CASSLERVDYGYTF', 'CASSPGHGANYGYTF', 'CASSLRDRELSGYTF', 'CATRPGLDYGYTF', 'CASSTGEDAYGYTF', 'CASSLSIMGPYGYTF', 'CASRKQGALSYGYTF', 'CASSLERFEVGYGYTF', 'CASRTIGFIYGYTF'	8, 3, 3, 2, 1, 1, 1, 1, 1, 1, 1
TRBV5-6.TRBJ1-1	2	1.0	1.0	'CASSGEWGYTEAFF', 'CASSRTATEAFF'	1, 1
TRBV6-4.TRBJ1-1	1	0.0	0	'CASSLQEGTEAFF'	1
TRBV5-6.TRBJ1-6	2	0.5435644432	0.5435644432	'CASSLGPGQYNSPLHF', 'CASTRTGDNSPLHF'	7, 1
TRBV6-4.TRBJ1-4	1	0.0	0	'CASSENVQTEKLFF'	1
TRBV5-6.TRBJ1-4	2	1.0	1.0	'CASSLTGGINEKLFF', 'CASSLTGGDEKLFF'	1, 1
TRBV30-1.TRBJ1-5	2	1.0	1.0	'CAWGNIPNQPQHF', 'CAWSVGNQPQHF'	1, 1
TRBV6-5.TRBJ1-3	6	2.37095059445	0.917208893279	'CATRTGGNTIYF', 'CASSRQANSGNTIYF', 'CASSYSPGRPGENTIYF', 'CASRLGNTIYF', 'CASSPGGNTIYF', 'CASSSWDRIDTIYF'	3, 3, 1, 1, 1, 1
TRBV6-5.TRBJ1-2	19	1.5636026049	0.368085990157	'CASSPGSYGYTF', 'CASCKGLGYGYTF', 'CASSPRRGENGYTF', 'CASNDPGNGYTF', 'CASSYGSMGGYTF', 'CASSYSGVYGYTF', 'CASSPGHNYGYTF', 'CASSPSPPLYTF', 'CASSYGQGARLVYTF', 'CATFDGEEGYGYTF', 'CASSTVTGYGYTF', 'CASSYQAGGYGDYGYTF', 'CASSYSRRSPGGYTF', 'CASSYSRRSTYGYTF', 'CASSYSRRGGYGYTF', 'CASSYSTGGDYGYTF', 'CASSYQVDGAKGYTF', 'CASSYSQGYGYTF', 'CASSSTGGSYGYTF'	86, 2, 2, 2, 2, 1, 1, 1, 1, 1, 1, 1, 1, 1, 1, 1, 1, 1, 1
TRBV6-5.TRBJ1-1	18	4.00182282562	0.959687002581	'CASTRGNTEAFF', 'CASSYLDRDTEAFF', 'CASSYLLTGRNTEAFF', 'CASSYSFSSTEAFF', 'CASSYSTGNYLGGEAFF', 'CASSFRWGGRLIKVTEAFF', 'CASSYSPSGGVNTEAFF', 'CASLGHTNTEAFF', 'CASSYSNAIMSEAFF', 'CASSRAGARRGEAFF', 'CGREAFF', 'CASSYSTGKGANTEAFF', 'CASSYRRNTEAFF', 'CASSYLSVGEAFF', 'CATRRGESTEAFF', 'CASSSGGLNTEAFF', 'CASSLQGGNTEAFF', 'CASSWHRGLNTEAFF'	4, 2, 2, 1, 1, 1, 1, 1, 1, 1, 1, 1, 1, 1, 1, 1, 1, 1
TRBV6-5.TRBJ1-5	10	1.82318952686	0.548834735364	'CASSYSAGWGSNQPQHF', 'CASSQFGQPQHF', 'CASSQPNQPQHF', 'CASRLTGGGQPQHF', 'CASRQQTGNQPQHF', 'CASSYTEGRPRRGPQHF', 'CASSGTVNQPQHF', 'CASSSLASYSNQPQHF', 'CASKRGRNQPQHF', 'CASRMTFEGNQPQHF'	31, 3, 3, 2, 1, 1, 1, 1, 1, 1
TRBV6-5.TRBJ1-4	6	2.41308843643	0.933510035737	'CASSYYGGRGEKLFF', 'CASRQSSSSNEKLFF', 'CASTRKGAGNEKLFF', 'CASSYRASEKLFF', 'CASSSAGLSNEKLFF', 'CASKARAREKLFF'	3, 2, 3, 1, 1, 1
TRBV5-8.TRBJ2-5	1	0.0	0	'CASSYFFAGGLGQETQYF'	1
TRBV25-1.TRBJ2-4	2	1.0	1.0	'CASTIGQGNIQYF', 'CASSDRTGTGAGIQYF'	1, 1
TRBV12-5.TRBJ1-2	2	1.0	1.0	'CASGFSESLLYGYTF', 'CASGYGDRGRIGYTF'	1, 1
TRBV12-5.TRBJ1-1	3	1.58496250072	1.0	'CASGLTLDRAFTEAFF', 'CASGLTPYLRGRGVHTEAFF', 'CASGDELNTEAFF'	1, 1, 1
TRBV7-3.TRBJ1-5	1	0.0	0	'RASSLMWNGTGDGNQPQHF'	1
TRBV7-3.TRBJ1-2	1	0.0	0	'RATPDRRYGYTF'	2
TRBV7-3.TRBJ1-3	1	0.0	0	'RASSLSSSSGNTIYF'	1
TRBV6-2.TRBJ2-1	9	2.5813152774	0.814314305931	'CASSYGDRPSSYNEQFF', 'CASSSRTGGTYNEQFF', 'CASSYDPLLSLDYNEQFF', 'CASRHTGGSYNEQFF', 'CASSYVGDPGEQFF', 'CASSYPKESGGYGEQFF', 'CASRSGTSGGYEQFF', 'CASSFGTSGSYNEQFF', 'CASSNRRSYNEQFF'	11, 3, 3, 2, 2, 1, 1, 1, 1
TRBV12-5.TRBJ2-7	4	1.95021206491	0.975106032457	'CASAQEYEQYF', 'CASGLSLAGVEQYF', 'CASGLVRVGFASYEQYF', 'CASGRQGAREQYF'	2, 2, 2, 1
TRBV12-5.TRBJ2-1	2	0.286396957116	0.286396957116	'CASADRSHNEQFF', 'CASGLPGQIRNEQFF'	19, 1
TRBV12-5.TRBJ2-2	2	1.0	1.0	'CASGFLPGGPAGELFF', 'CASGLVLGDRGSGELFF'	3, 3
TRBV12-5.TRBJ2-3	2	1.0	1.0	'CASGSRGLTDTQYF', 'CASQAGTDTQYF'	1, 1
TRBV20-1.TRBJ2-6	3	1.58496250072	1.0	'CSARDRLAEGSGANVLTF', 'CSGMSGANVLTF', 'CSARASGSNTGANVLTF'	1, 1, 1
TRBV7-3.TRBJ2-7	1	0.0	0	'RASSSPGLDFEQYF'	1
TRBV7-3.TRBJ2-5	1	0.0	0	'RASSQALDSQETQYF'	2
TRBV7-3.TRBJ2-1	1	0.0	0	'RASSWGTSGVPLYNEQFF'	1
TRBV5-3.TRBJ2-6	1	0.0	0	'CARTPGVVKSRANVLTF'	2
TRBV5-3.TRBJ2-1	1	0.0	0	'CASSLVGELGQFF'	1
TRBV5-3.TRBJ2-3	1	0.0	0	'CARSPETNSSGTDTQYF'	1
TRBV5-3.TRBJ1-6	1	0.0	0	'CASSLITGGRAPLHF'	1
TRBV5-3.TRBJ1-4	1	0.0	0	'CARSRRDNNEKLFF'	1
TRBV2-1.TRBJ1-3	3	1.5	0.946394630357	'CASKTGFGNTIYF', 'CASSEGFTGNTIYF', 'CASRENTIYF'	2, 1, 1
TRBV2-1.TRBJ1-2	14	3.65726822962	0.960579800015	'CASSVENYGYTF', 'CASSDLNSLFYGYTF', 'CASFTARDRAYGYTF', 'CASSGGGALSGYTF', 'CASSDRLEYYGYTF', 'CASSDGVYGYTF', 'CASSDDRVASGYTF', 'CASSADLYGYTF', 'CASRQGEFYGYTF', 'CASSEAHNSYGYTF', 'CASSQGQGAVGYTF', 'CASSRQGTVYGYTF', 'CASSPISGTLYGYTF', 'CASRDSKALANYGYTF'	3, 3, 3, 2, 2, 2, 2, 1, 1, 1, 1, 1, 1, 1
TRBV2-1.TRBJ1-1	9	2.59679163198	0.819196552221	'CASSPEGQGRTEAFF', 'CASRFSRNTEAFF', 'CASSERKVGLGQNTEAFF', 'CASSALGQGAYTEAFF', 'CASSEGQEAFF', 'CASSPQGVSTEAFF', 'CASSESQGVFF', 'CASSEVRNTEAFF', 'CASSEALRGNTEAFF'	7, 1, 1, 1, 1, 1, 1, 1, 1
TRBV2-1.TRBJ1-6	4	1.64571137041	0.822855685204	'CASSETEVWNSPLHF', 'CASSVEDPSPLHF', 'CASTRGAGNSPLHF', 'CASSEIFNYNSPLHF'	8, 6, 2, 1
TRBV2-1.TRBJ1-5	5	2.23592635063	0.962961064795	'CASSVEGSGQPQHF', 'CASSQGVGQPQHF', 'CASRGDREESNQPQHF', 'CASSEQHNQPQHF', 'CASSGEGGMYQPQHF'	2, 2, 1, 1, 1
TRBV2-1.TRBJ1-4	2	1.0	1.0	'CATQKGGQGSEKLFF', 'CASSEGVNEKLFF'	1, 1
TRBV5-5.TRBJ1-4	1	0.0	0	'CASSLKAGLTNEKLFF'	1
TRBV5-5.TRBJ1-5	3	0.6685644432	0.421817199395	'CASSLGTAPGQSYSNQPQHF', 'CASSQTGGQPQHF', 'CASSPGPNQPQHF'	14, 1, 1
TRBV5-5.TRBJ1-6	1	0.0	0	'CASSLITGGRAPLHF'	2
TRBV30-1.TRBJ2-3	3	1.5	0.946394630357	'CAWSFGLATDTQYF', 'CAWSVSRARTDTQYF', 'CAWSRGDSPDTQYF'	2, 1, 1
TRBV5-5.TRBJ1-1	8	1.47644968114	0.492149893714	'CASSFELRTEAFF', 'CASSLGPNTEAFF', 'CASSIMTGSSVTEAFF', 'CASSLARQGKTEAFF', 'CASSSTTGRAFF', 'CASSLGGNTEAFF', 'CASSLGPGLNTEAFF', 'CASSRRAQDTEAFF'	42, 7, 4, 1, 1, 1, 1, 1
TRBV5-5.TRBJ1-2	7	2.71929452567	0.968632253906	'CASSPPHTTGSGYTF', 'CASSIQGASDGYTF', 'CASSLYPYGYTF', 'CASSLHINYGYTF', 'CASSPGTYGYTF', 'CASSSPGQSNYGYTF', 'CASSLDADTLYGYTF'	3, 2, 2, 2, 2, 1, 1
TRBV5-5.TRBJ1-3	2	1.0	1.0	'CASRKGQIDTIYF', 'CASSSRQDYTIYF'	1, 1
TRBV5-5.TRBJ2-7	5	2.25	0.969022255665	'CASSIAWGGGSYEQYF', 'CASSFGNRAYEQYF', 'CASSLGVGRGYEQYF', 'CASSLDRRASYEQYF', 'CASSAHVGIEQYF'	2, 2, 2, 1, 1
TRBV30-1.TRBJ1-2	5	0.581559572805	0.25046407513	'CAWSLQGGYGYTF', 'CACPDGIYGYTF', 'CAWIHSGGARYTF', 'CAWGQGPTYTF', 'CAWSLQVGYGYTF'	54, 2, 1, 1, 1
TRBV30-1.TRBJ1-1	2	0.985228136034	0.985228136034	'CAWRRQGFGTEAFF', 'CAWRSRAGYTEAFF'	4, 3
TRBV5-5.TRBJ2-4	1	0.0	0	'CASSIDSTGEGNIQYF'	1
TRBV5-5.TRBJ2-3	6	1.94733879619	0.753333479942	'CASSTGYDMDTQYF', 'CASSLGLAGGSTQYF', 'CASPGGRSTDTQYF', 'CASSSIPGQASTDTQYF', 'CASSLRALPSTDTQYF', 'CATLAGTGITDTQYF'	7, 1, 1, 1, 1, 1
TRBV5-5.TRBJ2-2	2	1.0	1.0	'CASTLLWEDATTGELFF', 'CASRAGTGTGELFF'	1, 1
TRBV5-5.TRBJ2-1	6	0.228866513524	0.0885376532388	'CASSLVGELGQFF', 'CASSLSPGRNGEQFF', 'CASSLGPNNEQFF', 'CASSPALAGYEQFF', 'CASSPLAGGYNEQFF', 'CASSYGLALYNEQFF'	782, 13, 3, 3, 2, 1
TRBV30-1.TRBJ1-4	3	1.58496250072	1.0	'CAWRKRRGTATNEKLFF', 'CAWSVQFNEKLFF', 'CAWSTGTSVEKLFF'	1, 1, 1
TRBV20-1.TRBJ2-3	38	5.12409326632	0.976403209303	'CSAIRADTQYF', 'CSAYRATDTQYF', 'CSARDGRATGTSGEDTQYF', 'CSAYDRDRGQDTQYF', 'CSARVILVTDTQYF', 'CSASLGTDTQYF', 'CSAVASGLFTDTQYF', 'CSASAPRGHTDTQYF', 'CSARDSGQGTDTQYF', 'CSARLAGRVDTQYF', 'CSAPRTFGGPDTQYF', 'CSAREPDTYTDTQYF', 'CSARTDRKNTDTQYF', 'CSASTLQGYTDTQYF', 'CSARDSRGGVPDTQYF', 'CSAAGTSLSDTQYF', 'CSARAQGALADTQYF', 'CSARESTDTQYF', 'CSARVSADTQYF', 'CSAAGLGSDTQYF', 'CSATRLAGGASTDTQYF', 'CSARDLWLAGGRTDTQYF', 'CSATRGLAAPSTDTQYF', 'CSAPCGGDRADTQYF', 'CSAPSQGGQDTQYF', 'CSAPSGSTDTQYF', 'CSARLAASDTQYF', 'CSARGPYTDTQYF', 'CSAPRGGDRADTQYF', 'CSASALVSQGSTQYF', 'CSAPNKAVSTDTQYF', 'CSWSSGTDTQYF', 'CSATDAAEPTDTQYF', 'CSARRTSGPYTQYF', 'CSADSGTSHLDTQYF', 'CSALTSPTDTQYF', 'CSETGTSGGISSTDTQYF', 'CSAPSGPTDTQYF'	4, 3, 2, 1, 1, 1, 1, 1, 1, 1, 1, 1, 1, 1, 1, 1, 1, 1, 1, 1, 1, 1, 1, 1, 1, 1, 1, 1, 1, 1, 1, 1, 1, 1, 1, 1, 1, 1
TRBV6-8.TRBJ2-5	1	0.0	0	'CASSPPRAPEETQYF'	1
TRBV19-1.TRBJ2-7	21	3.4069642967	0.775664408731	'CASSLRTGGNSYEQYF', 'CASSIGHENYEQYF', 'CASSIGPRQYF', 'CASSMGPYEQYF', 'CASSPGLGTSGASSYEQYF', 'CASSPVEGTRYEQYF', 'CASSPYFGGSGYEQYF', 'CASSHSVSYEQYF', 'CASSLAGHAYEQYF', 'CASSIGQGISYEQYF', 'CASSIGGYEQYF', 'CASSIDAPGLAGVTYEQYF', 'CASSVPGLQYEQYF', 'CASTPTGGIYEQYF', 'CASSPWSDTYEQYF', 'CASTPRTGRNEQYF', 'CASSIDRLAGYEQYF', 'CASRDRSSYEQYF', 'CASSGTGGIYEQYF', 'CASSPGTSGAPEYEQYF', 'CATQAGTWEQYF'	21, 9, 3, 3, 2, 2, 2, 2, 1, 1, 1, 1, 1, 1, 1, 1, 1, 1, 1, 1, 1
TRBV19-1.TRBJ2-6	5	2.12808527889	0.9165164432	'CASTHRDSALSGANVLTF', 'CASSITPSDLSGANVLTF', 'CASSIRGGGSGANVLTF', 'CASTNGPISGANVLTF', 'CASSTTGVGANVLTF'	3, 1, 1, 1, 1
TRBV19-1.TRBJ2-5	9	3.16992500144	1.0	'CASSIDEAGQETQYF', 'CASSIGETQYF', 'CATMDRGTQYF', 'CASSTRLAEYQETQYF', 'CASSIGHQETQYF', 'CASSSRTGAETQYF', 'CASSIGAGGHQYF', 'CASRDLAGETQYF', 'CASSIDRGETQYF'	1, 1, 1, 1, 1, 1, 1, 1, 1
TRBV19-1.TRBJ2-4	4	1.5487949407	0.774397470348	'CASSTQQEQNIQYF', 'CASSIKLGPNIQYF', 'CASSREGGSIQYF', 'CASSIAADIQYF'	5, 1, 1, 1
TRBV19-1.TRBJ2-3	7	1.50239376905	0.5351634584	'CASSMAAAPADTQYF', 'CASGRELAGESTDTQYF', 'CASSIGQGGTDTQYF', 'CASSMASGVTDTQYF', 'CASSFMGRMARPRTDTQYF', 'CASSAQTGLRGATDTQYF', 'CASSPAGADDTQYF'	17, 1, 1, 1, 1, 1, 1
TRBV19-1.TRBJ2-2	14	3.63041266087	0.953526197372	'CASSMTGKGWTGELFF', 'CASSIKAGDTAGELFF', 'CASSTGTVNTGELFF', 'CASSVRGSRVGELFF', 'CASSISRDTGELFF', 'CASRDRVRSGELFF', 'CASSMNTANTGELFF', 'CASSDRDYDTGELFF', 'CASLGTANTGELFF', 'CASRSRVRTGELFF', 'CATKDINTGELFF', 'CASSTPVHLTGELFF', 'CASRLEGSGELFF', 'CASSIVRNTGELFF'	4, 2, 2, 2, 2, 1, 1, 1, 1, 1, 1, 1, 1, 1
TRBV19-1.TRBJ2-1	17	3.36307488587	0.822778094011	'CASSPQRSSYNEQFF', 'CASSIQGSSYNEQFF', 'CASSIDPGQEQFF', 'CASSPGLAGEQFF', 'CASRSPRLGNEQFF', 'CASSMTRGRRNNEQFF', 'CASSSPTWSSYNEQFF', 'CASSISSGDFFSSYNEQFF', 'CASSIFSAGSILNEQFF', 'CASSDRGTHNEQFF', 'CASSIAGRLSYNEQFF', 'CASSKHSGGATYNEQFF', 'CASSRTKSSYNEQFF', 'CASSMGGVPNNEQFF', 'CASSIQVQAYNEQFF', 'CASRTLQEQFF', 'CASSKRQFEAGEGSDEQFF'	12, 5, 2, 2, 1, 1, 1, 1, 1, 1, 1, 1, 1, 1, 1, 1, 1
TRBV6-9.TRBJ2-7	1	0.0	0	'CASSYPGRRPKQYF'	6
TRBV19-1.TRBJ1-4	6	1.69227186568	0.654660121844	'CASSETWGVGEKLFF', 'CASSILRQRNEKLFF', 'CASRWGADNEKLFF', 'CASWEGWIYNEKLFF', 'CASYSVLGSEKLFF', 'CASNSGAEDEKLFF'	10, 1, 1, 1, 1, 1
TRBV19-1.TRBJ1-5	20	3.68772240763	0.853258621308	'CASQRVGQPQHF', 'CASSMYGSSNQPQHF', 'CASSIGKQGVGQPQHF', 'CASSIPGRPNQPQHF', 'CASSTRLEQPQHF', 'CASRKTSAPNQPQHF', 'CASTTGAYSNQPQHF', 'CASSITGGWHQPQHF', 'CASSIPGGDNQPQHF', 'CASSITGAWSQPQHF', 'CASSLGTYSNQPQHF', 'CASSQVRDQPQHF', 'CASSTGQGTQPQHF', 'CASRKDRGPLGQPQHF', 'CASKNKGDTGPQHF', 'CASSISLASGGNQPQHF', 'CATLDRVGQPQHF', 'CASRRVGNSNQPQHF', 'CASSGRRGWDQPQHF', 'CASSPQGYSNQPQHF'	14, 5, 4, 4, 3, 3, 2, 2, 1, 1, 1, 1, 1, 1, 1, 1, 1, 1, 1, 1
TRBV19-1.TRBJ1-6	4	2.0	1.0	'CASSGGGTSPLHF', 'CASRRSVSSYNSPLHF', 'CASSISASYNSPLHF', 'CASTLMVGANSPLHF'	1, 1, 1, 1
TRBV19-1.TRBJ1-1	20	2.70326139853	0.625475792096	'CASSLQGSGTEAFF', 'CASSKPGSWEKAGEAFF', 'CASSPQTGVGAEAFF', 'CASSIGRDSRQWIDTEAFF', 'CASSKQGDEAFF', 'CASKIREGVAFF', 'CASSPQGEDTEAFF', 'CASSIANGAAFF', 'CASSIDGTAMNTEAFF', 'CASRGDPGHPNTEAFF', 'CASSIKLQGPLNTEAFF', 'CASSMGEAFF', 'CASSIDLSNWINTEAFF', 'CASRGWATEAFF', 'CASSPTRQVNTEAFF', 'CASSSGQGAGVAEAFF', 'CASSETGFGTEAFF', 'CASSGRGGPEAFF', 'CASSPRDSWAEAFF', 'CASSIDVSTEAFF'	34, 2, 2, 2, 2, 2, 1, 1, 1, 1, 1, 1, 1, 1, 1, 1, 1, 1, 1, 1
TRBV19-1.TRBJ1-2	19	2.71304275562	0.638674447017	'CASSIMRVTNYGYTF', 'CASSIGEVTYGYTF', 'CASSMGPGAYGYTF', 'CASSPQPGTDPYGYTF', 'CASSMGGNYGYTF', 'CASSIDGSHSGYGYTF', 'CASSRGVAVLNRGPIYGYTF', 'CASSISGQSYGYTF', 'CASSIAQVGGWDYGYTF', 'CASIGSDGYTF', 'CASSISMVEGYTF', 'CASSSPRDRFDGYTF', 'CASSISRGYGYTF', 'CASSLGLGGYTF', 'CASTPDRIYGYTF', 'CASSSEQGLYGYTF', 'CASSDTGTGPNYGYTF', 'CASSIRRTGGGGYTF', 'CASSIPPGRNYGYTF'	37, 5, 3, 3, 2, 2, 2, 1, 1, 1, 1, 1, 1, 1, 1, 1, 1, 1, 1
TRBV19-1.TRBJ1-3	7	2.75	0.979569764547	'CASSPGQAGNTIYF', 'CASSPPGTPLGDSGNTIYF', 'CASSMFAGVAGNTIYF', 'CASSITGNTIYF', 'CASSKFRTDFSGNTIYF', 'CASSIEGPSLSSGNTIYF', 'CASSIPTGAGNTIYF'	2, 1, 1, 1, 1, 1, 1
TRBV5-4.TRBJ1-5	1	0.0	0	'CASSLGPTNSNQPQHF'	3
TRBV5-4.TRBJ1-4	2	0.413816850304	0.413816850304	'CASSLAGGREKLFF', 'CASSLDPGTNEKLFF'	11, 1
TRBV5-4.TRBJ1-6	1	0.0	0	'CASSLITGGRAPLHF'	173
TRBV5-4.TRBJ1-1	6	2.52164063634	0.975503759006	'CASSFRAWTEAFF', 'CASSSKEAGGGGVAEAFF', 'CASSAWGGTNTEAFF', 'CASSLYRTNTEAFF', 'CASSLDRGYGTEAFF', 'CASSRTGAEAFF'	2, 1, 1, 1, 1, 1
TRBV5-4.TRBJ1-3	4	0.474676529679	0.237338264839	'CASSSRQDYTIYF', 'CASSAGTTGNTIYF', 'CASSLHTGTTGNTIYF', 'CASSLDSSGNTIYF'	66, 2, 2, 1
TRBV5-4.TRBJ1-2	11	2.95113462023	0.853069216439	'CASSRAGPSYGYTF', 'CASSLRSGAGYTF', 'CASSLSGDPNYGYTF', 'CASSLEQNYGYTF', 'CASSLAYNYGYTF', 'CATAGRGRSNGYTF', 'CASSSTTGLDYGYTF', 'CASSQWGGGTYGYTF', 'CASSLGDRGRLGGYTF', 'CASSLDRSHGYTF', 'CASSLARGTSQNYGYTF'	10, 4, 2, 2, 2, 3, 1, 1, 1, 1, 1
TRBV5-4.TRBJ2-6	1	0.0	0	'CASSLGQGPNVLTF'	1
TRBV5-4.TRBJ2-7	11	2.65288194962	0.766854860009	'CASSLDRRASYEQYF', 'CASSLDSSGRIYEQYF', 'CASRRGDEQYF', 'CASSLDPGSSYEQYF', 'CASSLDIEAYEQYF', 'CASSLDGSRDEQYF', 'CASSLGANEQYF', 'CASSLGLAGTYEQYF', 'CASSMASGGIEQYF', 'CASSLVSGGIYEQYF', 'CASSSGLTYEQYF'	18, 5, 4, 2, 2, 2, 2, 1, 1, 1, 1
TRBV5-4.TRBJ2-4	1	0.0	0	'CASSLEGAGIQYF'	1
TRBV5-4.TRBJ2-5	2	1.0	1.0	'CASSSGLAGETQYF', 'CASSLRTPKRETQYF'	1, 1
TRBV5-4.TRBJ2-2	10	3.07781953111	0.926516000106	'CASSLEGGYRELFF', 'CASSLARGQMNTGELFF', 'CASRWGTGELFF', 'CASSREGGLASTGELFF', 'CASSLGLKNTGELFF', 'CASSPKGAGSNTGELFF', 'CASSPDRENTGELFF', 'CASSLLASGNTGELFF', 'CASSLGGGTGELFF', 'CASSPKLGLAGALDGELFF'	4, 3, 2, 1, 1, 1, 1, 1, 1, 1
TRBV5-4.TRBJ2-3	10	3.32192809489	1.0	'CASSSGSGVTDTQYF', 'CASSPRGGGLGDTQYF', 'CASSWRGEDTQYF', 'CASSLWTGNTDTQYF', 'CASSTSTDTQYF', 'CASSLVGSADTQYF', 'CASSLKRASTNTQYF', 'CASSLRAGPSTDTQYF', 'CASSRDTDTQYF', 'CASSLGGQPDTQYF'	1, 1, 1, 1, 1, 1, 1, 1, 1, 1
TRBV5-4.TRBJ2-1	5	2.25162916739	0.969723899868	'CASSLVGELGQFF', 'CASSLEGTGNNEQFF', 'CASSLGGGLGAAENEQFF', 'CASSPGLAREQFF', 'CASSLVGSSYNEQFF'	2, 1, 1, 1, 1
TRBV18-1.TRBJ1-1	8	2.94770277922	0.982567593073	'CASSHGQGDTEAFF', 'CASSWGTGDSGNTEAFF', 'CASSPFQGQDTEAFF', 'CASSARTEAFF', 'CASSQNGQGNTEAFF', 'CASSMMNTEAFF', 'CASSPLWNRGLTLNTEAFF', 'CASSPRNTEAFF'	2, 1, 1, 1, 1, 1, 1, 1
TRBV18-1.TRBJ1-2	7	2.36957100386	0.844058221936	'CASSPPPGQGTGYGYTF', 'CASSLRQEDDGYTF', 'CASSPGQGLYGYTF', 'CASSPLDRGGGYTF', 'CASSPTGTSGGYTF', 'CASSPSRAETDGYTF', 'CASSSGTAGNYGYTF'	7, 4, 3, 1, 1, 1, 1
TRBV18-1.TRBJ1-5	5	2.25162916739	0.969723899868	'CASSLEEGQPQHF', 'CASSYDGDNQPQHF', 'CASSPGYRTGVNQPQHF', 'CASSPGPPDNQPQHF', 'CASSPRGSTTMGQGNQPQHF'	2, 1, 1, 1, 1
TRBV18-1.TRBJ1-6	3	1.58496250072	1.0	'CASSPLGNSPLHF', 'CASSKTGDPNSPLHF', 'CASSQTATLTRSYNSPLHF'	2, 2, 2
TRBV20-1.TRBJ2-4	2	1.0	1.0	'CSARDRMGRERNIQYF', 'CSARHLAKNIQYF'	1, 1
TRBV25-1.TRBJ2-7	4	1.92192809489	0.960964047444	'CASSESASGTWYEQYF', 'CASSGVAGDEQYF', 'CASRPDNGYEQYF', 'CASSWDRGSSEQYF'	2, 1, 1, 1
TRBV6-5.TRBJ2-2	3	1.58496250072	1.0	'CASSIMGAGELFF', 'CASSYGAGELFF', 'CASTRYGTNTGELFF'	1, 1, 1
TRBV6-5.TRBJ2-3	5	2.19715972342	0.946265187222	'CASSRREVLDTQYF', 'CASSYHSPLAAGTDTQYF', 'CASSYLRGTDTQYF', 'CASSSQGPDTQYF', 'CASSGSREVSDTQYF'	3, 2, 2, 1, 1
TRBV6-5.TRBJ2-5	5	2.12808527889	0.9165164432	'CASSYSLSGRGGETQYF', 'CASSFRKGTQYF', 'CATWKDRADQYF', 'CASRGGLAFGTQYF', 'CASARGGLSETQYF'	3, 1, 1, 1, 1
TRBV18-1.TRBJ2-2	5	2.15563906223	0.92838321177	'CASSPGQGAYGELFF', 'CASSVANPGELFF', 'CASSPIFTGELFF', 'CASSPEPRGLGELFF', 'CASSPTGVTGELFF'	3, 2, 1, 1, 1
TRBV18-1.TRBJ2-3	3	1.58496250072	1.0	'CASSPALRGQGWADTQYF', 'CASSPLLPGVGTDTQYF', 'CASSPETGTIRTDTQYF'	1, 1, 1
TRBV18-1.TRBJ2-1	4	1.6644977792	0.8322488896	'CASSLPAHPQFF', 'CASSLNRGTDVDNEQFF', 'CASSPQGDTREQFF', 'CASSPGLALDNEQFF'	4, 1, 1, 1
TRBV18-1.TRBJ2-6	1	0.0	0	'CASSPDGPGHAGANVLTF'	1
TRBV18-1.TRBJ2-7	13	3.53517456564	0.955339050196	'CASSPAGTGDYEQYF', 'CASSPLAGTETYEQYF', 'CASSPSSGGYEQYF', 'CASSPGLAGAEQYF', 'CASSSSSEYEQYF', 'CASSPEGTSGNVRYF', 'CASSPLRCRVSYEQYF', 'CASSQPPSGTPVEQYF', 'CASSPPAEPYEQYF', 'CASSPGVGSYEQYF', 'CASSVRDRAYEQYF', 'CASSPRQSLYEQYF', 'CASSPAGGQREQYF'	4, 2, 2, 2, 2, 1, 1, 1, 2, 1, 1, 1, 1
TRBV18-1.TRBJ2-4	1	0.0	0	'CASSAARDSKNIQYF'	1
TRBV18-1.TRBJ2-5	6	2.41938194565	0.935944697446	'CASSPDGHQETQYF', 'CASSPTQETQYF', 'CASSGGETQYF', 'CASSPPSSSGEVETQYF', 'CASSPRETQYF', 'CASSRAGQETQYF'	3, 2, 1, 1, 1, 1
TRBV6-5.TRBJ2-7	12	3.45281953111	0.963139650811	'CASRGSYEQYF', 'CASSLDGQDRNEQYF', 'CASSYKPAYEQYF', 'CASSEGQGTTYEQYF', 'CASRPMTSAYEQYF', 'CASSLSITYEQYF', 'CASSYSLGPGVGEQYF', 'CARAHRGLSEQYF', 'CASSKRQGDPYEQYF', 'CASSYLGTGGYEQYF', 'CASSPYRGADEQYF', 'CASRSLRTTGHEQYF'	3, 2, 2, 1, 1, 1, 1, 1, 1, 1, 1, 1
TRBV29-1.TRBJ1-1	8	2.92192809489	0.973976031629	'CSVGGWDTEAFF', 'CSVGGRRVNTEAFF', 'CSGNRGQGVTEAFF', 'CSVEAQGETNTEAFF', 'CSVGQEMNTEAFF', 'CSVLVNTEAFF', 'CSVGGGSGTEAFF', 'CSVDRQGLTEAFF'	2, 2, 1, 1, 1, 1, 1, 1
TRBV5-6.TRBJ1-3	1	0.0	0	'CASELRRSSGNTIYF'	1
TRBV29-1.TRBJ1-3	3	1.58496250072	1.0	'CSVLDRESLAGNTIYF', 'CSAQRGSGNTIYF', 'CSVRRGSGNTIYF'	1, 1, 1
TRBV29-1.TRBJ1-2	4	1.92192809489	0.960964047444	'CSVRSADLPTF', 'CSGADRDYGYTF', 'CSVEGGFPGPFYGYTF', 'CSVGQGQTNYGYTF'	2, 1, 1, 1
TRBV29-1.TRBJ1-5	4	1.6644977792	0.8322488896	'CSVKFLQGADQPQHF', 'CSVLTGAINQPQHF', 'CSCTGTDSNQPQHF', 'CSATTGGEPQHF'	4, 1, 1, 1
TRBV29-1.TRBJ1-4	5	2.25162916739	0.969723899868	'CSVKGATNEKLFF', 'CSAAEGGGLEKLFF', 'CSVEASQEKLFF', 'CSGARATNEKLFF', 'CSVEAGSGEKLFF'	2, 1, 1, 1, 1
TRBV29-1.TRBJ2-2	4	1.79248125036	0.89624062518	'CSSTGTSASNTGELFF', 'CSVGVAGVTGELFF', 'CSVTQGPTNTGELFF', 'CSVEEHLNTGELFF'	3, 1, 1, 1
TRBV29-1.TRBJ2-3	9	2.93120894891	0.924693469901	'CSVDDRGDTQYF', 'CSVEEGTITDTQYF', 'CSVEGVTGGPEGTDTQYF', 'CSVASTDTQYF', 'CSVVGQGLAGTITDTQYF', 'CSVDSPAGDTQYF', 'CSTKIAGVTDTQYF', 'CSARTGADTQYF', 'CSAGVSNTDTQYF'	4, 2, 1, 1, 1, 1, 1, 1, 1
TRBV29-1.TRBJ2-1	14	2.53801161162	0.666607569711	'CSVPGPHEQFF', 'CSVGQGAGEQFF', 'CSNRLAGPWGNEQFF', 'CSVEYHRETSVLEQFF', 'CSVTSGAYNEQFF', 'CSVERGNEQFF', 'CSVEDRREFNNEQFF', 'CSVVRRGATNEQFF', 'CSPPVVGNEQFF', 'CSGTVSYNEQFF', 'CSVRTPSSYNEQFF', 'CSVRTSGLSYNEQFF', 'CSVAGFSSYNEQFF', 'CSSGLDNEQFF'	19, 2, 1, 1, 1, 1, 1, 1, 1, 1, 1, 1, 1, 1
TRBV29-1.TRBJ2-6	1	0.0	0	'CSVAVSGANVLTF'	2
TRBV29-1.TRBJ2-7	6	2.12472038105	0.821954043998	'CSVERAPGEQYF', 'CSVVSGVYEQYF', 'CSAGQSYEQYF', 'CSVVSGSGVYEQYF', 'CSVGPGSYEQYF', 'CSVQQSMGYEQYF'	24, 9, 8, 5, 3, 2
TRBV29-1.TRBJ2-5	2	1.0	1.0	'CSVVSRGLQETQYF', 'CSVESGVETQYF'	1, 1
TRBV6-1.TRBJ2-7	21	4.10959592323	0.935632725886	'CASSPRRLAYEQYF', 'CASSEVGGGPYEQYF', 'CASSEAGQGSPYEQYF', 'CASSESGELDEQYF', 'CASSEVRGAYEQYF', 'CASSKDSGRVGVQYF', 'CASSPMPSSGYEQYF', 'CASSDGGSFSYEQYF', 'CASLAVNEQYF', 'CASSWGSQQYF', 'CASSEPGYEQYF', 'CASKAAGSNEQYF', 'CASSRDRAYEQYF', 'CASSDRGYEQYF', 'CASSLHDKGTPLYF', 'CASSGRDRVNEQYF', 'CASSEVVGGGTYEQYF', 'CASTESGAYSYEQYF', 'CASSLGGGESDEQYF', 'CASSEWDRGRYEQYF', 'CASRVGLAVVYEQYF'	6, 5, 4, 3, 2, 2, 2, 2, 2, 2, 2, 1, 1, 1, 1, 1, 1, 1, 1, 1, 1
TRBV5-6.TRBJ1-5	3	1.58496250072	1.0	'CASSFSGGMGQPQHF', 'CASSYRGDWDQPQHF', 'CASSVVNQPQHF'	1, 1, 1
TRBV20-1.TRBJ1-5	13	3.61436944589	0.976740528475	'CSARVRGQPQHF', 'CSAQPDRAGNQPQHF', 'CSASDGTDNQPQHF', 'CSAVTRPNQPQHF', 'CSARPAGSNQPQHF', 'CSASEGYSNQPQHF', 'CSARDSKIGGNQPQHF', 'CSAAYPRGRNQPQHF', 'CSARDYTLDNQPQHF', 'CSASGGKANQPQHF', 'CSARETGAAQPQHF', 'CSANRHSNQPQHF', 'CSATSRGNQPQHF'	2, 2, 2, 2, 2, 1, 1, 1, 1, 1, 1, 1, 1
TRBV15-1.TRBJ1-1	6	2.40563906223	0.930628224417	'CATSRQPNTEAFF', 'CATSRDVGLVRAEAFF', 'CATSREWESTEAFF', 'CATSRDGGGARRAFF', 'CATSRDYLTSAEAFF', 'CATSLGQNTEAFF'	3, 1, 1, 1, 1, 1
TRBV15-1.TRBJ1-2	2	0.918295834054	0.918295834054	'CATSRKRADGYTF', 'CATSRVHPGQAHYGYTF'	2, 1
TRBV15-1.TRBJ1-3	1	0.0	0	'CATSREPGPGNTIYF'	1
TRBV15-1.TRBJ1-4	2	0.918295834054	0.918295834054	'CATTRGLDNEKLFF', 'CATSGDFKTTNEKLFF'	2, 1
TRBV15-1.TRBJ1-5	1	0.0	0	'CATSRDGTGGSNQPQHF'	6
TRBV15-1.TRBJ1-6	2	0.918295834054	0.918295834054	'CATSRENSPLHF', 'CATSGPGQGNSPLHF'	2, 1
TRBV4-3.TRBJ1-3	1	0.0	0	'CASSLGSVRNTIYF'	1
TRBV7-8.TRBJ1-2	3	1.5	0.946394630357	'CASSLVSNYGYTF', 'CASSPSGDSLSGSYGYTF', 'CASSLGFRDYGYTF'	2, 1, 1
TRBV7-8.TRBJ1-1	6	2.52164063634	0.975503759006	'CASSLEVAQSNTEAFF', 'CASSLIFGRPGTEAFF', 'CASSLWGDTEAFF', 'CASSLSRMNTEAFF', 'CASSSDRVGNTEAFF', 'CASSLVGMNTEAFF'	2, 1, 1, 1, 1, 1
TRBV4-3.TRBJ1-5	2	1.0	1.0	'CASSQEADSNQPQHF', 'CASSLRRGTNQPQHF'	1, 1
TRBV3-1.TRBJ2-5	5	2.32192809489	1.0	'CASSQGGWQETQYF', 'CASSREGRQETQYF', 'CASSLTPPPRTQYF', 'CASSQDNPTALQETQYF', 'CASSPHPTSQETQYF'	1, 1, 1, 1, 1
TRBV3-1.TRBJ2-4	1	0.0	0	'CASSQGRLNIQYF'	1
TRBV3-1.TRBJ2-7	16	3.79621760259	0.949054400648	'CASSPRTGYAEQYF', 'CASSQVHPAGVMPYEQYF', 'CASSRPGLAGAEQYF', 'CASLGDRADEQYF', 'CASSQVGEQYF', 'CASSQVNGPYEQYF', 'CASIGSSGGYYEQYF', 'CASSSYHPFVLDEQYF', 'CASSQPGQYPYEQYF', 'CASSARVHFVLDEQYF', 'CASSRGLAPYEQYF', 'CASSPPSGMGVYEQYF', 'CASSQEQGAGYEQYF', 'CASSLGPQAIREQYF', 'CASSQVGTGLIEQYF', 'CASSHPSDGEQYF'	4, 3, 2, 3, 2, 2, 1, 1, 1, 1, 1, 1, 1, 1, 1, 1
TRBV4-3.TRBJ1-4	5	1.87025381643	0.805474476384	'CASSPLSGTGNEKLFF', 'CASSQGQVGEKLFF', 'CASSQEVGTNEKLFF', 'CASSHLGQSNEKLFF', 'CASSQELSEKLFF'	6, 5, 1, 1, 1
TRBV3-1.TRBJ2-1	14	3.75	0.984935756389	'CASSRLAGAQDEQFF', 'CASSQDGRVMLNEQFF', 'CASSQLVGGDEQFF', 'CASSLKPSGRYSSYNEQFF', 'CASSPLFASGKYNEQFF', 'CASRKGGDHYNEQFF', 'CASSPRLGTKSYNEQFF', 'CASSQKGLAVLEQFF', 'CASTTAGADNEQFF', 'CASSQGYYNEQFF', 'CASSHRLAGGPNEQFF', 'CASSQENYDGPFNEQFF', 'CASSQGLAGISSYNEQFF', 'CASSQDETSAEQFF'	2, 2, 1, 1, 1, 1, 1, 1, 1, 1, 1, 1, 1, 1
TRBV3-1.TRBJ2-3	17	1.68459725727	0.412137632242	'CASSQDGGGRDTQYF', 'CASSRTSGGPDTQYF', 'CASSQEGGGGDTQYF', 'CASSQGQGGDTQYF', 'CASSQDSIVGDTQYF', 'CASSLRTLQDTQYF', 'CASSHGSTDTQYF', 'CASSSTSGGGTDTQYF', 'CASSQAEAAHTDTQYF', 'CASSPPLIAGVQYF', 'CASSQAGPDTQYF', 'CASSFQGGDTQYF', 'CASSSLGSGDTQYF', 'CASTQGASDTQYF', 'CASSIGTSGGSIGTDTQYF', 'CASRPQLAVLTDTQYF', 'CASSQEIGGGAGEVYTQYF'	74, 7, 2, 2, 1, 1, 1, 1, 1, 1, 1, 1, 1, 1, 1, 1, 1
TRBV3-1.TRBJ2-2	7	2.22321967234	0.791926825806	'CASSHLGELFF', 'CASGSRTGPGELFF', 'CASSQGWGDTGELFF', 'CASSRRSGGGELFF', 'CASSQDGGPVANTGELFF', 'CASSGGLGTGELFF', 'CASSQVDREDTGELFF'	10, 3, 2, 2, 1, 1, 1
TRBV3-1.TRBJ1-6	2	0.650022421648	0.650022421648	'CASSQATPDRGNSPLHF', 'CASSPQGAGNSPLHF'	5, 1
TRBV13-1.TRBJ2-4	1	0.0	0	'CASSSWGKNIQYF'	1
TRBV3-1.TRBJ1-4	3	1.45914791703	0.920619835714	'CASSQAEGELFF', 'CASSPLGPRRTNEKLFF', 'CASSDDREGEKLFF'	3, 2, 1
TRBV3-1.TRBJ1-5	8	2.58205991058	0.86068663686	'CASSHYGTGQPQHF', 'CASSPKPTGDQPQHF', 'CASSPGGDQPQHF', 'CASRGKRDRGNQPQHF', 'CASSHYGTSQPQHF', 'CASSQDLGQPQHF', 'CASSQDQGQPQHF', 'CASSQGFPHQPQHF'	7, 4, 2, 2, 1, 1, 1, 1
TRBV3-1.TRBJ1-2	9	3.10188122348	0.978534577968	'CASSQVTGHYGYTF', 'CASSRPGTVSNYGYTF', 'CASSLGQGYGYTF', 'CASRPGRPVWDYGYTF', 'CASSRNSGELTGGYTF', 'CASSQARAVGYTF', 'CASSQVAGDGYTF', 'CASSPRTGSHGYTF', 'CASSQGPGFSGYTF'	3, 2, 2, 2, 2, 2, 2, 1, 1
TRBV3-1.TRBJ1-3	1	0.0	0	'CASSHWAGNTIYF'	2
TRBV13-1.TRBJ2-3	2	1.0	1.0	'CASSLGSSTDTQYF', 'CASSFSGIAGADTQYF'	1, 1
TRBV3-1.TRBJ1-1	9	2.68732306847	0.84775604068	'CASSQRHTEAFF', 'CASRKGASTEAFF', 'CASSQGFSSEAFF', 'CASSRPGQEAFF', 'CASSQGKARNTEAFF', 'CASSFGQPYTEAFF', 'CASSHLTAEAFF', 'CASSPTRSEAFF', 'CASSPWGAARTNTEAFF'	7, 4, 2, 1, 1, 1, 1, 1, 1
TRBV13-1.TRBJ1-2	1	0.0	0	'CASTLDRAGGYTF'	1
TRBV13-1.TRBJ1-3	1	0.0	0	'CASSFRERGNTIYF'	2
TRBV13-1.TRBJ1-1	4	1.79248125036	0.89624062518	'CASSKETEAFF', 'CASTLAQMNTEAFF', 'CASSVPDRVGVTEAFF', 'CASSSESEAFF'	3, 1, 1, 1
TRBV15-1.TRBJ2-3	3	1.58496250072	1.0	'CATSLGLADTQYF', 'CATSSTGTGRNTQYF', 'CATRRGGTDTQYF'	1, 1, 1
TRBV15-1.TRBJ2-2	2	0.811278124459	0.811278124459	'CATSRVRATGELFF', 'CATSSKANTGELFF'	3, 1
TRBV15-1.TRBJ2-1	7	0.491333226276	0.175016426465	'CATSREYGPNNEQFF', 'CATSGGTGDNEQFF', 'CATSRDTASIEQFF', 'CATGRLSLHEQFF', 'CATSRGTGDNEQFF', 'CATSRDLAGASNEQFF', 'CATSGPAGATSYNEQFF'	106, 2, 1, 1, 1, 1, 1
TRBV15-1.TRBJ2-7	4	1.91829583405	0.959147917027	'CATSRDRGGLAGGYEQYF', 'CATSRDPRGYEQYF', 'CATSSHSGGGPDEQYF', 'CATGVDRGSNEQYF'	2, 2, 1, 1
TRBV15-1.TRBJ2-6	2	0.811278124459	0.811278124459	'CATSRDRRSGANVLTF', 'CATSPREGVGANVLTF'	3, 1
TRBV15-1.TRBJ2-5	3	1.5	0.946394630357	'CATSRGTGTSGEETQYF', 'CATSRDRTGAETQYF', 'CATSRDPGGQETQYF'	2, 1, 1
TRBV15-1.TRBJ2-4	2	0.811278124459	0.811278124459	'CATSSNDESKNIQYF', 'CATQRGQRNIQYF'	3, 1
TRBV10-1.TRBJ1-1	3	1.5	0.946394630357	'CASSAGRPNTEAFF', 'CASSAGLDTEAFF', 'CASSRNRGDAEAFF'	2, 1, 1
TRBV5-8.TRBJ1-1	2	0.684038435639	0.684038435639	'CASSLVSKVAFF', 'CASSLVPGTEAFF'	9, 2
TRBV10-1.TRBJ2-3	3	1.58496250072	1.0	'CASSESGSWDTQYF', 'CASSEYASGGTDTQYF', 'CASSVSGTGVTDTQYF'	1, 1, 1
TRBV5-8.TRBJ1-2	2	1.0	1.0	'CASSFPELPEQHTF', 'CASSLTSRYTF'	2, 2
TRBV5-8.TRBJ1-4	1	0.0	0	'CASSLYGSLEEKLFF'	2
TRBV10-1.TRBJ2-5	2	0.918295834054	0.918295834054	'CASSDPGEETQYF', 'CATSRGSEETQYF'	2, 1
TRBV7-9.TRBJ2-3	10	3.25162916739	0.97883791416	'CASSLGLGGGHRTDTQYF', 'CASSLVIGWGTDTQYF', 'CASSPGTSGSTDTQYF', 'CASSLHRGYTDTQYF', 'CASMQDGGLTDTQYF', 'CASSVITDTQYF', 'CASSDTSGGVSTDTQYF', 'CASSLGLERHRRYTDTQYF', 'CASGNQAGTQYF', 'CASSLAQGAGTDTQYF'	2, 2, 1, 1, 1, 1, 1, 1, 1, 1
TRBV11-3.TRBJ2-1	7	2.725480557	0.970835762726	'CASSPGGGGEQFF', 'CASSFSGLNNEQFF', 'CASSLDDREQFF', 'CASSFSGEAYNEQFF', 'CASSLGPGQGNEQFF', 'CASTSPPGTALYNEQFF', 'CASSSTPGTSGKHSYNEQFF'	2, 2, 1, 1, 1, 1, 1
TRBV5-8.TRBJ2-3	1	0.0	0	'CASSLQGTDTQYF'	1
TRBV11-3.TRBJ2-3	5	2.15563906223	0.92838321177	'CASSFEGGTDTQYF', 'CASSPNDYSTQYF', 'CASSFRRPTDTQYF', 'CASSLGQSTDTQYF', 'CASSFRGPTDTQYF'	3, 2, 1, 1, 1
TRBV5-8.TRBJ2-1	2	1.0	1.0	'CASSLGVQGYNEQFF', 'CASSLVSGRGYNEQFF'	1, 1
TRBV11-3.TRBJ2-5	3	1.58496250072	1.0	'CASSPGPALGEETQYF', 'CASSPGTSGAQETQYF', 'CASSFGRETQYF'	1, 1, 1
TRBV5-8.TRBJ2-7	2	0.918295834054	0.918295834054	'CASKVPQEYEQYF', 'CASSRGAGGYEQYF'	2, 1
TRBV11-3.TRBJ2-7	1	0.0	0	'CASRSSYEQYF'	13
TRBV11-3.TRBJ2-6	1	0.0	0	'CASSPRRDRQSRANVLTF'	1
TRBV11-3.TRBJ1-2	1	0.0	0	'CASSSQGWYGYTF'	14
TRBV11-3.TRBJ1-1	1	0.0	0	'CASSKGGAGNTEAFF'	1
TRBV12-2.TRBJ2-7	2	0.30954342915	0.30954342915	'CASGAGTGVTDEQYF', 'CASRPTPSGNFPYEQYF'	17, 1
TRBV12-2.TRBJ2-5	1	0.0	0	'CASRFNVSTTYQETQYF'	1
TRBV12-2.TRBJ2-3	1	0.0	0	'CASRFNGTSGATDTQYF'	1
TRBV5-1.TRBJ1-1	14	3.69011651759	0.969207387579	'CASSTRGGYTEAFF', 'CASSIGQGLTEAFF', 'CASSPDREWSEAFF', 'CASSRGWEEGTEAFF', 'CASSLSTTGNEAFF', 'CASSAGQGWDTEAFF', 'CASSSNRDSRAFF', 'CASSLGGTEAFF', 'CASSEQGADTEAFF', 'CASSLAGGGANTEAFF', 'CASRGQGSTEAFF', 'CASSLEGQELFF', 'CASSATGLNTEAFF', 'CASSPRGGRGTEAFF'	3, 2, 1, 1, 1, 1, 1, 1, 1, 1, 1, 1, 1, 1
TRBV5-1.TRBJ1-2	13	2.9898931484	0.807983206359	'CASSSGDRGIDGYTF', 'CASSPSPGGASGGYTF', 'CASSLVPGDYGYTF', 'CASSLEGGVFYGYTF', 'CASSSGQGYGYTF', 'CASSLDRGYGYTF', 'CASSPFAETPSGYTF', 'CASRPGHYGYGYTF', 'CASRVEGVYGYTF', 'CASSWGLAGAIDGYTF', 'CASSLDGTYGYTF', 'CASSLGRSMMGGYTF', 'CASSLGWGARGYTF'	15, 13, 7, 4, 3, 2, 2, 2, 1, 1, 1, 1, 1
TRBV5-1.TRBJ1-3	7	2.55034070955	0.908449690315	'CASSKDSNSGNTIYF', 'CASSLVGPYSGNTIYF', 'CASSLEDFSGNTIYF', 'CASSAGSVSGNTIYF', 'CASSRGQGGNTIYF', 'CASSFTGTGSGNTIYF', 'CASSMGQSFGNTIYF'	4, 2, 1, 1, 1, 1, 1
TRBV5-1.TRBJ1-4	9	2.89629152905	0.913678250346	'CASSAEKSGKLFF', 'CASSLGTQGEKLFF', 'CASSLPGPGVKLFF', 'CASSLGGRGSSNEKLFF', 'CASSLLGQGNEKLFF', 'CASSLVGATNEKLFF', 'CASSSTGDNEKLFF', 'CASSLVVGTGEKLFF', 'CASSKGLTEKLFF'	4, 3, 1, 1, 1, 1, 1, 1, 1
TRBV5-1.TRBJ1-5	7	2.6635327548	0.948769510359	'CASSLGAVRADSPQHF', 'CASSPDGAYQPQHF', 'CASSLGDSNNQPQHF', 'CASSLRGRRGRRDNQPQHF', 'CASSLDGESNQPQHF', 'CASSTDRERGQPQHF', 'CASSLDSNQPQHF'	3, 2, 2, 1, 1, 1, 1
TRBV5-1.TRBJ1-6	3	1.40563906223	0.886859507143	'CASSSGAYSYNSPLHF', 'CASSSLGRINSPLHF', 'CASSLEGNNSPLHF'	4, 3, 1
TRBV3-1.TRBJ2-6	1	0.0	0	'CASSLRGPGANVLTF'	1
TRBV5-1.TRBJ2-3	18	4.06148218672	0.97399406112	'CASSLGLAGVDSTDTQYF', 'CATSWSLADSGDTQYF', 'CASSLWERSTDTQYF', 'CASSLTGGDTQYF', 'CASSLGGRSGTDTQYF', 'CASSFGGVADTQYF', 'CASSLATGTHTDTQYF', 'CASSGGSTDTQYF', 'CASSLSGGITDTQYF', 'CASSLTSGKNTDTQYF', 'CASSFDSTDTQYF', 'CASSFKISDTQYF', 'CASSPGLAGGRADTQYF', 'CASSRASGGSDTQYF', 'CASSLGQRTTDTQYF', 'CASSAFGDTQYF', 'CASSLEGRTQYF', 'CASSRLGTGRADTQYF'	3, 2, 2, 1, 1, 1, 1, 1, 1, 1, 1, 1, 1, 1, 1, 1, 1, 1
TRBV5-1.TRBJ2-2	12	3.17081816305	0.884477358524	'CASSFKSGTSANTGELFF', 'CASSFFLSGELFF', 'CASSLAGDPTGELFF', 'CASSSPGAGWTGELFF', 'CASSLGSPNTGELFF', 'CASSPEESTGTGGVGELFF', 'CASSLSHLSDGLTGELFF', 'CASSLDGDTGELFF', 'CASTAGTTDGELFF', 'CASSLGQYTGELFF', 'CASSFYSVNTGELFF', 'CASTRASSANTGELFF'	7, 2, 2, 2, 1, 1, 1, 1, 1, 1, 1, 1
TRBV5-1.TRBJ2-1	22	3.42612456733	0.768287275224	'CASSFSGQGVDEQFF', 'CASSPILSSYNEQFF', 'CASSQLQPGQPFNEQFF', 'CASRTLAGAPSNEQFF', 'CASSLATEGDEQFF', 'CASSDARVGGEDYEQFF', 'CASSVADRGNEQFF', 'CASSGDRDYPNNEQFF', 'CASSLSWLASENEQFF', 'CASSLLGNSYNEQFF', 'CASSLSFVSSYNEQFF', 'CASSLGLAGNNEQFF', 'CASSSGSYNEQFF', 'CASSPEASNEQFF', 'CASSLDAAGGLRQFF', 'CASSPGLAGADEQFF', 'CASSPTSGRSNEQFF', 'CASSTSGSSYNEQFF', 'CASSLPTGTRTNEQFF', 'CASSFLDYNEQFF', 'CASMERTGDGNEQFF', 'CASSFGGDNEQFF'	19, 3, 1, 2, 1, 1, 1, 1, 1, 1, 1, 1, 1, 2, 1, 1, 1, 1, 1, 1, 1, 1
TRBV5-1.TRBJ2-7	19	4.02771901592	0.948160956884	'CASRTGTYTSYEQYF', 'CASSLEGNEQYF', 'CASSKVGFDEQYF', 'CASSLDGLALEQYF', 'CASSLAGDRAYEQYF', 'CASSLDSTGYEQYF', 'CASTGGTYEQYF', 'CASSLTGRSHEQYF', 'CASSLTDQYEQYF', 'CASSPRGTRGSEQYF', 'CASSLARGQAYYEQYF', 'CASSSPNRDEGSYEQYF', 'CASSPRDRVGEQYF', 'CASSPGTSDEQYF', 'CASSWTSGRLSSYEQYF', 'CASSLEAGRSYEQYF', 'CASSSRLGDEQYF', 'CASSLVGGSYEQYF', 'CASSSSVASYEQYF'	5, 4, 3, 3, 2, 2, 2, 2, 2, 2, 1, 1, 1, 1, 1, 1, 1, 1, 1
TRBV5-1.TRBJ2-6	1	0.0	0	'CASSYNSGGYGANVLTF'	1
TRBV5-1.TRBJ2-5	24	4.04801278349	0.882888962092	'CASSLAAQETQYF', 'CASSLDKGNRGAQYF', 'CASSFNRAPRETQYF', 'CASSSGLAGGQTQYF', 'CASSRSKGEETQYF', 'CASSLGETQYF', 'CASSLGTDQETQYF', 'CASSLGPGTKETQYF', 'CASSLLYQETQYF', 'CASSFSGRSETQYF', 'CASSPQGTSGDFFTQETQYF', 'CASSLQTSRETQYF', 'CASSLMWGPQETQYF', 'CASSLGQGVEETQYF', 'CASSLGGLGAETQYF', 'CASSLSGNQETQYF', 'CASSLVGGGRETQYF', 'CASSLGDSRGETQYF', 'CASSLNGAPQETQYF', 'CASSPSQGTETQYF', 'CASSLGSGEETQYF', 'CASSPEGDRGTETQYF', 'CASTGTEETQYF', 'CASSPSPSLWGLAGGTETQYF'	9, 6, 5, 5, 3, 3, 1, 1, 1, 1, 1, 1, 1, 1, 1, 1, 1, 1, 1, 1, 1, 1, 1, 1
TRBV5-1.TRBJ2-4	1	0.0	0	'CASSPRGQGIQYF'	1
TRBV16-1.TRBJ1-5	2	1.0	1.0	'CASSQLGTGYSNQPQHF', 'CASSPRDFNQPQHF'	1, 1
TRBV13-1.TRBJ2-5	1	0.0	0	'CASSRTSGGVKETQYF'	1
TRBV13-1.TRBJ2-7	2	0.918295834054	0.918295834054	'CASSPRAGTGEYEQYF', 'CASSSGTERHF'	2, 1
TRBV13-1.TRBJ2-1	1	0.0	0	'CASSLGPSGRHEQFF'	2
TRBV11-1.TRBJ1-2	1	0.0	0	'CASSQMGGQGSIGYTF'	15
TRBV11-1.TRBJ2-7	1	0.0	0	'CASSPNRDRDYEQYF'	1
TRBV11-1.TRBJ2-3	1	0.0	0	'CASSSTSGSTDTQYF'	1
TRBV11-1.TRBJ2-2	1	0.0	0	'CASSSDRPGTRTGELFF'	1
